start_unix,peak_unix,end_unix,peak_cps,background_cps,excess_sigma,duration_s,rise_s,decay_s,detector,instrument
1707700732.0,1707700984.0,1707701033.0,84.0,52.45391194171682,19.24459202308329,301.0,252.0,49.0,SDD2,solexs
1707701894.0,1707702560.0,1707704147.0,331.0,82.06366803927779,124.23853003643863,2253.0,666.0,1587.0,SDD2,solexs
1707704923.0,1707704934.0,1707705265.0,112.0,71.48173371344103,21.0771760898646,342.0,11.0,331.0,SDD2,solexs
1707708649.0,1707709669.0,1707713490.0,4835.0,91.84716503009184,2620.5377496919596,4841.0,1020.0,3821.0,SDD2,solexs
1707716994.0,1707717256.0,1707718830.0,427.0,56.71940660965051,225.4235120272729,1836.0,262.0,1574.0,SDD2,solexs
1707722108.0,1707722173.0,1707722392.0,86.0,52.68076232710379,20.530508078665665,284.0,65.0,219.0,SDD2,solexs
1707727217.0,1707727437.0,1707727974.0,123.0,63.55780804561292,33.51901115374179,757.0,220.0,537.0,SDD2,solexs
1707735744.0,1707736369.0,1707738369.0,174.0,84.13335445042762,53.06129024345006,2625.0,625.0,2000.0,SDD2,solexs
1707741590.0,1707743217.0,1707745048.0,596.0,98.90988280012671,192.1377283529154,3458.0,1627.0,1831.0,SDD2,solexs
1707748027.0,1707748136.0,1707748632.0,188.0,95.11508816386865,42.6615120382645,605.0,109.0,496.0,SDD2,solexs
1707748979.0,1707749029.0,1707749173.0,161.0,103.85392250026396,25.35170704761935,194.0,50.0,144.0,SDD2,solexs
1707752181.0,1707752826.0,1707754913.0,769.0,194.22875092387287,215.1954617242636,2732.0,645.0,2087.0,SDD2,solexs
1707757328.0,1707757533.0,1707758170.0,279.0,186.3532361946996,30.220753968553367,842.0,205.0,637.0,SDD2,solexs
1707759245.0,1707759320.0,1707760088.0,258.0,153.3756731073804,36.98606936520599,843.0,75.0,768.0,SDD2,solexs
1707762641.0,1707764053.0,1707764570.0,320.0,165.89298912469644,48.60636193025788,1929.0,1412.0,517.0,SDD2,solexs
1707765310.0,1707765811.0,1707766305.0,292.0,198.05791363108438,29.85238947990935,995.0,501.0,494.0,SDD2,solexs
1707768020.0,1707772607.0,1707780101.0,1783.0,328.23207686622317,207.20903401335673,12081.0,4587.0,7494.0,SDD2,solexs
1710374401.0,1710374456.0,1710377601.0,298.0,52.82842360891142,114.38419494078848,3200.0,55.0,3145.0,SDD2,solexs
1710382239.0,1710382495.0,1710383761.0,200.0,27.343152782177178,151.10366757944715,1522.0,256.0,1266.0,SDD2,solexs
1710385062.0,1710385423.0,1710385618.0,54.0,24.080350543765185,27.488756090606053,556.0,361.0,195.0,SDD2,solexs
1710388844.0,1710388967.0,1710389467.0,75.0,21.163815858937816,51.825759812287856,623.0,123.0,500.0,SDD2,solexs
1710395905.0,1710396232.0,1710398053.0,666.0,27.040228064618315,605.1644496903832,2148.0,327.0,1821.0,SDD2,solexs
1710412059.0,1710413837.0,1710416842.0,229.0,50.127494456762754,102.90531441898376,4783.0,1778.0,3005.0,SDD2,solexs
1710423468.0,1710423500.0,1710423789.0,56.0,25.350754936120797,27.281677158767955,321.0,32.0,289.0,SDD2,solexs
1710438849.0,1710439098.0,1710440049.0,156.0,29.815858937810166,106.9911819712462,1200.0,249.0,951.0,SDD2,solexs
1710449669.0,1710449872.0,1710450082.0,72.0,30.398162812796965,33.744565422182276,413.0,203.0,210.0,SDD2,solexs
1710471335.0,1710474702.0,1710475209.0,247.0,98.00095026924295,52.04792381602495,3874.0,3367.0,507.0,SDD2,solexs
1710477569.0,1710477691.0,1710477780.0,238.0,180.68387709851123,19.069183703846054,211.0,122.0,89.0,SDD2,solexs
1710479653.0,1710479722.0,1710479928.0,275.0,175.49340090803508,33.59204829273533,275.0,69.0,206.0,SDD2,solexs
1710481981.0,1710484132.0,1710489093.0,307.0,176.70066518847005,38.968847742635134,7112.0,2151.0,4961.0,SDD2,solexs
1710534594.0,1710534974.0,1710535412.0,59.0,27.096927462781128,27.447437134933715,818.0,380.0,438.0,SDD2,solexs
1710591731.0,1710592222.0,1710592511.0,83.0,31.18889240840461,41.212067324840206,780.0,491.0,289.0,SDD2,solexs
1710593478.0,1710593533.0,1710594547.0,76.0,37.45470383275262,26.481242615627337,1069.0,55.0,1014.0,SDD2,solexs
1710598536.0,1710598597.0,1710599061.0,92.0,25.58863900327316,58.71293415676598,525.0,61.0,464.0,SDD2,solexs
1710602933.0,1710603231.0,1710603592.0,71.0,28.636258050892202,35.409455124668185,659.0,298.0,361.0,SDD2,solexs
1710606311.0,1710606887.0,1710614918.0,2802.0,135.44066096505122,1911.4759164039724,8607.0,576.0,8031.0,SDD2,solexs
1710616149.0,1710616561.0,1710619397.0,497.0,72.9738148030831,215.34853413889778,3248.0,412.0,2836.0,SDD2,solexs
1710621848.0,1710621928.0,1710622132.0,91.0,46.54746066941189,29.11050398486018,284.0,80.0,204.0,SDD2,solexs
1710622828.0,1710622921.0,1710623358.0,72.0,36.92197233660649,25.79072524319008,530.0,93.0,437.0,SDD2,solexs
1710624812.0,1710626117.0,1710628681.0,780.0,44.39135254988914,396.17268616780933,3869.0,1305.0,2564.0,SDD2,solexs
1710631464.0,1710631651.0,1710631790.0,77.0,36.01721043184459,30.539468701739615,326.0,187.0,139.0,SDD2,solexs
1710633710.0,1710633825.0,1710633851.0,71.0,41.879104635202204,20.09952129197076,141.0,115.0,26.0,SDD2,solexs
1710635714.0,1710636160.0,1710636880.0,139.0,45.57332910991448,63.05455736130168,1166.0,446.0,720.0,SDD2,solexs
1710641936.0,1710642500.0,1710643333.0,100.0,57.89087741526767,25.199388859264637,1397.0,564.0,833.0,SDD2,solexs
1710647249.0,1710647983.0,1710651055.0,387.0,52.72980677858727,205.59136012416343,3806.0,734.0,3072.0,SDD2,solexs
1710653737.0,1710654367.0,1710655888.0,194.0,49.974817865061766,94.55484079608127,2151.0,630.0,1521.0,SDD2,solexs
1710658134.0,1710658304.0,1710659007.0,99.0,46.2611656636047,33.90677774975694,873.0,170.0,703.0,SDD2,solexs
1710660991.0,1710661418.0,1710662457.0,133.0,43.527716186252775,60.839246713968365,1466.0,427.0,1039.0,SDD2,solexs
1710672019.0,1710672207.0,1710673381.0,220.0,57.9203885545349,94.35263771917506,1362.0,188.0,1174.0,SDD2,solexs
1710677197.0,1710677565.0,1710679130.0,298.0,48.22157111181502,161.79368777353787,1933.0,368.0,1565.0,SDD2,solexs
1710680276.0,1710681784.0,1710682132.0,140.0,48.11244852708268,50.134647266060284,1856.0,1508.0,348.0,SDD2,solexs
1710682669.0,1710682986.0,1710683658.0,130.0,51.77911519374935,48.61389398995753,989.0,317.0,672.0,SDD2,solexs
1710689525.0,1710690145.0,1710692923.0,275.0,57.31781226903179,156.45257784242423,3398.0,620.0,2778.0,SDD2,solexs
1710697495.0,1710697582.0,1710698426.0,112.0,47.979622004012256,40.13559515091559,931.0,87.0,844.0,SDD2,solexs
1710702567.0,1710702590.0,1710702781.0,69.0,42.4988913525499,18.20836957033569,214.0,23.0,191.0,SDD2,solexs
1710704496.0,1710704669.0,1710705438.0,107.0,46.87435328898744,39.452046386549334,942.0,173.0,769.0,SDD2,solexs
1710709066.0,1710709944.0,1710714464.0,265.0,69.09777214655264,124.32998558086871,5398.0,878.0,4520.0,SDD2,solexs
1710720001.0,1710720103.0,1710720261.0,79.0,40.099461514095665,27.466625424059973,260.0,102.0,158.0,SDD2,solexs
1710723236.0,1710723511.0,1710724698.0,107.0,42.591912152887765,45.3435341604685,1462.0,275.0,1187.0,SDD2,solexs
1710732284.0,1710732749.0,1710734566.0,2209.0,42.06757470172106,1564.8568058638234,2282.0,465.0,1817.0,SDD2,solexs
1710734920.0,1710735236.0,1710736564.0,681.0,72.7231548938866,288.60058351038435,1644.0,316.0,1328.0,SDD2,solexs
1710736986.0,1710737086.0,1710738595.0,240.0,72.54101995565411,87.92889404326421,1609.0,100.0,1509.0,SDD2,solexs
1710740332.0,1710741088.0,1710742139.0,138.0,48.4541231126597,56.18466729212354,1807.0,756.0,1051.0,SDD2,solexs
1710746890.0,1710747232.0,1710747510.0,79.0,41.3040861577447,26.197678619599454,620.0,342.0,278.0,SDD2,solexs
1710753027.0,1710753138.0,1710753295.0,68.0,37.668989547038336,22.021413927413025,268.0,111.0,157.0,SDD2,solexs
1710761692.0,1710761818.0,1710762545.0,122.0,38.65895892725162,60.320069068092884,853.0,126.0,727.0,SDD2,solexs
1710767606.0,1710768002.0,1710768625.0,128.0,61.54012247914687,38.242539791382555,1019.0,396.0,623.0,SDD2,solexs
1710769918.0,1710770779.0,1710773325.0,282.0,73.41162496040545,107.79115831103273,3407.0,861.0,2546.0,SDD2,solexs
1710774623.0,1710774819.0,1710775092.0,154.0,56.77911519374935,57.70059038828742,469.0,196.0,273.0,SDD2,solexs
1710775746.0,1710775853.0,1710776064.0,93.0,54.82673424136839,23.055690032988625,318.0,107.0,211.0,SDD2,solexs
1710777131.0,1710778062.0,1710779901.0,121.0,59.82673424136839,36.51573559166453,2770.0,931.0,1839.0,SDD2,solexs
1710780293.0,1710780842.0,1710781721.0,89.0,13.160067574701728,93.49402900411194,1428.0,549.0,879.0,SDD2,solexs
1710811552.0,1710811588.0,1710811633.0,62.0,13.160067574701728,60.20894155235984,81.0,36.0,45.0,SDD2,solexs
1710820737.0,1710820755.0,1710822185.0,73.0,13.160067574701728,73.76953273640699,1448.0,18.0,1430.0,SDD2,solexs
1710825143.0,1710825415.0,1710826777.0,283.0,40.92197233660649,169.23574258500838,1634.0,272.0,1362.0,SDD2,solexs
1710827912.0,1710827980.0,1710828087.0,91.0,44.8267342413684,30.84160993620144,175.0,68.0,107.0,SDD2,solexs
1710828984.0,1710829087.0,1710830029.0,238.0,43.9638369760321,128.5356756901328,1045.0,103.0,942.0,SDD2,solexs
1710833110.0,1710833274.0,1710833918.0,95.0,40.83929891246965,38.33308348183098,808.0,164.0,644.0,SDD2,solexs
1710834603.0,1710834724.0,1710835519.0,117.0,40.77753141167776,51.23749384811262,916.0,121.0,795.0,SDD2,solexs
1710842395.0,1710842443.0,1710842935.0,151.0,33.05596029986275,91.90462573469883,540.0,48.0,492.0,SDD2,solexs
1710844027.0,1710845044.0,1710845494.0,94.0,45.8674902333439,31.11824515289106,1467.0,1017.0,450.0,SDD2,solexs
1710847945.0,1710848232.0,1710849595.0,172.0,55.86273888712914,71.88172232369382,1650.0,287.0,1363.0,SDD2,solexs
1710851836.0,1710852841.0,1710855399.0,331.0,64.11244852708268,149.06378118584917,3563.0,1005.0,2558.0,SDD2,solexs
1710856166.0,1710856166.0,1710856370.0,75.0,43.54101995565411,21.321135815867482,204.0,0.0,204.0,SDD2,solexs
1710859337.0,1710861132.0,1710861607.0,103.0,42.616619153204525,37.6505138366338,2270.0,1795.0,475.0,SDD2,solexs
1710863747.0,1710864040.0,1710864391.0,124.0,45.302924717558874,52.28901609920421,644.0,293.0,351.0,SDD2,solexs
1710865639.0,1710865726.0,1710866737.0,134.0,47.1000950269243,56.39202168200142,1098.0,87.0,1011.0,SDD2,solexs
1710869037.0,1710869160.0,1710869666.0,466.0,43.92197233660649,284.8176017598256,629.0,123.0,506.0,SDD2,solexs
1710872043.0,1710872066.0,1710872120.0,91.0,55.7314961461303,21.12767381914744,77.0,23.0,54.0,SDD2,solexs
1710878057.0,1710878321.0,1710879790.0,332.0,42.96959138422554,197.18683795098377,1733.0,264.0,1469.0,SDD2,solexs
1710892805.0,1710892823.0,1710893399.0,134.0,76.93337556752192,28.59542549909053,594.0,18.0,576.0,SDD2,solexs
1710896166.0,1710897147.0,1710900073.0,321.0,74.77911519374935,125.17745264792201,3907.0,981.0,2926.0,SDD2,solexs
1710901325.0,1710901496.0,1710902857.0,205.0,48.44578186041601,100.58930019571744,1532.0,171.0,1361.0,SDD2,solexs
1710903163.0,1710903197.0,1710903498.0,71.0,44.77911519374935,17.518033919064617,335.0,34.0,301.0,SDD2,solexs
1710916554.0,1710916700.0,1710916826.0,76.0,35.26755358462677,30.66005160173746,272.0,146.0,126.0,SDD2,solexs
1710918992.0,1710920153.0,1710924326.0,5699.0,68.29342202512936,3303.7294066461377,5334.0,1161.0,4173.0,SDD2,solexs
1710926860.0,1710927120.0,1710927205.0,78.0,45.20768662232078,21.811267875057602,345.0,260.0,85.0,SDD2,solexs
1710928243.0,1710928407.0,1710930800.0,348.0,47.412311265969805,198.47289726531895,2557.0,164.0,2393.0,SDD2,solexs
1710936483.0,1710937411.0,1710938075.0,119.0,40.40692640692641,52.81302483604793,1592.0,928.0,664.0,SDD2,solexs
1710941294.0,1710941791.0,1710942517.0,153.0,38.251979727589486,83.93841814830219,1223.0,497.0,726.0,SDD2,solexs
1710946030.0,1710946344.0,1710947242.0,162.0,41.679020166825055,85.93513204249919,1212.0,314.0,898.0,SDD2,solexs
1710950078.0,1710950245.0,1710950443.0,101.0,65.93353394572907,19.33791718237562,365.0,167.0,198.0,SDD2,solexs
1710951734.0,1710951976.0,1710953105.0,114.0,57.7992292260585,31.927614677339804,1371.0,242.0,1129.0,SDD2,solexs
1710957123.0,1710957414.0,1710957439.0,76.0,42.58863900327316,22.89614062511774,316.0,291.0,25.0,SDD2,solexs
1710959871.0,1710960230.0,1710960410.0,79.0,37.11244852708268,30.749649385926315,539.0,359.0,180.0,SDD2,solexs
1710960836.0,1710960880.0,1710960963.0,77.0,37.099725477774264,29.290789478442612,127.0,44.0,83.0,SDD2,solexs
1710964326.0,1710964606.0,1710965088.0,77.0,37.105163129553375,29.319180021591393,762.0,280.0,482.0,SDD2,solexs
1710968178.0,1710968283.0,1710968498.0,103.0,47.68387709851125,35.82456706650278,320.0,105.0,215.0,SDD2,solexs
1710969855.0,1710970394.0,1710972075.0,143.0,50.54418751979728,59.42833580136279,2220.0,539.0,1681.0,SDD2,solexs
1710975114.0,1710975336.0,1710978822.0,1403.0,75.16006757470173,793.0772101490137,3708.0,222.0,3486.0,SDD2,solexs
1710979462.0,1710979625.0,1710981576.0,162.0,46.22183507549362,62.1894792900037,2114.0,163.0,1951.0,SDD2,solexs
1710983853.0,1710983919.0,1710984084.0,63.0,31.326364692218355,25.282708606032877,231.0,66.0,165.0,SDD2,solexs
1710985634.0,1710985674.0,1710985695.0,69.0,31.30292471755887,30.13215524724056,61.0,40.0,21.0,SDD2,solexs
1710987869.0,1710988014.0,1710988072.0,61.0,31.683877098511253,23.291763490707286,203.0,145.0,58.0,SDD2,solexs
1710990934.0,1710991148.0,1710991348.0,84.0,43.65758631612292,27.289139120389645,414.0,214.0,200.0,SDD2,solexs
1710992893.0,1710993221.0,1710993408.0,113.0,61.459349593495936,29.66464915784581,515.0,328.0,187.0,SDD2,solexs
1710993823.0,1710994044.0,1710994339.0,85.0,48.871608066730026,23.09988277600757,516.0,221.0,295.0,SDD2,solexs
1710996180.0,1710996320.0,1710996390.0,83.0,48.77911519374935,21.913480692424603,210.0,140.0,70.0,SDD2,solexs
1710999984.0,1710999972.0,1711000060.0,66.0,42.44578186041601,16.168376799942706,76.0,-12.0,88.0,SDD2,solexs
1711000473.0,1711000870.0,1711000962.0,81.0,44.83555062823356,24.055593292415324,489.0,397.0,92.0,SDD2,solexs
1711004686.0,1711005808.0,1711005922.0,94.0,40.16228486960195,34.229987099679214,1236.0,1122.0,114.0,SDD2,solexs
1711008346.0,1711009157.0,1711009612.0,114.0,70.37535635096611,22.75010015157094,1266.0,811.0,455.0,SDD2,solexs
1711020421.0,1711020737.0,1711022032.0,530.0,39.031358885017426,356.0337747564037,1611.0,316.0,1295.0,SDD2,solexs
1711024858.0,1711024882.0,1711024962.0,85.0,50.25530566993982,21.918585997001564,104.0,24.0,80.0,SDD2,solexs
1711036054.0,1711036828.0,1711038077.0,108.0,48.41759053954176,38.52916052145387,2023.0,774.0,1249.0,SDD2,solexs
1711042895.0,1711045010.0,1711047500.0,290.0,89.98653785239152,99.75132088631722,4605.0,2115.0,2490.0,SDD2,solexs
1711048809.0,1711048969.0,1711049587.0,166.0,111.0647238939922,23.163425561659913,778.0,160.0,618.0,SDD2,solexs
1711052755.0,1711053280.0,1711053531.0,151.0,88.39816281279697,29.77696681881572,776.0,525.0,251.0,SDD2,solexs
1711054865.0,1711055069.0,1711055686.0,151.0,76.9835286664555,37.40712945132329,821.0,204.0,617.0,SDD2,solexs
1711056242.0,1711056291.0,1711056579.0,112.0,62.98252560447683,27.429037451370167,337.0,49.0,288.0,SDD2,solexs
1711059229.0,1711059303.0,1711059436.0,96.0,59.54101995565411,21.13057804742135,207.0,74.0,133.0,SDD2,solexs
1711060667.0,1711060691.0,1711060799.0,91.0,61.754091437018275,16.576142073820982,132.0,24.0,108.0,SDD2,solexs
1711066432.0,1711066740.0,1711067182.0,133.0,64.54101995565411,38.05769724597821,750.0,308.0,442.0,SDD2,solexs
1711068538.0,1711069111.0,1711070025.0,145.0,65.53948896631823,44.18336207851581,1487.0,573.0,914.0,SDD2,solexs
1711070739.0,1711070923.0,1711071715.0,133.0,49.20504698553479,51.630171787814454,976.0,184.0,792.0,SDD2,solexs
1711073788.0,1711073856.0,1711073976.0,98.0,47.750184774575025,32.52365864414269,188.0,68.0,120.0,SDD2,solexs
1711078891.0,1711078955.0,1711079431.0,99.0,48.82673424136839,32.111347398308354,540.0,64.0,476.0,SDD2,solexs
1711079856.0,1711079985.0,1711080187.0,91.0,52.23387181923768,24.03043904368146,331.0,129.0,202.0,SDD2,solexs
1711081911.0,1711083314.0,1711083572.0,154.0,51.77911519374935,63.52977558154171,1661.0,1403.0,258.0,SDD2,solexs
1711084068.0,1711084515.0,1711085784.0,325.0,51.77911519374935,169.805431921579,1716.0,447.0,1269.0,SDD2,solexs
1711086515.0,1711086919.0,1711087142.0,138.0,87.44578186041602,24.17703077576873,627.0,404.0,223.0,SDD2,solexs
1711089317.0,1711089689.0,1711090202.0,154.0,87.87113293210855,31.56619499011521,885.0,372.0,513.0,SDD2,solexs
1711090986.0,1711091775.0,1711092820.0,145.0,62.54260373772569,45.90497366796322,1834.0,789.0,1045.0,SDD2,solexs
1711095185.0,1711095253.0,1711095532.0,85.0,52.641590117199875,19.917311747422346,347.0,68.0,279.0,SDD2,solexs
1711097375.0,1711097434.0,1711097937.0,89.0,52.20768662232078,22.772193671319112,562.0,59.0,503.0,SDD2,solexs
1711099640.0,1711099694.0,1711100512.0,88.0,53.110336817653895,21.516211715779487,872.0,54.0,818.0,SDD2,solexs
1711104635.0,1711104795.0,1711104955.0,133.0,74.04255094498998,30.64170984557103,320.0,160.0,160.0,SDD2,solexs
1711105988.0,1711106155.0,1711107129.0,203.0,74.96959138422554,66.12802582090677,1141.0,167.0,974.0,SDD2,solexs
1711109389.0,1711109687.0,1711111226.0,131.0,66.12448527082674,34.120696032603625,1837.0,298.0,1539.0,SDD2,solexs
1711113049.0,1711115898.0,1711117225.0,440.0,129.5113504381797,113.22425210982418,4176.0,2849.0,1327.0,SDD2,solexs
1711117794.0,1711118465.0,1711120211.0,328.0,100.67965367965368,88.88142630888834,2417.0,671.0,1746.0,SDD2,solexs
1711121067.0,1711121434.0,1711121987.0,148.0,76.73561397951642,36.13110016369679,920.0,367.0,553.0,SDD2,solexs
1711123523.0,1711123965.0,1711124396.0,146.0,75.77911519374935,36.07461370972264,873.0,442.0,431.0,SDD2,solexs
1711124849.0,1711124975.0,1711125354.0,194.0,86.92197233660649,51.363022796017745,505.0,126.0,379.0,SDD2,solexs
1711126223.0,1711126638.0,1711128088.0,224.0,87.35181079083517,65.54719217885194,1865.0,415.0,1450.0,SDD2,solexs
1711129134.0,1711129491.0,1711130241.0,134.0,77.31189948263119,28.503190416569712,1107.0,357.0,750.0,SDD2,solexs
1711131339.0,1711131681.0,1711133304.0,173.0,76.7161334600359,49.18711773130576,1965.0,342.0,1623.0,SDD2,solexs
1711134336.0,1711134533.0,1711135234.0,148.0,83.96959138422554,31.249296968812015,898.0,197.0,701.0,SDD2,solexs
1711136201.0,1711137051.0,1711137455.0,144.0,86.8267342413684,27.439820405718987,1254.0,850.0,404.0,SDD2,solexs
1711137804.0,1711139531.0,1711144442.0,3316.0,196.1164607749974,983.9584812198958,6638.0,1727.0,4911.0,SDD2,solexs
1711145558.0,1711146463.0,1711147097.0,268.0,155.5927651723544,39.833348873206965,1539.0,905.0,634.0,SDD2,solexs
1711147615.0,1711151884.0,1711153857.0,497.0,211.9695913842255,97.60942742588617,6242.0,4269.0,1973.0,SDD2,solexs
1711154734.0,1711157661.0,1711174362.0,7651.0,264.6785978249393,853.7563304005438,19628.0,2927.0,16701.0,SDD2,solexs
1711175251.0,1711175466.0,1711175427.0,239.0,167.30292471755888,24.789323282062316,176.0,215.0,-39.0,SDD2,solexs
1711176518.0,1711179434.0,1711183002.0,2238.0,223.98099461514096,311.99903863463,6484.0,2916.0,3568.0,SDD2,solexs
1711183315.0,1711184760.0,1711186550.0,439.0,126.09001161440186,115.13503536282988,3235.0,1445.0,1790.0,SDD2,solexs
1711187707.0,1711188901.0,1711188940.0,180.0,113.39272516101784,26.802874433767528,1233.0,1194.0,39.0,SDD2,solexs
1711189383.0,1711189638.0,1711190007.0,208.0,125.01721043184459,33.19083099176687,624.0,255.0,369.0,SDD2,solexs
1711190493.0,1711193403.0,1711194687.0,644.0,129.37672896209483,166.4459274987228,4194.0,2910.0,1284.0,SDD2,solexs
1711195161.0,1711195474.0,1711196893.0,281.0,123.615774469433,57.7315682016549,1732.0,313.0,1419.0,SDD2,solexs
1711197590.0,1711198013.0,1711200410.0,930.0,203.5629817337134,292.2855691436997,2820.0,423.0,2397.0,SDD2,solexs
1711200778.0,1711202536.0,1711210704.0,4167.0,344.6362580508922,869.72711997977,9926.0,1758.0,8168.0,SDD2,solexs
1711211061.0,1711212805.0,1711216371.0,1838.0,157.66128180762325,369.68332009092256,5310.0,1744.0,3566.0,SDD2,solexs
1711217108.0,1711218039.0,1711218363.0,168.0,87.7314961461303,38.3250206985155,1255.0,931.0,324.0,SDD2,solexs
1711219410.0,1711219446.0,1711219570.0,127.0,87.7314961461303,18.749150049427993,160.0,36.0,124.0,SDD2,solexs
1711220095.0,1711220200.0,1711221559.0,588.0,94.06482947946363,229.36730531241307,1464.0,105.0,1359.0,SDD2,solexs
1711222170.0,1711225278.0,1711226600.0,502.0,165.9349593495935,113.2177683774321,4430.0,3108.0,1322.0,SDD2,solexs
1711227105.0,1711227400.0,1711228241.0,293.0,156.25530566993984,48.92243852836539,1136.0,295.0,841.0,SDD2,solexs
1711228732.0,1711229087.0,1711231278.0,275.0,112.05596029986275,59.784224335600555,2546.0,355.0,2191.0,SDD2,solexs
1711232421.0,1711234796.0,1711236003.0,439.0,73.39816281279697,175.5175311348613,3582.0,2375.0,1207.0,SDD2,solexs
1711236538.0,1711237770.0,1711240364.0,1668.0,79.12385175799811,786.8734343065722,3826.0,1232.0,2594.0,SDD2,solexs
1711241713.0,1711243521.0,1711244438.0,913.0,169.9581353605744,181.1635146194769,2725.0,1808.0,917.0,SDD2,solexs
1711244927.0,1711246634.0,1711255767.0,1802.0,308.88712913103154,218.16622633210656,10840.0,1707.0,9133.0,SDD2,solexs
1711256921.0,1711257333.0,1711258004.0,116.0,53.24965684721782,38.68019004859615,1083.0,412.0,671.0,SDD2,solexs
1711258850.0,1711260361.0,1711262473.0,1850.0,77.63625805089221,868.0496208103706,3623.0,1511.0,2112.0,SDD2,solexs
1711264058.0,1711266622.0,1711270559.0,893.0,153.88274733396688,222.98835372446163,6501.0,2564.0,3937.0,SDD2,solexs
1711270999.0,1711271099.0,1711271216.0,200.0,133.39816281279695,25.788511927919537,217.0,100.0,117.0,SDD2,solexs
1711271785.0,1711273973.0,1711274944.0,574.0,133.40317812269035,183.1233064130006,3159.0,2188.0,971.0,SDD2,solexs
1711275989.0,1711276186.0,1711276377.0,171.0,115.49340090803506,23.098353925488173,388.0,197.0,191.0,SDD2,solexs
1711276719.0,1711277119.0,1711278170.0,228.0,123.01721043184459,42.33018524475155,1451.0,400.0,1051.0,SDD2,solexs
1711278683.0,1711279095.0,1711281546.0,538.0,155.54101995565412,137.1441821951106,2863.0,412.0,2451.0,SDD2,solexs
1711281876.0,1711282687.0,1711284823.0,659.0,163.9695913842255,183.53767568535173,2947.0,811.0,2136.0,SDD2,solexs
1711285431.0,1711286027.0,1711290068.0,809.0,110.39436173582516,243.98629210079264,4637.0,596.0,4041.0,SDD2,solexs
1711291412.0,1711291519.0,1711292870.0,252.0,82.11244852708268,83.84401240912386,1458.0,107.0,1351.0,SDD2,solexs
1711293386.0,1711293697.0,1711294644.0,239.0,95.77911519374935,65.44642675319253,1258.0,311.0,947.0,SDD2,solexs
1711296429.0,1711296947.0,1711297020.0,592.0,126.37704571850914,183.2265737060954,591.0,518.0,73.0,SDD2,solexs
1711297517.0,1711297726.0,1711298756.0,211.0,124.39103579347483,34.20783896978334,1239.0,209.0,1030.0,SDD2,solexs
1711300335.0,1711300435.0,1711300939.0,170.0,105.54101995565411,28.06000755486624,604.0,100.0,504.0,SDD2,solexs
1711301381.0,1711301438.0,1711301693.0,179.0,105.54101995565411,31.97784906926898,312.0,57.0,255.0,SDD2,solexs
1711302054.0,1711302327.0,1711303430.0,281.0,94.11614401858304,84.94543757220035,1376.0,273.0,1103.0,SDD2,solexs
1711305160.0,1711305330.0,1711306562.0,188.0,86.7314961461303,48.629630811184,1402.0,170.0,1232.0,SDD2,solexs
1711308111.0,1711308634.0,1711309482.0,207.0,78.7314961461303,64.15508488247114,1371.0,523.0,848.0,SDD2,solexs
1711310519.0,1711311459.0,1711312610.0,204.0,74.60706366803929,65.85081413727359,2091.0,940.0,1151.0,SDD2,solexs
1711314118.0,1711314295.0,1711314360.0,111.0,70.40703199239786,21.619535975504505,242.0,177.0,65.0,SDD2,solexs
1711315760.0,1711316338.0,1711316707.0,127.0,72.16006757470173,28.871107459275777,947.0,578.0,369.0,SDD2,solexs
1711317654.0,1711317946.0,1711318270.0,155.0,65.57755252877205,49.30999571265744,616.0,292.0,324.0,SDD2,solexs
1711319721.0,1711319791.0,1711319939.0,99.0,60.49340090803506,22.140945386992282,218.0,70.0,148.0,SDD2,solexs
1711324079.0,1711324617.0,1711325050.0,101.0,56.82673424136839,26.205844322810563,971.0,538.0,433.0,SDD2,solexs
1711326016.0,1711328577.0,1711329432.0,278.0,100.58863900327316,70.08921437411172,3416.0,2561.0,855.0,SDD2,solexs
1711368336.0,1711368566.0,1711371203.0,302.0,53.16006757470173,152.63084563929232,2867.0,230.0,2637.0,SDD2,solexs
1711372585.0,1711372733.0,1711372818.0,96.0,49.64913947840778,29.533227848543074,233.0,148.0,85.0,SDD2,solexs
1711376205.0,1711380583.0,1711384406.0,443.0,79.37947418435225,119.39049935660704,8201.0,4378.0,3823.0,SDD2,solexs
1711385809.0,1711385944.0,1711386675.0,131.0,57.08056171470806,42.85100773704394,866.0,135.0,731.0,SDD2,solexs
1711387886.0,1711388538.0,1711388741.0,97.0,50.54101995565411,29.225548314329565,855.0,652.0,203.0,SDD2,solexs
1711389709.0,1711389936.0,1711390203.0,91.0,43.64998416217929,31.970014053630226,494.0,227.0,267.0,SDD2,solexs
1711393490.0,1711394860.0,1711397088.0,138.0,57.81511983951008,48.151241322663424,3598.0,1370.0,2228.0,SDD2,solexs
1711397439.0,1711397566.0,1711397854.0,181.0,56.35054376517792,74.26023693001734,415.0,127.0,288.0,SDD2,solexs
1711398604.0,1711398968.0,1711399208.0,82.0,46.21370499419281,23.809339435330507,604.0,364.0,240.0,SDD2,solexs
1711399685.0,1711399724.0,1711399791.0,79.0,41.35223313272094,26.181179640046643,106.0,39.0,67.0,SDD2,solexs
1711401207.0,1711401401.0,1711403602.0,136.0,47.382483370288256,61.63025444936426,2395.0,194.0,2201.0,SDD2,solexs
1711404730.0,1711404745.0,1711404820.0,77.0,49.35054376517792,17.601740802048194,90.0,15.0,75.0,SDD2,solexs
1711405765.0,1711405855.0,1711406103.0,273.0,43.712913103157014,154.75680250754917,338.0,90.0,248.0,SDD2,solexs
1711407645.0,1711408142.0,1711409017.0,119.0,43.30292471755887,51.4440892220594,1372.0,497.0,875.0,SDD2,solexs
1711409714.0,1711410684.0,1711411625.0,197.0,61.926406926406926,76.69307462138377,1911.0,970.0,941.0,SDD2,solexs
1711412066.0,1711412082.0,1711412160.0,104.0,71.7314961461303,17.03879519559406,94.0,16.0,78.0,SDD2,solexs
1711413282.0,1711413365.0,1711414327.0,1887.0,59.16006757470173,1003.2288636959879,1045.0,83.0,962.0,SDD2,solexs
1711415365.0,1711415747.0,1711417902.0,278.0,66.6362580508922,122.894134729226,2537.0,382.0,2155.0,SDD2,solexs
1711419858.0,1711420002.0,1711420556.0,335.0,48.06482947946363,184.37037912749005,698.0,144.0,554.0,SDD2,solexs
1711422078.0,1711422220.0,1711422372.0,148.0,44.11244852708268,69.95164404996102,294.0,142.0,152.0,SDD2,solexs
1711422729.0,1711422753.0,1711422812.0,89.0,44.11244852708268,30.224583969777928,83.0,24.0,59.0,SDD2,solexs
1711423542.0,1711423556.0,1711423867.0,89.0,44.11244852708268,30.224583969777928,325.0,14.0,311.0,SDD2,solexs
1711425101.0,1711425261.0,1711425358.0,180.0,46.307570478302196,87.87987129417768,257.0,160.0,97.0,SDD2,solexs
1711427775.0,1711427848.0,1711428001.0,114.0,42.25530566993982,49.358751233128345,226.0,73.0,153.0,SDD2,solexs
1711431293.0,1711431432.0,1711432090.0,106.0,36.51673529722311,50.202573140216984,797.0,139.0,658.0,SDD2,solexs
1711433962.0,1711434116.0,1711434825.0,135.0,35.16006757470173,75.29990454937418,863.0,154.0,709.0,SDD2,solexs
1711435894.0,1711436182.0,1711436364.0,100.0,39.87435328898744,42.58218400678961,470.0,288.0,182.0,SDD2,solexs
1711437825.0,1711438026.0,1711438497.0,75.0,40.11244852708268,24.634621940122432,672.0,201.0,471.0,SDD2,solexs
1711440517.0,1711441956.0,1711442774.0,195.0,47.53336500897477,82.8295419366467,2257.0,1439.0,818.0,SDD2,solexs
1711443095.0,1711443832.0,1711445508.0,240.0,67.90666244324782,77.48112508187018,2413.0,737.0,1676.0,SDD2,solexs
1711446481.0,1711446762.0,1711446784.0,90.0,49.58863900327316,25.66417928283332,303.0,281.0,22.0,SDD2,solexs
1711447649.0,1711448203.0,1711449200.0,703.0,49.76375250765496,414.8529462060607,1551.0,554.0,997.0,SDD2,solexs
1711449520.0,1711449749.0,1711451224.0,917.0,53.82673424136839,449.5928746784589,1704.0,229.0,1475.0,SDD2,solexs
1711451800.0,1711451832.0,1711452016.0,89.0,51.58863900327316,23.293860502179367,216.0,32.0,184.0,SDD2,solexs
1711452673.0,1711452879.0,1711453624.0,154.0,50.72494984690107,64.38064472485175,951.0,206.0,745.0,SDD2,solexs
1711455026.0,1711459791.0,1711463426.0,1374.0,175.9695913842255,257.27790592712995,8400.0,4765.0,3635.0,SDD2,solexs
1711463934.0,1711465357.0,1711466604.0,316.0,70.44039700137262,131.51437081660475,2670.0,1423.0,1247.0,SDD2,solexs
1711467688.0,1711467785.0,1711467759.0,78.0,50.519638897687685,17.309412118832004,71.0,97.0,-26.0,SDD2,solexs
1711470199.0,1711470294.0,1711470350.0,91.0,50.06482947946363,25.87290721287708,151.0,95.0,56.0,SDD2,solexs
1711470785.0,1711472318.0,1711472314.0,103.0,57.599619892302826,26.22310378398535,1529.0,1533.0,-4.0,SDD2,solexs
1711472962.0,1711473303.0,1711475257.0,177.0,71.3661176222152,53.73978461862513,2295.0,341.0,1954.0,SDD2,solexs
1711476333.0,1711476549.0,1711477057.0,105.0,65.35054376517792,21.93449452675424,724.0,216.0,508.0,SDD2,solexs
1711477633.0,1711477757.0,1711477940.0,128.0,76.20768662232078,26.532667739750213,307.0,124.0,183.0,SDD2,solexs
1711478469.0,1711479632.0,1711480832.0,189.0,77.09756097560975,55.3217275470528,2363.0,1163.0,1200.0,SDD2,solexs
1711481977.0,1711482785.0,1711484893.0,408.0,74.25530566993982,168.81183085827232,2916.0,808.0,2108.0,SDD2,solexs
1711485985.0,1711486089.0,1711486605.0,91.0,48.6362580508922,27.13660504995486,620.0,104.0,516.0,SDD2,solexs
1711489562.0,1711490318.0,1711492627.0,1147.0,61.20768662232078,650.9199616158855,3065.0,756.0,2309.0,SDD2,solexs
1711493717.0,1711493799.0,1711495032.0,107.0,56.837820715869505,28.67400860132466,1315.0,82.0,1233.0,SDD2,solexs
1711496441.0,1711497589.0,1711497599.0,513.0,53.99208108964207,266.4344292689273,1158.0,1148.0,10.0,SDD2,solexs
1711717193.0,1711717430.0,1711718503.0,468.0,253.62527716186253,57.839229361821815,1310.0,237.0,1073.0,SDD2,solexs
1711718923.0,1711719569.0,1711721156.0,283.0,123.51029458346531,41.82801575739105,2233.0,646.0,1587.0,SDD2,solexs
1711725620.0,1711725673.0,1711725704.0,163.0,116.33333333333333,19.34949757361882,84.0,53.0,31.0,SDD2,solexs
1711727213.0,1711728067.0,1711728894.0,491.0,133.5898532361947,138.2537775226057,1681.0,854.0,827.0,SDD2,solexs
1711729388.0,1711729754.0,1711731933.0,576.0,306.11519374934005,58.27074514498639,2545.0,366.0,2179.0,SDD2,solexs
1711732897.0,1711733080.0,1711733853.0,457.0,225.7994931897371,67.04900534012381,956.0,183.0,773.0,SDD2,solexs
1711736085.0,1711737821.0,1711739074.0,610.0,289.2935276106008,81.05160984762121,2989.0,1736.0,1253.0,SDD2,solexs
1711740217.0,1711740817.0,1711742729.0,750.0,311.4296272832858,111.68902894052607,2512.0,600.0,1912.0,SDD2,solexs
1711744128.0,1711744475.0,1711745720.0,441.0,193.91162496040548,75.13750774920142,1592.0,347.0,1245.0,SDD2,solexs
1711746193.0,1711746486.0,1711746566.0,300.0,156.81992397846057,51.72239268277481,373.0,293.0,80.0,SDD2,solexs
1711746942.0,1711746954.0,1711747015.0,214.0,140.75081828740363,27.579225923795097,73.0,12.0,61.0,SDD2,solexs
1711749736.0,1711749908.0,1711749938.0,178.0,127.9047619047619,19.80925242355132,202.0,172.0,30.0,SDD2,solexs
1711754554.0,1711754595.0,1711754616.0,185.0,107.09523809523809,33.66618627790805,62.0,41.0,21.0,SDD2,solexs
1711891878.0,1711894282.0,1711897777.0,266.0,61.15478830112976,84.84512933344413,5899.0,2404.0,3495.0,SDD2,solexs
1711900911.0,1711901511.0,1711902643.0,117.0,58.40164713335445,34.204403407761674,1732.0,600.0,1132.0,SDD2,solexs
1711904292.0,1711904437.0,1711904760.0,95.0,48.708161756942246,29.56734910075946,468.0,145.0,323.0,SDD2,solexs
1711906354.0,1711908809.0,1711910227.0,172.0,57.177541970224894,62.67408936790355,3873.0,2455.0,1418.0,SDD2,solexs
1711914840.0,1711915077.0,1711915478.0,86.0,49.83021856192588,22.914716380832445,638.0,237.0,401.0,SDD2,solexs
1711917922.0,1711918308.0,1711919438.0,143.0,55.404181184668985,52.863027379652756,1516.0,386.0,1130.0,SDD2,solexs
1711920124.0,1711920168.0,1711920689.0,94.0,55.28312744166403,22.8752836059472,565.0,44.0,521.0,SDD2,solexs
1711933254.0,1711935074.0,1711939472.0,3329.0,70.74490550100305,1720.4204199273784,6218.0,1820.0,4398.0,SDD2,solexs
1711969357.0,1711970240.0,1711970514.0,36.0,11.782599514306831,31.551641843164035,1157.0,883.0,274.0,SDD2,solexs
1712254942.0,1712254988.0,1712255075.0,32.0,14.258789990497307,21.011492297902098,133.0,46.0,87.0,SDD2,solexs
1712285563.0,1712286309.0,1712288028.0,199.0,22.63731390560659,180.75956363577998,2465.0,746.0,1719.0,SDD2,solexs
1712322159.0,1712322408.0,1712323050.0,94.0,17.556488227219933,84.18079666053445,891.0,249.0,642.0,SDD2,solexs
1712336527.0,1712336814.0,1712337144.0,52.0,17.544504276211594,36.787726552345674,617.0,287.0,330.0,SDD2,solexs
1712337919.0,1712338014.0,1712338477.0,47.0,17.11033681765389,31.93889648134922,558.0,95.0,463.0,SDD2,solexs
1712340160.0,1712340259.0,1712340437.0,42.0,15.687361419068736,29.710122820222104,277.0,99.0,178.0,SDD2,solexs
1712365702.0,1712366578.0,1712367300.0,63.0,16.707739415056487,49.632681365114415,1598.0,876.0,722.0,SDD2,solexs
1712517884.0,1712517949.0,1712518185.0,37.0,16.114243480097137,23.359851196191546,301.0,65.0,236.0,SDD2,solexs
1712544973.0,1712546047.0,1712546316.0,54.0,21.499419279907084,27.694612802789646,1343.0,1074.0,269.0,SDD2,solexs
1712549787.0,1712549735.0,1712549946.0,38.0,19.708848062506597,18.217009500154056,159.0,-52.0,211.0,SDD2,solexs
1712618978.0,1712619026.0,1712619085.0,32.0,13.688997993876043,22.136337674299014,107.0,48.0,59.0,SDD2,solexs
1712634566.0,1712635021.0,1712635093.0,37.0,13.863953120050681,27.286848508879,527.0,455.0,72.0,SDD2,solexs
1712700566.0,1712700633.0,1712700811.0,34.0,14.32989700617195,23.14188525818238,245.0,67.0,178.0,SDD2,solexs
1712715503.0,1712715696.0,1712716077.0,113.0,14.618730862633301,115.46540398432957,574.0,193.0,381.0,SDD2,solexs
1712721907.0,1712721932.0,1712721973.0,41.0,14.687361419068736,30.704887278371665,66.0,25.0,41.0,SDD2,solexs
1712728265.0,1712728339.0,1712728393.0,43.0,15.639742371449689,30.940005238339875,128.0,74.0,54.0,SDD2,solexs
1712728734.0,1712728943.0,1712729751.0,59.0,16.495354239256677,47.6166297987269,1017.0,209.0,808.0,SDD2,solexs
1712730956.0,1712731341.0,1712733127.0,103.0,29.276422764227643,56.6237316514738,2171.0,385.0,1786.0,SDD2,solexs
1712749573.0,1712749835.0,1712750717.0,239.0,21.78259951430683,213.5009140931665,1144.0,262.0,882.0,SDD2,solexs
1712753155.0,1712753320.0,1712753638.0,102.0,25.258789990497306,68.28689556347126,483.0,165.0,318.0,SDD2,solexs
1712755854.0,1712755993.0,1712756289.0,95.0,26.544504276211594,59.427197062442985,435.0,139.0,296.0,SDD2,solexs
1712759497.0,1712759674.0,1712759849.0,82.0,33.2452750501531,37.81054674297083,352.0,177.0,175.0,SDD2,solexs
1712761972.0,1712761996.0,1712762056.0,63.0,35.92545665716398,20.20109864916659,84.0,24.0,60.0,SDD2,solexs
1712767439.0,1712767612.0,1712767805.0,62.0,33.92545665716398,21.55583484662259,366.0,173.0,193.0,SDD2,solexs
1712768442.0,1712768550.0,1712768755.0,79.0,35.85587583148559,32.30081558983173,313.0,108.0,205.0,SDD2,solexs
1712769154.0,1712769514.0,1712769743.0,85.0,34.449266180973495,38.517001865585286,589.0,360.0,229.0,SDD2,solexs
1712770408.0,1712771283.0,1712771668.0,96.0,34.449266180973495,46.898423627695664,1260.0,875.0,385.0,SDD2,solexs
1712789513.0,1712789561.0,1712789710.0,60.0,22.372347165030092,35.53071462732783,197.0,48.0,149.0,SDD2,solexs
1712790143.0,1712790184.0,1712790216.0,45.0,21.54233977404709,22.606570747912482,73.0,41.0,32.0,SDD2,solexs
1712793523.0,1712793655.0,1712793932.0,57.0,24.774205469327423,29.025804601468195,409.0,132.0,277.0,SDD2,solexs
1712798612.0,1712799372.0,1712799874.0,117.0,24.831907929468905,82.35820611819916,1262.0,760.0,502.0,SDD2,solexs
1712805750.0,1712806031.0,1712806794.0,115.0,23.21117094287826,85.04095843805332,1044.0,281.0,763.0,SDD2,solexs
1712808435.0,1712808562.0,1712808794.0,47.0,21.734980466687784,24.23566881020823,359.0,127.0,232.0,SDD2,solexs
1712816340.0,1712816642.0,1712817304.0,78.0,23.341357829162707,51.24162902983785,964.0,302.0,662.0,SDD2,solexs
1712825629.0,1712825724.0,1712825793.0,42.0,21.237039383380846,20.143318274260057,164.0,95.0,69.0,SDD2,solexs
1712829204.0,1712829414.0,1712829859.0,184.0,28.78259951430683,129.3869263687709,655.0,210.0,445.0,SDD2,solexs
1712830747.0,1712830913.0,1712831427.0,63.0,35.11593284764017,21.043550324507933,680.0,166.0,514.0,SDD2,solexs
1712833042.0,1712833836.0,1712835460.0,174.0,36.92545665716398,100.44753662839712,2418.0,794.0,1624.0,SDD2,solexs
1712843941.0,1712844593.0,1712847363.0,337.0,34.505965579136316,242.516001562268,3422.0,652.0,2770.0,SDD2,solexs
1712849931.0,1712850078.0,1712850362.0,67.0,24.687361419068736,38.084457070816434,431.0,147.0,284.0,SDD2,solexs
1712852054.0,1712852424.0,1712853168.0,173.0,25.222890930208003,132.5568253046663,1114.0,370.0,744.0,SDD2,solexs
1712854583.0,1712855185.0,1712858621.0,4426.0,58.067469116249605,3254.729323669503,4038.0,602.0,3436.0,SDD2,solexs
1712862090.0,1712866861.0,1712866989.0,251.0,107.38976876781756,46.82708200661655,4899.0,4771.0,128.0,SDD2,solexs
1712868602.0,1712869812.0,1712870103.0,296.0,219.95053320663075,22.609529200808396,1501.0,1210.0,291.0,SDD2,solexs
1712871916.0,1712871963.0,1712875260.0,277.0,182.69042339774046,28.98090980384659,3344.0,47.0,3297.0,SDD2,solexs
1712876908.0,1712877252.0,1712877878.0,248.0,124.78259951430684,49.00323068290884,970.0,344.0,626.0,SDD2,solexs
1712879150.0,1712879374.0,1712880472.0,193.0,120.19279907084785,29.26247191324295,1322.0,224.0,1098.0,SDD2,solexs
1712881853.0,1712881997.0,1712882306.0,155.0,109.25878999049732,19.556070210642464,453.0,144.0,309.0,SDD2,solexs
1712884513.0,1712884517.0,1712885813.0,132.0,81.03389293633197,24.041184839595704,1300.0,4.0,1296.0,SDD2,solexs
1712891796.0,1712892399.0,1712893395.0,259.0,62.36838770985113,113.6862767323302,1599.0,603.0,996.0,SDD2,solexs
1712894352.0,1712894976.0,1712895452.0,109.0,63.631929046563194,25.60082854600235,1100.0,624.0,476.0,SDD2,solexs
1712900095.0,1712900619.0,1712901816.0,101.0,45.3445781860416,36.88872193868184,1721.0,524.0,1197.0,SDD2,solexs
1712902358.0,1712902445.0,1712902470.0,93.0,43.30640903811636,33.770640058374184,112.0,87.0,25.0,SDD2,solexs
1712907338.0,1712907398.0,1712908137.0,86.0,40.22426354133671,32.54309800121821,799.0,60.0,739.0,SDD2,solexs
1712920391.0,1712920925.0,1712922151.0,143.0,47.85587583148559,62.161753816714594,1760.0,534.0,1226.0,SDD2,solexs
1712924747.0,1712924846.0,1712925076.0,79.0,36.93231971280752,30.87051042884626,329.0,99.0,230.0,SDD2,solexs
1712928533.0,1712928664.0,1712928869.0,73.0,32.11931158272621,32.264826442480064,336.0,131.0,205.0,SDD2,solexs
1712929311.0,1712929471.0,1712931542.0,166.0,13.499446786167471,113.73644032838469,2231.0,160.0,2071.0,SDD2,solexs
1712961374.0,1712961766.0,1712962737.0,55.0,11.782599514306831,56.30579311444809,1363.0,392.0,971.0,SDD2,solexs
1712963581.0,1712963671.0,1712963857.0,141.0,38.92545665716398,73.13898999461036,276.0,90.0,186.0,SDD2,solexs
1712969598.0,1712969703.0,1712970344.0,61.0,30.91162496040545,23.627359094635274,746.0,105.0,641.0,SDD2,solexs
1712984371.0,1712984548.0,1712984780.0,1775.0,30.069580825678386,1423.9055748688995,409.0,177.0,232.0,SDD2,solexs
1712993617.0,1712993865.0,1712994913.0,96.0,32.620631401119205,49.558004354118225,1296.0,248.0,1048.0,SDD2,solexs
1712996991.0,1712997298.0,1712997959.0,62.0,29.068313800021116,27.316122165779248,968.0,307.0,661.0,SDD2,solexs
1712999814.0,1713000964.0,1713002081.0,109.0,37.72067363530778,50.27538513465576,2267.0,1150.0,1117.0,SDD2,solexs
1713004087.0,1713004555.0,1713004925.0,80.0,37.75187414211804,30.693195518219227,838.0,468.0,370.0,SDD2,solexs
1713009266.0,1713009276.0,1713009593.0,64.0,34.70752824411361,22.30391368776171,327.0,10.0,317.0,SDD2,solexs
1713011026.0,1713011053.0,1713011558.0,79.0,35.35402808573541,32.82764402536623,532.0,27.0,505.0,SDD2,solexs
1713012059.0,1713012282.0,1713012716.0,103.0,36.30640903811636,49.212994340539296,657.0,223.0,434.0,SDD2,solexs
1713014392.0,1713014529.0,1713014805.0,77.0,36.30640903811636,30.202950098680994,413.0,137.0,276.0,SDD2,solexs
1713015326.0,1713015417.0,1713015489.0,65.0,37.41727378312744,20.1544877377177,163.0,91.0,72.0,SDD2,solexs
1713016565.0,1713017069.0,1713017822.0,154.0,36.932530883750395,85.48358229636013,1257.0,504.0,753.0,SDD2,solexs
1713019995.0,1713020418.0,1713021421.0,285.0,39.830218561925875,173.73030934389726,1426.0,423.0,1003.0,SDD2,solexs
1713022619.0,1713022659.0,1713022923.0,85.0,47.63446309787773,24.120411532772447,304.0,40.0,264.0,SDD2,solexs
1713028840.0,1713028874.0,1713028918.0,60.0,31.26005701615458,22.982240370911846,78.0,34.0,44.0,SDD2,solexs
1713033688.0,1713033755.0,1713033845.0,60.0,30.560236511456026,23.80193579775614,157.0,67.0,90.0,SDD2,solexs
1713037621.0,1713037638.0,1713037697.0,50.0,27.895048041389504,18.6897425538022,76.0,17.0,59.0,SDD2,solexs
1713042400.0,1713042683.0,1713043087.0,87.0,26.968060394889662,51.88871372415886,687.0,283.0,404.0,SDD2,solexs
1713056030.0,1713056464.0,1713057237.0,130.0,29.069791996621266,84.60748337175802,1207.0,434.0,773.0,SDD2,solexs
1713058738.0,1713058807.0,1713059238.0,62.0,32.830218561925875,22.767287193979662,500.0,69.0,431.0,SDD2,solexs
1713061785.0,1713061951.0,1713063016.0,3591.0,29.687361419068736,2923.0705601919944,1231.0,166.0,1065.0,SDD2,solexs
1713072432.0,1713072611.0,1713073043.0,99.0,49.83776792313378,31.51303833797621,611.0,179.0,432.0,SDD2,solexs
1713075613.0,1713076909.0,1713078713.0,135.0,61.969380213282655,38.391584022623505,3100.0,1296.0,1804.0,SDD2,solexs
1713086254.0,1713086569.0,1713086746.0,71.0,36.35402808573541,25.697535673377256,492.0,315.0,177.0,SDD2,solexs
1713089468.0,1713089523.0,1713089545.0,73.0,41.11989230281913,22.219902839707867,77.0,55.0,22.0,SDD2,solexs
1713090479.0,1713092716.0,1713096301.0,264.0,78.47270615563298,76.40851745719058,5822.0,2237.0,3585.0,SDD2,solexs
1713096750.0,1713097016.0,1713097308.0,116.0,61.59212332383064,31.003747208603265,558.0,266.0,292.0,SDD2,solexs
1713098699.0,1713098850.0,1713099580.0,115.0,62.48257839721255,29.926491583407625,881.0,151.0,730.0,SDD2,solexs
1713100410.0,1713102318.0,1713105357.0,218.0,66.81010452961672,51.84448974274871,4947.0,1908.0,3039.0,SDD2,solexs
1713107100.0,1713107332.0,1713110260.0,286.0,52.581987118572485,129.4641334418837,3160.0,232.0,2928.0,SDD2,solexs
1713111850.0,1713112080.0,1713113248.0,507.0,48.11593284764017,295.8513270540424,1398.0,230.0,1168.0,SDD2,solexs
1713113592.0,1713113671.0,1713113845.0,103.0,60.687361419068736,24.290473376418614,253.0,79.0,174.0,SDD2,solexs
1713114674.0,1713114816.0,1713115142.0,111.0,60.449266180973495,29.076822523852783,468.0,142.0,326.0,SDD2,solexs
1713116250.0,1713117117.0,1713117562.0,139.0,61.801182557280114,43.02147997708361,1312.0,867.0,445.0,SDD2,solexs
1713118560.0,1713119350.0,1713121346.0,410.0,65.32520325203252,181.75314603292193,2786.0,790.0,1996.0,SDD2,solexs
1713122710.0,1713123014.0,1713124914.0,136.0,48.744271988174425,57.08051876386735,2204.0,304.0,1900.0,SDD2,solexs
1713125428.0,1713125822.0,1713125784.0,71.0,43.97307570478302,18.270763827183323,356.0,394.0,-38.0,SDD2,solexs
1713128246.0,1713129187.0,1713129147.0,77.0,40.92545665716398,23.68596837154691,901.0,941.0,-40.0,SDD2,solexs
1713130571.0,1713130812.0,1713131562.0,103.0,59.27462781121318,25.402246323338726,991.0,241.0,750.0,SDD2,solexs
1713132942.0,1713135891.0,1713137320.0,206.0,79.78312744166402,58.98575736806513,4378.0,2949.0,1429.0,SDD2,solexs
1713138715.0,1713139738.0,1713140210.0,217.0,71.65690001055854,77.1385593432435,1495.0,1023.0,472.0,SDD2,solexs
1713141105.0,1713141040.0,1713142124.0,92.0,47.287878787878796,26.786441161512613,1019.0,-65.0,1084.0,SDD2,solexs
1713143499.0,1713143899.0,1713148374.0,1205.0,56.02069475240207,743.3068531788313,4875.0,400.0,4475.0,SDD2,solexs
1713149679.0,1713152008.0,1713153701.0,334.0,62.056752190898536,87.93841155845504,4022.0,2329.0,1693.0,SDD2,solexs
1713154392.0,1713154654.0,1713155821.0,260.0,94.21117094287825,73.71339986621027,1429.0,262.0,1167.0,SDD2,solexs
1713156187.0,1713156337.0,1713156737.0,286.0,94.21117094287825,88.3663882424723,550.0,150.0,400.0,SDD2,solexs
1713157110.0,1713158535.0,1713158785.0,191.0,106.16355189525922,35.01023027063883,1675.0,1425.0,250.0,SDD2,solexs
1713159211.0,1713159460.0,1713162628.0,480.0,112.3748284236089,145.08915139744224,3417.0,249.0,3168.0,SDD2,solexs
1713164555.0,1713166353.0,1713167958.0,657.0,111.02069475240208,197.5089873501834,3403.0,1798.0,1605.0,SDD2,solexs
1713168797.0,1713170548.0,1713172394.0,1792.0,111.02069475240208,636.9403007253858,3597.0,1751.0,1846.0,SDD2,solexs
1713173172.0,1713173540.0,1713175981.0,788.0,64.90513145391193,350.1220374008639,2809.0,368.0,2441.0,SDD2,solexs
1713177163.0,1713177194.0,1713177435.0,77.0,47.16355189525921,19.42937661704129,272.0,31.0,241.0,SDD2,solexs
1713179004.0,1713180891.0,1713185175.0,154.0,63.362474923450534,43.644747724857226,6171.0,1887.0,4284.0,SDD2,solexs
1713187805.0,1713190611.0,1713193122.0,1604.0,57.593548727695065,457.45697081398026,5317.0,2806.0,2511.0,SDD2,solexs
1713198864.0,1713200738.0,1713202376.0,272.0,50.38528138528138,114.59689583823926,3512.0,1874.0,1638.0,SDD2,solexs
1713203274.0,1713203636.0,1713203983.0,104.0,41.79136310843628,43.042401182400724,709.0,362.0,347.0,SDD2,solexs
1713205630.0,1713206418.0,1713206790.0,104.0,40.11593284764017,45.107536324905055,1160.0,788.0,372.0,SDD2,solexs
1713208081.0,1713208332.0,1713208773.0,203.0,43.35402808573541,108.43219159948154,692.0,251.0,441.0,SDD2,solexs
1713209335.0,1713209527.0,1713212519.0,3132.0,52.11593284764017,1912.143271343139,3184.0,192.0,2992.0,SDD2,solexs
1713212973.0,1713213035.0,1713213164.0,80.0,40.16355189525921,28.111210697438676,191.0,62.0,129.0,SDD2,solexs
1713214014.0,1713214441.0,1713216638.0,222.0,56.5982472811741,116.71832559417435,2624.0,427.0,2197.0,SDD2,solexs
1713217259.0,1713217399.0,1713219017.0,270.0,58.41336712068419,116.00225283053089,1758.0,140.0,1618.0,SDD2,solexs
1713219567.0,1713219763.0,1713220083.0,121.0,41.73498046668779,54.857576448152074,516.0,196.0,320.0,SDD2,solexs
1713225179.0,1713225306.0,1713226318.0,185.0,38.30281913208743,107.20426128794288,1139.0,127.0,1012.0,SDD2,solexs
1713229267.0,1713229657.0,1713230140.0,114.0,45.258789990497306,45.696264645398216,873.0,390.0,483.0,SDD2,solexs
1713231427.0,1713231709.0,1713232849.0,98.0,47.644071375778694,32.69270509835377,1422.0,282.0,1140.0,SDD2,solexs
1713236339.0,1713236396.0,1713236938.0,79.0,39.12865589694858,28.10537418666753,599.0,57.0,542.0,SDD2,solexs
1713251608.0,1713251727.0,1713251866.0,59.0,34.49688522859255,18.657194978193242,258.0,119.0,139.0,SDD2,solexs
1713254704.0,1713255561.0,1713255850.0,84.0,37.37430049625172,32.58188057752461,1146.0,857.0,289.0,SDD2,solexs
1713259296.0,1713259363.0,1713259534.0,95.0,57.639742371449685,22.00715208280243,238.0,67.0,171.0,SDD2,solexs
1713262239.0,1713262616.0,1713263342.0,182.0,61.3540280857354,68.88208491883883,1103.0,377.0,726.0,SDD2,solexs
1713266150.0,1713266259.0,1713266284.0,83.0,52.11593284764017,19.132169861024817,134.0,109.0,25.0,SDD2,solexs
1713274778.0,1713274887.0,1713275331.0,81.0,41.35402808573541,27.57116755990982,553.0,109.0,444.0,SDD2,solexs
1713276822.0,1713276826.0,1713276891.0,74.0,44.73498046668778,19.567718415788903,69.0,4.0,65.0,SDD2,solexs
1713281374.0,1713281655.0,1713285742.0,275.0,56.786611762221526,149.734353443659,4368.0,281.0,4087.0,SDD2,solexs
1713288044.0,1713290527.0,1713293485.0,666.0,72.25535846267553,222.9554174794004,5441.0,2483.0,2958.0,SDD2,solexs
1713306149.0,1713306191.0,1713306760.0,73.0,39.211170942878255,24.13143973809068,611.0,42.0,569.0,SDD2,solexs
1713312894.0,1713313053.0,1713313541.0,118.0,40.066782810685254,55.21696745759052,647.0,159.0,488.0,SDD2,solexs
1713315318.0,1713315692.0,1713316461.0,119.0,44.31116038433112,49.37147260025835,1143.0,374.0,769.0,SDD2,solexs
1713320431.0,1713320971.0,1713321377.0,88.0,45.429046563192905,27.491979868497662,946.0,540.0,406.0,SDD2,solexs
1713323809.0,1713324467.0,1713326962.0,480.0,48.24844261429628,280.75199323425136,3153.0,658.0,2495.0,SDD2,solexs
1713329296.0,1713329429.0,1713329764.0,83.0,47.940766550522646,22.556827533308024,468.0,133.0,335.0,SDD2,solexs
1713330382.0,1713330409.0,1713330535.0,70.0,44.69464681659804,16.866674080122404,153.0,27.0,126.0,SDD2,solexs
1713332662.0,1713333044.0,1713333298.0,88.0,41.258789990497306,32.542933986696035,636.0,382.0,254.0,SDD2,solexs
1713338916.0,1713339008.0,1713339473.0,647.0,36.877837609544926,450.62324688484387,557.0,92.0,465.0,SDD2,solexs
1713343511.0,1713344024.0,1713344444.0,118.0,48.58299018055116,44.51283622265488,933.0,513.0,420.0,SDD2,solexs
1713348077.0,1713350435.0,1713351375.0,122.0,65.81321930102418,29.246297381194072,3298.0,2358.0,940.0,SDD2,solexs
1713361457.0,1713362608.0,1713364061.0,156.0,78.92355611867808,41.059178089265586,2604.0,1151.0,1453.0,SDD2,solexs
1713366466.0,1713366757.0,1713367407.0,142.0,80.59212332383063,30.590937003012623,941.0,291.0,650.0,SDD2,solexs
1713368788.0,1713368880.0,1713369532.0,363.0,85.62453806356245,132.9046055258816,744.0,92.0,652.0,SDD2,solexs
1713370481.0,1713370411.0,1713370549.0,108.0,73.11593284764017,18.242421399488197,68.0,-70.0,138.0,SDD2,solexs
1713371867.0,1713372456.0,1713372720.0,283.0,62.687361419068736,124.44126422291677,853.0,589.0,264.0,SDD2,solexs
1713374438.0,1713375153.0,1713375903.0,109.0,63.47851335656213,25.526601551062424,1465.0,715.0,750.0,SDD2,solexs
1713377014.0,1713377979.0,1713378349.0,228.0,59.3540280857354,97.89620838536692,1335.0,965.0,370.0,SDD2,solexs
1713378851.0,1713378920.0,1713379124.0,115.0,58.123746172526666,33.229126760651546,273.0,69.0,204.0,SDD2,solexs
1713381009.0,1713381280.0,1713381429.0,95.0,56.09830007390983,23.282588124105725,420.0,271.0,149.0,SDD2,solexs
1713383294.0,1713383427.0,1713383734.0,104.0,54.02069475240207,30.410609882856264,440.0,133.0,307.0,SDD2,solexs
1713384134.0,1713384508.0,1713386657.0,649.0,68.1621792841305,335.77168590584563,2523.0,374.0,2149.0,SDD2,solexs
1713387528.0,1713388827.0,1713390248.0,197.0,84.83021856192588,51.25495220352985,2720.0,1299.0,1421.0,SDD2,solexs
1713391207.0,1713391667.0,1713397892.0,1063.0,116.44541231126598,468.7737820301481,6685.0,460.0,6225.0,SDD2,solexs
1713398651.0,1713398559.0,1713398740.0,135.0,92.02069475240208,20.036916454478757,89.0,-92.0,181.0,SDD2,solexs
1713400906.0,1713403160.0,1713404609.0,326.0,139.30640903811636,70.54795708760741,3703.0,2254.0,1449.0,SDD2,solexs
1713405659.0,1713406782.0,1713407031.0,293.0,139.83021856192588,55.83013316775224,1372.0,1123.0,249.0,SDD2,solexs
1713407625.0,1713408500.0,1713409682.0,1557.0,153.1991341991342,509.28302963687304,2057.0,875.0,1182.0,SDD2,solexs
1713410047.0,1713410239.0,1713412634.0,328.0,141.173952064196,56.14067355437063,2587.0,192.0,2395.0,SDD2,solexs
1713413662.0,1713414050.0,1713415412.0,260.0,114.74216027874564,58.60438516675795,1750.0,388.0,1362.0,SDD2,solexs
1713416105.0,1713416446.0,1713417751.0,235.0,79.95670995670994,71.3853169859555,1646.0,341.0,1305.0,SDD2,solexs
1713419018.0,1713420579.0,1713422162.0,417.0,103.23471650300917,138.35712996246542,3144.0,1561.0,1583.0,SDD2,solexs
1713422894.0,1713423653.0,1713423725.0,145.0,91.59914475768134,25.038411424542453,831.0,759.0,72.0,SDD2,solexs
1713424805.0,1713425814.0,1713431401.0,861.0,142.17896737408935,337.0021837137694,6596.0,1009.0,5587.0,SDD2,solexs
1713432291.0,1713432587.0,1713433506.0,180.0,118.49688522859253,25.220857623651252,1215.0,296.0,919.0,SDD2,solexs
1713434301.0,1713434974.0,1713435287.0,198.0,118.49688522859253,32.66221808197286,986.0,673.0,313.0,SDD2,solexs
1713435595.0,1713436636.0,1713437331.0,213.0,115.92545665716398,40.320967679265465,1736.0,1041.0,695.0,SDD2,solexs
1713438026.0,1713438120.0,1713438304.0,203.0,115.59212332383063,36.35812241559118,278.0,94.0,184.0,SDD2,solexs
1713439196.0,1713441104.0,1713442252.0,532.0,157.14211804455707,123.197856125701,3056.0,1908.0,1148.0,SDD2,solexs
1713442774.0,1713442951.0,1713445544.0,258.0,102.40766550522648,54.85873910562163,2770.0,177.0,2593.0,SDD2,solexs
1713446693.0,1713446794.0,1713446816.0,119.0,77.16355189525922,21.299219964895325,123.0,101.0,22.0,SDD2,solexs
1713447474.0,1713448362.0,1713449860.0,164.0,77.16355189525922,44.20494300173476,2386.0,888.0,1498.0,SDD2,solexs
1713450536.0,1713452685.0,1713454559.0,156.0,71.97307570478301,43.15313092964968,4023.0,2149.0,1874.0,SDD2,solexs
1713455748.0,1713455756.0,1713455945.0,84.0,51.83021856192588,19.983501527480126,197.0,8.0,189.0,SDD2,solexs
1713457160.0,1713458786.0,1713460547.0,568.0,68.63974237144969,225.32993027524952,3387.0,1626.0,1761.0,SDD2,solexs
1713461533.0,1713461630.0,1713461979.0,121.0,62.812057860838344,32.575510588614655,446.0,97.0,349.0,SDD2,solexs
1713463993.0,1713464755.0,1713465033.0,109.0,58.57121740048569,29.729797678118768,1040.0,762.0,278.0,SDD2,solexs
1713467770.0,1713470219.0,1713479040.0,1026.0,217.0402280646183,251.45892329394655,11270.0,2449.0,8821.0,SDD2,solexs
1713480381.0,1713480511.0,1713482187.0,182.0,85.7266392144441,40.38502000430041,1806.0,130.0,1676.0,SDD2,solexs
1713484002.0,1713484032.0,1713485296.0,104.0,61.24759793052476,23.049910119627445,1294.0,30.0,1264.0,SDD2,solexs
1713489015.0,1713490030.0,1713490245.0,162.0,53.30640903811636,65.277449456369,1230.0,1015.0,215.0,SDD2,solexs
1713490846.0,1713491855.0,1713493513.0,188.0,89.76090169992611,53.135459438108974,2667.0,1009.0,1658.0,SDD2,solexs
1713494840.0,1713495250.0,1713497569.0,244.0,97.83058811107593,62.92301876435398,2729.0,410.0,2319.0,SDD2,solexs
1713499312.0,1713499393.0,1713499430.0,103.0,72.2587899904973,16.17300099461073,118.0,81.0,37.0,SDD2,solexs
1713500503.0,1713500787.0,1713501013.0,129.0,72.2587899904973,29.85164362871313,510.0,284.0,226.0,SDD2,solexs
1713501714.0,1713502407.0,1713505097.0,1494.0,67.43216133460035,736.3380850526464,3383.0,693.0,2690.0,SDD2,solexs
1713507022.0,1713507784.0,1713508340.0,95.0,51.40164713335445,27.19546956879648,1318.0,762.0,556.0,SDD2,solexs
1713509585.0,1713509719.0,1713509779.0,88.0,57.785450322035686,17.841130889027944,194.0,134.0,60.0,SDD2,solexs
1713515055.0,1713516039.0,1713516361.0,121.0,59.267447999155316,35.10111865570271,1306.0,984.0,322.0,SDD2,solexs
1713517256.0,1713517809.0,1713519055.0,119.0,64.1961778059339,28.70272006827497,1799.0,553.0,1246.0,SDD2,solexs
1713523360.0,1713523421.0,1713523803.0,95.0,56.83021856192588,22.643575672042864,443.0,61.0,382.0,SDD2,solexs
1713525104.0,1713525621.0,1713526103.0,235.0,70.57586316122902,87.45129081989677,999.0,517.0,482.0,SDD2,solexs
1713527026.0,1713527374.0,1713527736.0,117.0,72.16355189525922,23.6040892581914,710.0,348.0,362.0,SDD2,solexs
1713528362.0,1713528530.0,1713528788.0,105.0,64.67110125646711,22.29716996252715,426.0,168.0,258.0,SDD2,solexs
1713529323.0,1713529366.0,1713529803.0,97.0,54.897793263646925,24.97141018660619,480.0,43.0,437.0,SDD2,solexs
1713531437.0,1713531963.0,1713533624.0,547.0,63.96874670045402,294.4266772962907,2187.0,526.0,1661.0,SDD2,solexs
1713534014.0,1713534083.0,1713534349.0,138.0,93.87783760954494,20.365273541482242,335.0,69.0,266.0,SDD2,solexs
1713534811.0,1713535379.0,1713537265.0,209.0,88.97265336289726,55.40049748902834,2454.0,568.0,1886.0,SDD2,solexs
1713538756.0,1713539161.0,1713540051.0,198.0,68.21117094287825,69.36866494944196,1295.0,405.0,890.0,SDD2,solexs
1713540631.0,1713540926.0,1713542785.0,137.0,67.97191426459719,37.377743140208885,2154.0,295.0,1859.0,SDD2,solexs
1713548210.0,1713548600.0,1713549151.0,199.0,51.80551156160912,92.04964601078832,941.0,390.0,551.0,SDD2,solexs
1713549756.0,1713549802.0,1713549889.0,113.0,51.59212332383064,38.233792397108424,133.0,46.0,87.0,SDD2,solexs
1713552450.0,1713553397.0,1713555597.0,166.0,54.54450427621159,54.847139911887496,3147.0,947.0,2200.0,SDD2,solexs
1713556207.0,1713556336.0,1713556861.0,120.0,73.5445042762116,24.225736219182835,654.0,129.0,525.0,SDD2,solexs
1713557578.0,1713557794.0,1713558158.0,137.0,67.59212332383063,37.75510755198949,580.0,216.0,364.0,SDD2,solexs
1713559563.0,1713559862.0,1713560525.0,161.0,69.52486537852391,49.42566490311633,962.0,299.0,663.0,SDD2,solexs
1713561652.0,1713562405.0,1713563728.0,119.0,70.83021856192588,24.99734125699324,2076.0,753.0,1323.0,SDD2,solexs
1713565252.0,1713565955.0,1713566488.0,143.0,62.258789990497306,45.618498396146414,1236.0,703.0,533.0,SDD2,solexs
1713567155.0,1713567256.0,1713567272.0,104.0,69.56620209059233,18.50056637721767,117.0,101.0,16.0,SDD2,solexs
1713570059.0,1713570159.0,1713570613.0,98.0,54.060922817020376,26.300805522806858,554.0,100.0,454.0,SDD2,solexs
1713574901.0,1713575168.0,1713576080.0,195.0,46.39193326998205,93.8222104835631,1179.0,267.0,912.0,SDD2,solexs
1713577721.0,1713578117.0,1713578938.0,119.0,42.04107274838982,51.48219096326257,1217.0,396.0,821.0,SDD2,solexs
1713581776.0,1713581840.0,1713582277.0,67.0,38.68165980361102,20.41126853612308,501.0,64.0,437.0,SDD2,solexs
1713584107.0,1713584271.0,1713584923.0,92.0,40.23302713546616,35.836571211567545,816.0,164.0,652.0,SDD2,solexs
1713587016.0,1713587153.0,1713587326.0,80.0,37.11593284764017,31.479713785493615,310.0,137.0,173.0,SDD2,solexs
1713588187.0,1713588302.0,1713588995.0,82.0,44.449266180973495,25.188431729568627,808.0,115.0,693.0,SDD2,solexs
1713594203.0,1713594430.0,1713596060.0,170.0,44.71322985957133,87.11970546292892,1857.0,227.0,1630.0,SDD2,solexs
1713597017.0,1713597231.0,1713597435.0,87.0,44.92545665716398,28.072956888531007,418.0,214.0,204.0,SDD2,solexs
1713598209.0,1713598244.0,1713598315.0,73.0,45.6624432478091,18.079192262904787,106.0,35.0,71.0,SDD2,solexs
1713598779.0,1713598961.0,1713599251.0,82.0,44.59212332383064,25.052379352895702,472.0,182.0,290.0,SDD2,solexs
1713599978.0,1713600597.0,1713601588.0,122.0,39.49329532256361,56.83973501435179,1610.0,619.0,991.0,SDD2,solexs
1713602480.0,1713602899.0,1713603955.0,160.0,37.78259951430683,88.92054638089859,1475.0,419.0,1056.0,SDD2,solexs
1713604481.0,1713604718.0,1713605202.0,123.0,38.722626966529404,59.35472970379245,721.0,237.0,484.0,SDD2,solexs
1713610932.0,1713611007.0,1713611006.0,63.0,35.854819976771196,20.27034148320207,74.0,75.0,-1.0,SDD2,solexs
1713613678.0,1713613939.0,1713614342.0,138.0,39.16355189525921,70.63030654795142,664.0,261.0,403.0,SDD2,solexs
1713617234.0,1713617474.0,1713617731.0,102.0,44.83021856192588,38.1852907392103,497.0,240.0,257.0,SDD2,solexs
1713618278.0,1713618453.0,1713618715.0,100.0,48.874353288987436,32.75074494264998,437.0,175.0,262.0,SDD2,solexs
1713623281.0,1713623567.0,1713623613.0,75.0,41.62369337979094,23.00305920477446,332.0,286.0,46.0,SDD2,solexs
1713624923.0,1713626224.0,1713627055.0,157.0,56.00168936754302,57.899301954921924,2132.0,1301.0,831.0,SDD2,solexs
1713628024.0,1713628065.0,1713628207.0,147.0,90.61989230281912,26.471206738452977,183.0,41.0,142.0,SDD2,solexs
1713628986.0,1713629179.0,1713630025.0,117.0,66.88644282546721,26.089639840801553,1039.0,193.0,846.0,SDD2,solexs
1713631051.0,1713631255.0,1713631598.0,204.0,65.78259951430684,76.21179715689237,547.0,204.0,343.0,SDD2,solexs
1713632182.0,1713632692.0,1713634697.0,371.0,64.74326892619575,166.41563845714018,2515.0,510.0,2005.0,SDD2,solexs
1713636404.0,1713636443.0,1713636478.0,77.0,47.877837609544926,18.82224202132345,74.0,39.0,35.0,SDD2,solexs
1713636794.0,1713636972.0,1713637287.0,100.0,47.877837609544926,33.68760677982532,493.0,178.0,315.0,SDD2,solexs
1713638293.0,1713638330.0,1713638499.0,88.0,43.7037271671418,29.862033091192842,206.0,37.0,169.0,SDD2,solexs
1713640293.0,1713640465.0,1713641522.0,88.0,42.687361419068736,31.015921898591397,1229.0,172.0,1057.0,SDD2,solexs
1713643772.0,1713643827.0,1713643978.0,66.0,36.687361419068736,21.642711587820465,206.0,55.0,151.0,SDD2,solexs
1713644999.0,1713645016.0,1713645102.0,61.0,36.687361419068736,17.951008514406308,103.0,17.0,86.0,SDD2,solexs
1713645448.0,1713645557.0,1713645668.0,67.0,36.687361419068736,22.381052202503295,220.0,109.0,111.0,SDD2,solexs
1713646307.0,1713646584.0,1713647999.0,121.0,48.877837609544926,46.13470470451516,1692.0,277.0,1415.0,SDD2,solexs
1713649424.0,1713650256.0,1713652545.0,216.0,53.942614296272836,101.17369968475792,3121.0,832.0,2289.0,SDD2,solexs
1713655081.0,1713655113.0,1713655207.0,77.0,45.224897054165346,21.06369445672309,126.0,32.0,94.0,SDD2,solexs
1713661367.0,1713661986.0,1713663716.0,282.0,55.76137683454757,150.83371191146222,2349.0,619.0,1730.0,SDD2,solexs
1713665083.0,1713666364.0,1713667297.0,239.0,69.12290148875515,89.25115601914872,2214.0,1281.0,933.0,SDD2,solexs
1713671671.0,1713671657.0,1713672162.0,91.0,53.97307570478302,21.982244080465403,491.0,-14.0,505.0,SDD2,solexs
1713673841.0,1713674798.0,1713675657.0,148.0,55.081723154893886,55.64255375961298,1816.0,957.0,859.0,SDD2,solexs
1713676542.0,1713676885.0,1713677405.0,135.0,69.78534473656424,34.880961994061224,863.0,343.0,520.0,SDD2,solexs
1713679294.0,1713679341.0,1713679833.0,108.0,62.68424664766128,25.327659427470223,539.0,47.0,492.0,SDD2,solexs
1713681230.0,1713681113.0,1713681435.0,81.0,50.13578291627071,19.256691926783663,205.0,-117.0,322.0,SDD2,solexs
1713684555.0,1713685004.0,1713686764.0,114.0,51.78259951430683,38.66650648934752,2209.0,449.0,1760.0,SDD2,solexs
1713688837.0,1713688909.0,1713689147.0,81.0,42.35402808573541,26.55656327437418,310.0,72.0,238.0,SDD2,solexs
1713695698.0,1713695843.0,1713696363.0,125.0,59.59212332383064,37.74545807361594,665.0,145.0,520.0,SDD2,solexs
1713700660.0,1713701875.0,1713702250.0,141.0,48.83021856192588,55.855813689942885,1590.0,1215.0,375.0,SDD2,solexs
1713703188.0,1713704339.0,1713708632.0,574.0,88.97307570478301,259.19788750391314,5444.0,1151.0,4293.0,SDD2,solexs
1713709664.0,1713709824.0,1713710352.0,137.0,78.94372294372295,28.966747497895092,688.0,160.0,528.0,SDD2,solexs
1713712140.0,1713712469.0,1713713334.0,1536.0,72.11593284764017,770.9142420001039,1194.0,329.0,865.0,SDD2,solexs
1713713971.0,1713717066.0,1713717067.0,217.0,89.87783760954494,165.6211177761085,3096.0,3095.0,1.0,SDD2,solexs
1713741476.0,1713742123.0,1713744408.0,147.0,67.53083667485402,103.5364047554233,2932.0,647.0,2285.0,SDD2,solexs
1713746089.0,1713746332.0,1713749937.0,304.0,97.87783760954494,112.35993453664645,3848.0,243.0,3605.0,SDD2,solexs
1713753176.0,1713753213.0,1713753242.0,120.0,81.6397423714497,18.986534392172654,66.0,37.0,29.0,SDD2,solexs
1713753720.0,1713753756.0,1713753781.0,137.0,80.15457713018688,28.40023044472859,61.0,36.0,25.0,SDD2,solexs
1713755410.0,1713756306.0,1713758379.0,236.0,79.3540280857354,78.5521820380933,2969.0,896.0,2073.0,SDD2,solexs
1713759573.0,1713760717.0,1713762456.0,117.0,58.30640903811636,23.056458745956043,2883.0,1144.0,1739.0,SDD2,solexs
1713764006.0,1713764209.0,1713765453.0,511.0,59.14206525182135,264.6419959321772,1447.0,203.0,1244.0,SDD2,solexs
1713766038.0,1713767914.0,1713769238.0,164.0,84.64016471333545,35.214178432811345,3200.0,1876.0,1324.0,SDD2,solexs
1713772068.0,1713773754.0,1713777432.0,627.0,122.3108436279168,203.56300158896818,5364.0,1686.0,3678.0,SDD2,solexs
1713778395.0,1713779009.0,1713780021.0,198.0,92.21539436173583,48.00164360719595,1626.0,614.0,1012.0,SDD2,solexs
1713780946.0,1713781196.0,1713784509.0,167.0,71.53056699398164,44.96388570090778,3563.0,250.0,3313.0,SDD2,solexs
1713785056.0,1713785422.0,1713785641.0,148.0,11.782599514306831,177.47084933704897,585.0,366.0,219.0,SDD2,solexs
1713786143.0,1713787920.0,1713790248.0,276.0,89.40164713335446,88.2571793497845,4105.0,1777.0,2328.0,SDD2,solexs
1713791511.0,1713800962.0,1713806642.0,1862.0,186.50142540386446,356.13354387373283,15131.0,9451.0,5680.0,SDD2,solexs
1713808017.0,1713808092.0,1713808710.0,149.0,87.40164713335446,29.466210602927326,693.0,75.0,618.0,SDD2,solexs
1713809020.0,1713809040.0,1713809831.0,124.0,78.2956921127653,22.251952735341998,811.0,20.0,791.0,SDD2,solexs
1713811188.0,1713811664.0,1713812435.0,201.0,78.49181712596348,61.93177561573891,1247.0,476.0,771.0,SDD2,solexs
1713813319.0,1713813458.0,1713814514.0,220.0,91.25878999049732,60.26917288920178,1195.0,139.0,1056.0,SDD2,solexs
1713814947.0,1713814886.0,1713815362.0,142.0,92.87783760954494,22.79483361544986,415.0,-61.0,476.0,SDD2,solexs
1713815965.0,1713816288.0,1713817816.0,223.0,92.92350332594236,60.361188406109434,1851.0,323.0,1528.0,SDD2,solexs
1713818359.0,1713819022.0,1713819571.0,216.0,115.3540280857354,41.90781458128349,1212.0,663.0,549.0,SDD2,solexs
1713820170.0,1713820542.0,1713821728.0,982.0,141.11593284764018,316.5651451942602,1558.0,372.0,1186.0,SDD2,solexs
1713823817.0,1713827856.0,1713833619.0,596.0,197.04476823989023,94.89927761086368,9802.0,4039.0,5763.0,SDD2,solexs
1713835056.0,1713836785.0,1713837872.0,225.0,100.11593284764015,56.05384892400904,2816.0,1729.0,1087.0,SDD2,solexs
1713840038.0,1713840100.0,1713840266.0,141.0,88.59212332383063,24.900840526711363,228.0,62.0,166.0,SDD2,solexs
1713841902.0,1713842357.0,1713848887.0,2776.0,123.8227219934537,1239.3107697661471,6985.0,455.0,6530.0,SDD2,solexs
1713850183.0,1713850263.0,1713850470.0,133.0,83.02069475240208,24.53081803189606,287.0,80.0,207.0,SDD2,solexs
1713850942.0,1713851281.0,1713852165.0,128.0,72.02935276106007,25.901112332450946,1223.0,339.0,884.0,SDD2,solexs
1713853632.0,1713853673.0,1713853860.0,100.0,61.60616619153205,21.790188751133023,228.0,41.0,187.0,SDD2,solexs
1713854184.0,1713854085.0,1713854253.0,95.0,61.59212332383064,19.037121580923866,69.0,-99.0,168.0,SDD2,solexs
1713855686.0,1713855937.0,1713856212.0,153.0,61.59212332383064,52.087801885943165,526.0,251.0,275.0,SDD2,solexs
1713857446.0,1713858130.0,1713858944.0,265.0,64.51071692535106,111.93140548945459,1498.0,684.0,814.0,SDD2,solexs
1713859811.0,1713860458.0,1713863126.0,2342.0,98.81010452961674,1081.0338239896307,3315.0,647.0,2668.0,SDD2,solexs
1713865008.0,1713865050.0,1713865089.0,129.0,90.40164713335446,18.154972617842244,81.0,42.0,39.0,SDD2,solexs
1713865608.0,1713865885.0,1713867660.0,208.0,93.22215183190792,53.98646667193033,2052.0,277.0,1775.0,SDD2,solexs
1713868716.0,1713868675.0,1713869170.0,157.0,114.12036743744062,17.46640666512145,454.0,-41.0,495.0,SDD2,solexs
1713869497.0,1713869714.0,1713871339.0,187.0,89.1155105057544,41.60916253490886,1842.0,217.0,1625.0,SDD2,solexs
1713871931.0,1713872860.0,1713874544.0,170.0,97.70098194488439,34.35606529295602,2613.0,929.0,1684.0,SDD2,solexs
1713876101.0,1713876315.0,1713878050.0,206.0,94.41595396473446,50.57549475833112,1949.0,214.0,1735.0,SDD2,solexs
1713879300.0,1713879819.0,1713882198.0,456.0,112.49688522859253,163.69515922010717,2898.0,519.0,2379.0,SDD2,solexs
1713883587.0,1713883689.0,1713884762.0,171.0,115.68736141906874,23.265658921384826,1175.0,102.0,1073.0,SDD2,solexs
1713885556.0,1713887612.0,1713889165.0,356.0,194.0156794425087,47.92990206963763,3609.0,2056.0,1553.0,SDD2,solexs
1713889557.0,1713891156.0,1713892577.0,530.0,245.4878048780488,80.20907998777348,3020.0,1599.0,1421.0,SDD2,solexs
1713893191.0,1713894200.0,1713896078.0,1958.0,228.75324675324674,460.5485975500263,2887.0,1009.0,1878.0,SDD2,solexs
1713896591.0,1713897729.0,1713901923.0,455.0,125.1996621264914,118.38289296770934,5332.0,1138.0,4194.0,SDD2,solexs
1713902968.0,1713903349.0,1713903909.0,121.0,73.307042550945,24.86286046201829,941.0,381.0,560.0,SDD2,solexs
1713905367.0,1713906601.0,1713910087.0,384.0,111.97254777742583,126.68959163105038,4720.0,1234.0,3486.0,SDD2,solexs
1713912741.0,1713912854.0,1713914407.0,300.0,102.12712490761271,87.00366645557314,1666.0,113.0,1553.0,SDD2,solexs
1713914765.0,1713914897.0,1713914870.0,131.0,94.16355189525922,16.976623972375663,105.0,132.0,-27.0,SDD2,solexs
1713916074.0,1713916308.0,1713916665.0,191.0,94.16355189525922,44.62851471510577,591.0,234.0,357.0,SDD2,solexs
1713917715.0,1713918554.0,1713925320.0,1118.0,151.64269876465,443.9033498257782,7605.0,839.0,6766.0,SDD2,solexs
1713926104.0,1713926361.0,1713928965.0,1254.0,104.76121845634042,478.33227169080646,2861.0,257.0,2604.0,SDD2,solexs
1713929704.0,1713929879.0,1713930481.0,210.0,81.25878999049732,63.87007247444718,777.0,175.0,602.0,SDD2,solexs
1713931200.0,1713933643.0,1713935239.0,389.0,82.5445042762116,145.93024508904682,4039.0,2443.0,1596.0,SDD2,solexs
1713937495.0,1713937645.0,1713937980.0,100.0,58.687361419068736,24.117130835319248,485.0,150.0,335.0,SDD2,solexs
1713939428.0,1713940769.0,1713941311.0,179.0,58.687361419068736,57.36216706384688,1883.0,1341.0,542.0,SDD2,solexs
1713943106.0,1713944438.0,1713946671.0,359.0,76.99039172209905,132.67253843758684,3565.0,1332.0,2233.0,SDD2,solexs
1713948741.0,1713948905.0,1713949764.0,129.0,63.11065357406821,36.33351767509777,1023.0,164.0,859.0,SDD2,solexs
1713950832.0,1713951630.0,1713953002.0,230.0,68.48696019427726,90.87171122151406,2170.0,798.0,1372.0,SDD2,solexs
1713954094.0,1713954932.0,1713955687.0,269.0,67.59661070636682,110.02810998677873,1593.0,838.0,755.0,SDD2,solexs
1713959118.0,1713959303.0,1713959735.0,131.0,72.68736141906874,30.5877997975552,617.0,185.0,432.0,SDD2,solexs
1713960539.0,1713960851.0,1713965133.0,967.0,98.98226164079824,455.31729394835236,4594.0,312.0,4282.0,SDD2,solexs
1713965634.0,1713965750.0,1713966602.0,134.0,74.52127547249498,30.28562303421202,968.0,116.0,852.0,SDD2,solexs
1713967447.0,1713967823.0,1713969103.0,529.0,74.3540280857354,235.7958161582074,1656.0,376.0,1280.0,SDD2,solexs
1713970037.0,1713971067.0,1713971893.0,182.0,70.85798754091437,59.694836183982524,1856.0,1030.0,826.0,SDD2,solexs
1713973312.0,1713973407.0,1713974972.0,142.0,66.48442614296272,41.04854165963045,1660.0,95.0,1565.0,SDD2,solexs
1713981357.0,1713982207.0,1713982916.0,179.0,66.34040755991975,61.242525748813954,1559.0,850.0,709.0,SDD2,solexs
1713983563.0,1713983977.0,1713984314.0,134.0,84.63055643543447,24.051955052809664,751.0,414.0,337.0,SDD2,solexs
1713984651.0,1713984791.0,1713985229.0,111.0,73.19660014781965,19.605915736313705,578.0,140.0,438.0,SDD2,solexs
1713986292.0,1713986658.0,1713987534.0,175.0,72.92545665716398,53.455557693203986,1242.0,366.0,876.0,SDD2,solexs
1713988364.0,1713989168.0,1713992400.0,415.0,87.5445042762116,156.5073606169706,4036.0,804.0,3232.0,SDD2,solexs
1713996985.0,1713999620.0,1714003143.0,1347.0,220.11593284764018,240.0698246487379,6158.0,2635.0,3523.0,SDD2,solexs
1714046440.0,1714046515.0,1714046737.0,104.0,34.71418012881428,52.42507757217743,297.0,75.0,222.0,SDD2,solexs
1714048296.0,1714048475.0,1714049545.0,185.0,34.40164713335445,114.82741849515007,1249.0,179.0,1070.0,SDD2,solexs
1714050335.0,1714051251.0,1714052718.0,579.0,54.038961038961034,320.2679815638116,2383.0,916.0,1467.0,SDD2,solexs
1714055328.0,1714055525.0,1714055924.0,178.0,52.169464681659804,77.7431736914253,596.0,197.0,399.0,SDD2,solexs
1714060945.0,1714061008.0,1714061197.0,87.0,42.258789990497306,30.779686654617464,252.0,63.0,189.0,SDD2,solexs
1714062626.0,1714062729.0,1714063657.0,138.0,42.33951008341252,65.80957252238792,1031.0,103.0,928.0,SDD2,solexs
1714064956.0,1714065160.0,1714066555.0,1082.0,49.36933797909408,662.8114146132601,1599.0,204.0,1395.0,SDD2,solexs
1714068306.0,1714068464.0,1714069299.0,632.0,57.59645232815964,344.1717077955777,993.0,158.0,835.0,SDD2,solexs
1714071516.0,1714072373.0,1714073631.0,147.0,49.94868546088058,59.63353527409583,2115.0,857.0,1258.0,SDD2,solexs
1714076008.0,1714076961.0,1714077031.0,86.0,49.06414317389927,22.99019404239691,1023.0,953.0,70.0,SDD2,solexs
1714083724.0,1714084167.0,1714084622.0,134.0,57.96198923028191,44.678801238080766,898.0,443.0,455.0,SDD2,solexs
1714085874.0,1714086976.0,1714088249.0,122.0,64.43575124062929,31.918199931273232,2375.0,1102.0,1273.0,SDD2,solexs
1714089822.0,1714090133.0,1714092302.0,249.0,56.83021856192588,116.21350751685313,2480.0,311.0,2169.0,SDD2,solexs
1714093303.0,1714093523.0,1714094383.0,151.0,56.83021856192588,55.86462619578357,1080.0,220.0,860.0,SDD2,solexs
1714096930.0,1714096984.0,1714097168.0,106.0,58.86981311371555,27.469890387791082,238.0,54.0,184.0,SDD2,solexs
1714097625.0,1714097586.0,1714097778.0,83.0,53.15362686094393,18.09137650507738,153.0,-39.0,192.0,SDD2,solexs
1714100904.0,1714101363.0,1714101882.0,108.0,50.258789990497306,36.42460611938759,978.0,459.0,519.0,SDD2,solexs
1714104277.0,1714104841.0,1714105090.0,92.0,51.068313800021116,25.563495933607,813.0,564.0,249.0,SDD2,solexs
1714106579.0,1714107046.0,1714107659.0,111.0,57.59212332383064,31.473045147949364,1080.0,467.0,613.0,SDD2,solexs
1714108925.0,1714109009.0,1714109222.0,97.0,58.449266180973495,22.550600730363104,297.0,84.0,213.0,SDD2,solexs
1714111341.0,1714112607.0,1714112885.0,124.0,62.12628022384119,31.761095422943946,1544.0,1266.0,278.0,SDD2,solexs
1714113198.0,1714113338.0,1714114161.0,372.0,73.97307570478301,150.69663938951064,963.0,140.0,823.0,SDD2,solexs
1714115760.0,1714115860.0,1714116168.0,131.0,68.27198817442721,33.525234660407925,408.0,100.0,308.0,SDD2,solexs
1714116479.0,1714116972.0,1714117058.0,104.0,66.40164713335446,20.634520965492996,579.0,493.0,86.0,SDD2,solexs
1714117400.0,1714117858.0,1714118887.0,159.0,66.40164713335446,50.8193180795419,1487.0,458.0,1029.0,SDD2,solexs
1714122786.0,1714124205.0,1714124758.0,120.0,53.47502903600465,40.82365550225907,1972.0,1419.0,553.0,SDD2,solexs
1714126461.0,1714126511.0,1714127921.0,97.0,51.89863794741843,27.812773751661513,1460.0,50.0,1410.0,SDD2,solexs
1714130743.0,1714130821.0,1714131135.0,92.0,41.53172843416746,35.17554273444173,392.0,78.0,314.0,SDD2,solexs
1714131640.0,1714132075.0,1714132107.0,81.0,44.94472600570161,23.421784178625128,467.0,435.0,32.0,SDD2,solexs
1714133523.0,1714133493.0,1714133584.0,72.0,45.73498046668778,17.36852597977993,61.0,-30.0,91.0,SDD2,solexs
1714136320.0,1714136499.0,1714137379.0,89.0,49.78259951430683,24.857360781916213,1059.0,179.0,880.0,SDD2,solexs
1714140064.0,1714140126.0,1714140284.0,96.0,58.21117094287826,22.15007826020638,220.0,62.0,158.0,SDD2,solexs
1714149645.0,1714149946.0,1714150269.0,86.0,43.61028402491817,28.696237547583955,624.0,301.0,323.0,SDD2,solexs
1714152363.0,1714152590.0,1714152640.0,77.0,44.091595396473444,22.091335303319056,277.0,227.0,50.0,SDD2,solexs
1714157284.0,1714158205.0,1714159019.0,140.0,58.47724633090486,47.576647262143716,1735.0,921.0,814.0,SDD2,solexs
1714159868.0,1714162740.0,1714166048.0,293.0,100.90465631929047,76.09793653665378,6180.0,2872.0,3308.0,SDD2,solexs
1714167338.0,1714167673.0,1714168511.0,217.0,69.59613557174534,77.71464646509199,1173.0,335.0,838.0,SDD2,solexs
1714172206.0,1714172412.0,1714173009.0,104.0,56.53193960511034,27.850866900706862,803.0,206.0,597.0,SDD2,solexs
1714174262.0,1714174269.0,1714174346.0,73.0,47.447471227959035,16.542371244136273,84.0,7.0,77.0,SDD2,solexs
1714174748.0,1714174766.0,1714174864.0,76.0,44.83021856192588,20.819165939610002,116.0,18.0,98.0,SDD2,solexs
1714176374.0,1714176685.0,1714178828.0,139.0,45.46689895470383,62.47336560177841,2454.0,311.0,2143.0,SDD2,solexs
1714181313.0,1714181540.0,1714182028.0,77.0,43.07591595396474,23.398521444657685,715.0,227.0,488.0,SDD2,solexs
1714182387.0,1714182327.0,1714182823.0,77.0,46.75578080456129,19.228148580164177,436.0,-60.0,496.0,SDD2,solexs
1714186142.0,1714186213.0,1714186465.0,88.0,40.956815542181396,32.89673550910971,323.0,71.0,252.0,SDD2,solexs
1714188126.0,1714188320.0,1714188798.0,91.0,44.68514412416852,31.45038344055936,672.0,194.0,478.0,SDD2,solexs
1714195146.0,1714196425.0,1714197724.0,146.0,58.90328370816176,48.338052056676204,2578.0,1279.0,1299.0,SDD2,solexs
1714207386.0,1714207600.0,1714207482.0,72.0,43.27093231971281,18.71382771892405,96.0,214.0,-118.0,SDD2,solexs
1714208145.0,1714208643.0,1714208990.0,95.0,57.86875725900116,21.73645973586235,845.0,498.0,347.0,SDD2,solexs
1714209507.0,1714210129.0,1714210382.0,101.0,56.039594551789676,27.067700898670854,875.0,622.0,253.0,SDD2,solexs
1714218973.0,1714219709.0,1714219923.0,87.0,51.49688522859255,21.964266106721606,950.0,736.0,214.0,SDD2,solexs
1714220770.0,1714221355.0,1714223512.0,1542.0,71.63974237144969,808.6967328176044,2742.0,585.0,2157.0,SDD2,solexs
1714225608.0,1714225684.0,1714225846.0,100.0,59.733502270087634,23.286404419605372,238.0,76.0,162.0,SDD2,solexs
1714228709.0,1714228742.0,1714228900.0,92.0,58.11593284764017,19.877553222509547,191.0,33.0,158.0,SDD2,solexs
1714230331.0,1714230608.0,1714231576.0,126.0,59.88543976348854,37.617294591735906,1245.0,277.0,968.0,SDD2,solexs
1714233237.0,1714235198.0,1714236160.0,252.0,63.403072537218875,105.53506031552497,2923.0,1961.0,962.0,SDD2,solexs
1714240504.0,1714240574.0,1714240797.0,85.0,53.687361419068736,19.11166978728769,293.0,70.0,223.0,SDD2,solexs
1714242830.0,1714243638.0,1714244012.0,98.0,50.24464153732447,30.386961688011493,1182.0,808.0,374.0,SDD2,solexs
1714249566.0,1714250357.0,1714251093.0,144.0,53.09080350543765,55.73824581223425,1527.0,791.0,736.0,SDD2,solexs
1714252290.0,1714254014.0,1714256038.0,2294.0,119.39098300073908,906.4781605443652,3748.0,1724.0,2024.0,SDD2,solexs
1714256856.0,1714257379.0,1714260504.0,203.0,76.50871080139373,57.37092115829842,3648.0,523.0,3125.0,SDD2,solexs
1714261098.0,1714261296.0,1714261424.0,85.0,49.54059761376834,22.55272076651876,326.0,198.0,128.0,SDD2,solexs
1714263683.0,1714264732.0,1714265506.0,119.0,49.60157322352444,42.90118526331641,1823.0,1049.0,774.0,SDD2,solexs
1714266780.0,1714267126.0,1714267303.0,84.0,44.98981100200612,26.078697780161146,523.0,346.0,177.0,SDD2,solexs
1714301013.0,1714300951.0,1714301135.0,57.0,31.96230598669623,19.89310008302454,122.0,-62.0,184.0,SDD2,solexs
1714302765.0,1714302805.0,1714302871.0,60.0,33.49688522859255,20.479045103468394,106.0,40.0,66.0,SDD2,solexs
1714303542.0,1714303573.0,1714304063.0,66.0,30.780857354028086,27.953196728160563,521.0,31.0,490.0,SDD2,solexs
1714305677.0,1714307731.0,1714308985.0,502.0,64.89694857987541,237.24035560183626,3308.0,2054.0,1254.0,SDD2,solexs
1714309389.0,1714310017.0,1714312301.0,248.0,83.83760954492661,72.9127108228358,2912.0,628.0,2284.0,SDD2,solexs
1714314446.0,1714314703.0,1714315275.0,116.0,68.0792366170415,25.929966556204196,829.0,257.0,572.0,SDD2,solexs
1714317644.0,1714318225.0,1714319020.0,161.0,66.13578291627073,52.53661060696108,1376.0,581.0,795.0,SDD2,solexs
1714319333.0,1714320168.0,1714324666.0,365.0,85.80281913208742,119.72326711681475,5333.0,835.0,4498.0,SDD2,solexs
1714328493.0,1714328915.0,1714328922.0,65.0,35.557808045612916,21.32710274041282,429.0,422.0,7.0,SDD2,solexs
1714331028.0,1714331326.0,1714331444.0,86.0,46.78259951430683,25.599985310774215,416.0,298.0,118.0,SDD2,solexs
1714332304.0,1714332728.0,1714333598.0,128.0,37.51631295533734,63.85147628742437,1294.0,424.0,870.0,SDD2,solexs
1714334996.0,1714335555.0,1714337489.0,541.0,43.067627494456765,378.35374193090956,2493.0,559.0,1934.0,SDD2,solexs
1714339012.0,1714339204.0,1714340340.0,111.0,49.76897898849118,39.63402002627206,1328.0,192.0,1136.0,SDD2,solexs
1714341486.0,1714341513.0,1714341610.0,86.0,49.59212332383064,23.120860723357694,124.0,27.0,97.0,SDD2,solexs
1714342300.0,1714342796.0,1714343977.0,119.0,44.87092176116566,47.470342337004304,1677.0,496.0,1181.0,SDD2,solexs
1714344949.0,1714345555.0,1714346742.0,457.0,40.04783021856193,294.75346841684296,1793.0,606.0,1187.0,SDD2,solexs
1714348121.0,1714349958.0,1714350112.0,101.0,41.020694752402065,41.880795570548194,1991.0,1837.0,154.0,SDD2,solexs
1714351088.0,1714353082.0,1714357515.0,2817.0,101.73814803083097,511.9156325821017,6427.0,1994.0,4433.0,SDD2,solexs
1714358248.0,1714358128.0,1714358679.0,92.0,56.58478513356562,20.558698533097193,431.0,-120.0,551.0,SDD2,solexs
1714366664.0,1714366829.0,1714366995.0,63.0,32.11593284764017,24.371890337994927,331.0,165.0,166.0,SDD2,solexs
1714372118.0,1714372295.0,1714373088.0,150.0,32.830218561925875,91.45211012704065,970.0,177.0,793.0,SDD2,solexs
1714373975.0,1714374034.0,1714374698.0,68.0,35.09492133882378,23.986528714600144,723.0,59.0,664.0,SDD2,solexs
1714375786.0,1714376368.0,1714378962.0,173.0,48.96705733291098,94.11709540878729,3176.0,582.0,2594.0,SDD2,solexs
1714392469.0,1714392530.0,1714392620.0,59.0,29.40164713335445,24.411626172621684,151.0,61.0,90.0,SDD2,solexs
1714397045.0,1714397207.0,1714397854.0,130.0,36.020694752402065,70.08710573168052,809.0,162.0,647.0,SDD2,solexs
1714404977.0,1714405230.0,1714405859.0,70.0,34.00686305564354,27.616498465418704,882.0,253.0,629.0,SDD2,solexs
1714418468.0,1714418781.0,1714420286.0,539.0,25.73181290254461,454.58571096014816,1818.0,313.0,1505.0,SDD2,solexs
1714421303.0,1714421428.0,1714422917.0,84.0,31.652623798965262,34.40699995580883,1614.0,125.0,1489.0,SDD2,solexs
1714425571.0,1714425656.0,1714425868.0,63.0,25.3540280857354,33.43566984331889,297.0,85.0,212.0,SDD2,solexs
1714432181.0,1714432323.0,1714433338.0,64.0,24.232288037166086,36.22597245453178,1157.0,142.0,1015.0,SDD2,solexs
1714438266.0,1714439642.0,1714443071.0,1089.0,41.47513462147609,674.2438935709444,4805.0,1376.0,3429.0,SDD2,solexs
1714461056.0,1714461066.0,1714461313.0,47.0,24.97307570478302,19.71209756989465,257.0,10.0,247.0,SDD2,solexs
1714465197.0,1714465128.0,1714465418.0,47.0,26.63974237144969,17.641408504745883,221.0,-69.0,290.0,SDD2,solexs
1714469998.0,1714470042.0,1714470302.0,51.0,24.825889557596874,23.546926878188575,304.0,44.0,260.0,SDD2,solexs
1714470918.0,1714471607.0,1714472065.0,77.0,33.40164713335445,33.73658649256639,1147.0,689.0,458.0,SDD2,solexs
1714480909.0,1714481615.0,1714482694.0,72.0,24.33982683982684,44.50897772411612,1785.0,706.0,1079.0,SDD2,solexs
1714488934.0,1714489836.0,1714492808.0,775.0,74.68736141906874,561.3119836624506,3874.0,902.0,2972.0,SDD2,solexs
1714493643.0,1714494809.0,1714500443.0,883.0,74.68736141906874,399.8239333596421,6800.0,1166.0,5634.0,SDD2,solexs
1714519733.0,1714520773.0,1714526811.0,7234.0,58.96484003801076,5793.897085617042,7078.0,1040.0,6038.0,SDD2,solexs
1714535861.0,1714535742.0,1714537256.0,44.0,11.782599514306831,28.603078163280635,1395.0,-119.0,1514.0,SDD2,solexs
1714556833.0,1714556953.0,1714557110.0,64.0,28.655791363108435,30.022773351901055,277.0,120.0,157.0,SDD2,solexs
1714560822.0,1714560936.0,1714561283.0,64.0,26.621951219512194,32.19692101081623,461.0,114.0,347.0,SDD2,solexs
1714573414.0,1714574685.0,1714577761.0,1302.0,82.55891669306303,645.7627003556122,4347.0,1271.0,3076.0,SDD2,solexs
1714578247.0,1714578673.0,1714579642.0,111.0,53.73160173160173,33.7892547081748,1395.0,426.0,969.0,SDD2,solexs
1714582054.0,1714583419.0,1714584405.0,202.0,39.800390666244326,120.63508829503557,2351.0,1365.0,986.0,SDD2,solexs
1714587377.0,1714587508.0,1714587628.0,80.0,30.623271037905184,39.9012792112491,251.0,131.0,120.0,SDD2,solexs
1714588550.0,1714588713.0,1714588883.0,57.0,27.0361630239679,25.766053421181855,333.0,163.0,170.0,SDD2,solexs
1714593910.0,1714594011.0,1714594272.0,75.0,24.747333966846163,45.05336604714905,362.0,101.0,261.0,SDD2,solexs
1714602507.0,1714602671.0,1714604274.0,1276.0,24.307781649245065,1149.6855768043981,1767.0,164.0,1603.0,SDD2,solexs
1714613294.0,1714613409.0,1714613890.0,68.0,20.03727167141801,48.1086061641921,596.0,115.0,481.0,SDD2,solexs
1714615902.0,1714616230.0,1714618586.0,656.0,27.545560130925985,545.9984179130697,2684.0,328.0,2356.0,SDD2,solexs
1714639986.0,1714640434.0,1714641982.0,106.0,41.29680076021539,46.55837621284745,1996.0,448.0,1548.0,SDD2,solexs
1714643293.0,1714643487.0,1714645348.0,193.0,57.02069475240207,80.53257087616943,2055.0,194.0,1861.0,SDD2,solexs
1714645795.0,1714645857.0,1714645977.0,77.0,47.519058177594765,19.12222843047371,182.0,62.0,120.0,SDD2,solexs
1714648534.0,1714648604.0,1714648688.0,110.0,47.636258050892195,40.409962899000874,154.0,70.0,84.0,SDD2,solexs
1714650120.0,1714650746.0,1714651353.0,101.0,48.08161756942244,34.111167856613854,1233.0,626.0,607.0,SDD2,solexs
1714651894.0,1714652357.0,1714652794.0,113.0,62.43015521064302,28.678161988278013,900.0,463.0,437.0,SDD2,solexs
1714657151.0,1714657186.0,1714657263.0,93.0,49.78259951430683,27.39270075591417,112.0,35.0,77.0,SDD2,solexs
1714657989.0,1714658332.0,1714659253.0,149.0,54.525710062295424,56.593259466664016,1264.0,343.0,921.0,SDD2,solexs
1714662866.0,1714662985.0,1714663700.0,84.0,39.15457713018689,31.07690871068766,834.0,119.0,715.0,SDD2,solexs
1714666269.0,1714666290.0,1714666394.0,73.0,39.82066307676064,23.603883836414386,125.0,21.0,104.0,SDD2,solexs
1714666895.0,1714667218.0,1714667449.0,185.0,36.80561714708056,109.7208617692383,554.0,323.0,231.0,SDD2,solexs
1714669084.0,1714669237.0,1714669676.0,385.0,34.74775630873192,264.5209405399428,592.0,153.0,439.0,SDD2,solexs
1714670797.0,1714671136.0,1714671481.0,570.0,31.63974237144969,428.02735046690185,684.0,339.0,345.0,SDD2,solexs
1714673052.0,1714673919.0,1714674787.0,95.0,34.21402175060712,46.47833089937697,1735.0,867.0,868.0,SDD2,solexs
1714676024.0,1714676141.0,1714676773.0,240.0,32.49635730123535,161.0067551352136,749.0,117.0,632.0,SDD2,solexs
1714682761.0,1714682819.0,1714683019.0,66.0,32.01816070108753,27.118973896389683,258.0,58.0,200.0,SDD2,solexs
1714683343.0,1714683440.0,1714683929.0,2094.0,31.588216661387396,1630.6088086928885,586.0,97.0,489.0,SDD2,solexs
1714691140.0,1714691945.0,1714693959.0,263.0,32.98226164079823,175.21873597602598,2819.0,805.0,2014.0,SDD2,solexs
1714695132.0,1714695290.0,1714695772.0,2130.0,42.639742371449685,1429.5690009120895,640.0,158.0,482.0,SDD2,solexs
1714696444.0,1714696467.0,1714696702.0,74.0,39.877837609544926,24.09137919625674,258.0,23.0,235.0,SDD2,solexs
1714697053.0,1714697057.0,1714697223.0,69.0,38.20356878893464,22.190761356860897,170.0,4.0,166.0,SDD2,solexs
1714700581.0,1714700696.0,1714700804.0,74.0,40.639742371449685,23.402859246808653,223.0,115.0,108.0,SDD2,solexs
1714701307.0,1714702964.0,1714704795.0,10645.0,66.07992820187943,5823.624952601916,3488.0,1657.0,1831.0,SDD2,solexs
1714705470.0,1714706805.0,1714709203.0,381.0,116.81670362158167,94.31796025122901,3733.0,1335.0,2398.0,SDD2,solexs
1714710481.0,1714710686.0,1714711162.0,134.0,69.87783760954493,34.30468445381365,681.0,205.0,476.0,SDD2,solexs
1714713182.0,1714713932.0,1714715923.0,318.0,69.92545665716398,132.67208147265916,2741.0,750.0,1991.0,SDD2,solexs
1714717536.0,1714718149.0,1714718791.0,262.0,62.449266180973495,112.92878543306026,1255.0,613.0,642.0,SDD2,solexs
1714742904.0,1714743293.0,1714743395.0,87.0,47.96985534790413,25.129121752584307,491.0,389.0,102.0,SDD2,solexs
1714748127.0,1714748313.0,1714748574.0,67.0,35.877837609544926,23.236549190660277,447.0,186.0,261.0,SDD2,solexs
1714752338.0,1714752786.0,1714755717.0,453.0,53.07327631717875,247.45164512010507,3379.0,448.0,2931.0,SDD2,solexs
1714760428.0,1714760455.0,1714761028.0,73.0,46.16355189525921,17.66405565554397,600.0,27.0,573.0,SDD2,solexs
1714761929.0,1714762507.0,1714763678.0,404.0,51.313747228381374,213.92997176392734,1749.0,578.0,1171.0,SDD2,solexs
1714764538.0,1714764612.0,1714764665.0,96.0,49.16355189525921,29.872895830957642,127.0,74.0,53.0,SDD2,solexs
1714765403.0,1714766253.0,1714766402.0,115.0,41.258789990497306,51.341318056388666,999.0,850.0,149.0,SDD2,solexs
1714767453.0,1714769777.0,1714770571.0,230.0,55.95491500369549,100.4954996655217,3118.0,2324.0,794.0,SDD2,solexs
1714773689.0,1714773760.0,1714774060.0,75.0,45.54450427621159,19.519259787448924,371.0,71.0,300.0,SDD2,solexs
1714775067.0,1714779026.0,1714782091.0,1665.0,136.6392144440925,440.9885645557517,7024.0,3959.0,3065.0,SDD2,solexs
1714782511.0,1714783001.0,1714784511.0,967.0,171.22679759265128,272.13222645914084,2000.0,490.0,1510.0,SDD2,solexs
1714784821.0,1714784838.0,1714785252.0,233.0,174.59212332383063,19.76851710946452,431.0,17.0,414.0,SDD2,solexs
1714786141.0,1714786984.0,1714788013.0,356.0,81.66962305986695,134.67179490222188,1872.0,843.0,1029.0,SDD2,solexs
1714788499.0,1714789980.0,1714793555.0,303.0,57.11593284764017,97.53902945394731,5056.0,1481.0,3575.0,SDD2,solexs
1714794363.0,1714794832.0,1714795626.0,295.0,52.27922077922078,148.50870498028203,1263.0,469.0,794.0,SDD2,solexs
1714797958.0,1714798218.0,1714798377.0,73.0,39.449266180973495,23.888977245122035,419.0,260.0,159.0,SDD2,solexs
1714799654.0,1714799770.0,1714801593.0,132.0,43.4031253299546,63.083231931618435,1939.0,116.0,1823.0,SDD2,solexs
1714802812.0,1714803649.0,1714808988.0,6953.0,89.52951113926724,3921.5767012403744,6176.0,837.0,5339.0,SDD2,solexs
1714809908.0,1714810323.0,1714811082.0,161.0,69.21117094287825,49.34199773631908,1174.0,415.0,759.0,SDD2,solexs
1714811669.0,1714811770.0,1714812472.0,221.0,56.363319607222046,95.30822300487532,803.0,101.0,702.0,SDD2,solexs
1714814305.0,1714814368.0,1714814543.0,112.0,55.78259951430683,33.66172620069501,238.0,63.0,175.0,SDD2,solexs
1714815191.0,1714816184.0,1714816997.0,131.0,64.07074226586423,37.299941708017975,1806.0,993.0,813.0,SDD2,solexs
1714819055.0,1714819235.0,1714820209.0,159.0,94.53869707528244,29.73804104795061,1154.0,180.0,974.0,SDD2,solexs
1714821815.0,1714821876.0,1714822284.0,151.0,103.4492661809735,20.856653920238116,469.0,61.0,408.0,SDD2,solexs
1714822956.0,1714824342.0,1714824620.0,197.0,79.21117094287825,59.186939778131155,1664.0,1386.0,278.0,SDD2,solexs
1714827482.0,1714827862.0,1714828268.0,158.0,76.73498046668777,41.36244382196816,786.0,380.0,406.0,SDD2,solexs
1714828756.0,1714828858.0,1714829263.0,120.0,65.53790518424665,29.83307107343864,507.0,102.0,405.0,SDD2,solexs
1714831153.0,1714831320.0,1714833126.0,131.0,64.84806250659909,36.93289640213953,1973.0,167.0,1806.0,SDD2,solexs
1714834390.0,1714834852.0,1714835952.0,182.0,64.11593284764017,65.83959129681693,1562.0,462.0,1100.0,SDD2,solexs
1714837376.0,1714839274.0,1714840385.0,350.0,58.97307570478302,162.90279514179335,3009.0,1898.0,1111.0,SDD2,solexs
1714842177.0,1714843180.0,1714844463.0,578.0,65.98648505965579,291.8352289127539,2286.0,1003.0,1283.0,SDD2,solexs
1714844873.0,1714844925.0,1714845655.0,203.0,88.87783760954494,54.13626009972044,782.0,52.0,730.0,SDD2,solexs
1714846162.0,1714846804.0,1714848985.0,898.0,81.04202301763276,387.54128563688965,2823.0,642.0,2181.0,SDD2,solexs
1714849919.0,1714851863.0,1714853248.0,337.0,79.11593284764015,113.38020586346143,3329.0,1944.0,1385.0,SDD2,solexs
1714855082.0,1714855269.0,1714856475.0,224.0,62.15790307253722,84.88698073086361,1393.0,187.0,1206.0,SDD2,solexs
1714858766.0,1714859788.0,1714860735.0,249.0,58.97444831591173,110.09392404221198,1969.0,1022.0,947.0,SDD2,solexs
1714861716.0,1714862212.0,1714864889.0,2468.0,378.0250237567311,872.4048192697734,3173.0,496.0,2677.0,SDD2,solexs
1714865353.0,1714866463.0,1714871469.0,6917.0,461.15278217717236,1403.120955923682,6116.0,1110.0,5006.0,SDD2,solexs
1714871863.0,1714872404.0,1714876896.0,6614.0,304.17770034843204,1435.8851722326217,5033.0,541.0,4492.0,SDD2,solexs
1714877923.0,1714878957.0,1714880728.0,525.0,105.4282018794214,165.39871765000873,2805.0,1034.0,1771.0,SDD2,solexs
1714882158.0,1714882167.0,1714882357.0,121.0,83.73498046668777,18.212220063401677,199.0,9.0,190.0,SDD2,solexs
1714882928.0,1714883138.0,1714884025.0,536.0,64.13346003589906,252.28283562667974,1097.0,210.0,887.0,SDD2,solexs
1714886298.0,1714886397.0,1714886502.0,96.0,58.11593284764017,22.22409009284805,204.0,99.0,105.0,SDD2,solexs
1714886831.0,1714888867.0,1714895312.0,9867.0,257.0421813958399,2762.95253611186,8481.0,2036.0,6445.0,SDD2,solexs
1714896657.0,1714897118.0,1714897842.0,866.0,229.25878999049732,188.06802259273815,1185.0,461.0,724.0,SDD2,solexs
1714899287.0,1714903192.0,1714906180.0,5810.0,224.6397423714497,722.5779353815971,6893.0,3905.0,2988.0,SDD2,solexs
1714907018.0,1714910057.0,1714916478.0,9717.0,349.1051103368176,2242.3416976776193,9460.0,3039.0,6421.0,SDD2,solexs
1714952923.0,1714953002.0,1714954454.0,165.0,11.782599514306831,199.61930047451366,1531.0,79.0,1452.0,SDD2,solexs
1714955577.0,1714957535.0,1714960070.0,1064.0,126.96837715130397,357.55968449907266,4493.0,1958.0,2535.0,SDD2,solexs
1714960989.0,1714961207.0,1714962574.0,187.0,84.951430683138,45.07281622124661,1585.0,218.0,1367.0,SDD2,solexs
1714963756.0,1714965390.0,1714966185.0,192.0,75.28761482420019,65.09665258854501,2429.0,1634.0,795.0,SDD2,solexs
1714967023.0,1714969354.0,1714969972.0,535.0,139.08182874036532,135.29881628584027,2949.0,2331.0,618.0,SDD2,solexs
1714970298.0,1714970917.0,1714971822.0,278.0,149.6397423714497,46.82575028262553,1524.0,619.0,905.0,SDD2,solexs
1714972389.0,1714977255.0,1714988623.0,20493.0,598.8302185619259,1298.660841999984,16234.0,4866.0,11368.0,SDD2,solexs
1714989268.0,1714989553.0,1714992436.0,1011.0,164.78259951430684,254.66642673758284,3168.0,285.0,2883.0,SDD2,solexs
1714992894.0,1714993239.0,1714994993.0,314.0,153.20710590222785,56.01781630254546,2099.0,345.0,1754.0,SDD2,solexs
1714995710.0,1714996472.0,1714997473.0,234.0,149.48606271777004,30.89097533839731,1763.0,762.0,1001.0,SDD2,solexs
1714997913.0,1715000189.0,1715001110.0,581.0,149.30640903811636,170.4379977844874,3197.0,2276.0,921.0,SDD2,solexs
1715001767.0,1715002918.0,1715003658.0,196.0,72.06028930419174,66.23877133657105,1891.0,1151.0,740.0,SDD2,solexs
1715004453.0,1715004758.0,1715005243.0,128.0,60.877837609544926,38.47258147834205,790.0,305.0,485.0,SDD2,solexs
1715005712.0,1715005789.0,1715007683.0,230.0,55.614665821982896,99.95288797110791,1971.0,77.0,1894.0,SDD2,solexs
1715009207.0,1715009737.0,1715011228.0,382.0,51.566202090592334,203.85153879883558,2021.0,530.0,1491.0,SDD2,solexs
1715015215.0,1715015331.0,1715016086.0,256.0,43.80382219406609,150.65783844818063,871.0,116.0,755.0,SDD2,solexs
1715016861.0,1715017170.0,1715017797.0,114.0,42.68366592756837,48.12316887272717,936.0,309.0,627.0,SDD2,solexs
1715019509.0,1715019706.0,1715019878.0,211.0,39.877837609544926,121.18683887083245,369.0,197.0,172.0,SDD2,solexs
1715020669.0,1715020919.0,1715021851.0,149.0,39.89082462253194,77.26992150571466,1182.0,250.0,932.0,SDD2,solexs
1715022742.0,1715023123.0,1715026241.0,620.0,55.49688522859255,371.9455523689898,3499.0,381.0,3118.0,SDD2,solexs
1715026710.0,1715027488.0,1715028963.0,158.0,55.49688522859255,61.534369620112045,2253.0,778.0,1475.0,SDD2,solexs
1715029465.0,1715034319.0,1715041052.0,3269.0,54.258789990497306,505.73663088557157,11587.0,4854.0,6733.0,SDD2,solexs
1715041707.0,1715043509.0,1715049686.0,1799.0,371.86226375250766,273.1506546245633,7979.0,1802.0,6177.0,SDD2,solexs
1715050083.0,1715052014.0,1715053623.0,549.0,187.87783760954494,117.50548122547396,3540.0,1931.0,1609.0,SDD2,solexs
1715054257.0,1715054991.0,1715055174.0,223.0,133.87783760954494,34.44660052996606,917.0,734.0,183.0,SDD2,solexs
1715055661.0,1715055986.0,1715056884.0,237.0,115.11593284764015,50.72302999559024,1223.0,325.0,898.0,SDD2,solexs
1715057775.0,1715057908.0,1715057881.0,154.0,108.5215922289093,19.529783412483937,106.0,133.0,-27.0,SDD2,solexs
1715060110.0,1715062512.0,1715068809.0,3802.0,215.24231865695282,1332.6498577314665,8699.0,2402.0,6297.0,SDD2,solexs
1715069332.0,1715070649.0,1715072404.0,996.0,145.24300496251715,276.35331981034466,3072.0,1317.0,1755.0,SDD2,solexs
1715073097.0,1715073444.0,1715074729.0,275.0,132.8737197761588,55.208827631540004,1632.0,347.0,1285.0,SDD2,solexs
1715075391.0,1715075607.0,1715076891.0,282.0,117.0458240946046,65.20614919326732,1500.0,216.0,1284.0,SDD2,solexs
1715078052.0,1715078557.0,1715080261.0,611.0,91.46885228592545,224.73279635047206,2209.0,505.0,1704.0,SDD2,solexs
1715082100.0,1715082466.0,1715085405.0,1775.0,148.78259951430684,771.702928712007,3305.0,366.0,2939.0,SDD2,solexs
1715086138.0,1715086456.0,1715091340.0,1089.0,147.24897054165348,344.6178963866074,5202.0,318.0,4884.0,SDD2,solexs
1715092467.0,1715092798.0,1715094474.0,223.0,95.53473762010346,56.410517980601966,2007.0,331.0,1676.0,SDD2,solexs
1715094946.0,1715096091.0,1715097155.0,235.0,95.30387498680182,63.54156431558374,2209.0,1145.0,1064.0,SDD2,solexs
1715097619.0,1715097994.0,1715098556.0,157.0,110.6397423714497,19.710845809461674,937.0,375.0,562.0,SDD2,solexs
1715099016.0,1715099428.0,1715102251.0,6659.0,143.6397423714497,2662.826733447926,3235.0,412.0,2823.0,SDD2,solexs
1715102766.0,1715103507.0,1715104660.0,386.0,140.06831380002112,92.41991709110752,1894.0,741.0,1153.0,SDD2,solexs
1715105281.0,1715106559.0,1715107371.0,273.0,145.6031042128603,45.94087091567931,2090.0,1278.0,812.0,SDD2,solexs
1715107857.0,1715108190.0,1715109931.0,489.0,158.35286664554957,117.75553137158005,2074.0,333.0,1741.0,SDD2,solexs
1715110324.0,1715110453.0,1715111658.0,264.0,173.40164713335446,30.53037936385622,1334.0,129.0,1205.0,SDD2,solexs
1715112027.0,1715117187.0,1715127575.0,2383.0,501.8515468271566,367.6442028240488,15548.0,5160.0,10388.0,SDD2,solexs
1715128420.0,1715129450.0,1715130103.0,554.0,165.00190053848593,134.29988060644752,1683.0,1030.0,653.0,SDD2,solexs
1715130454.0,1715132476.0,1715137702.0,8086.0,186.4492661809735,2582.2737934760935,7248.0,2022.0,5226.0,SDD2,solexs
1715138151.0,1715139710.0,1715141186.0,1340.0,565.0701087530356,144.66283689654506,3035.0,1559.0,1476.0,SDD2,solexs
1715141526.0,1715145006.0,1715153123.0,7715.0,875.3889768767817,715.1505444925576,11597.0,3480.0,8117.0,SDD2,solexs
1715153470.0,1715154102.0,1715156155.0,3154.0,1171.7198289515363,275.8325688838887,2685.0,632.0,2053.0,SDD2,solexs
1715156485.0,1715157449.0,1715165098.0,2343.0,662.8302185619259,228.13484446130022,8613.0,964.0,7649.0,SDD2,solexs
1715165743.0,1715169848.0,1715178124.0,6437.0,621.7224157955866,505.4373472609188,12381.0,4105.0,8276.0,SDD2,solexs
1715178807.0,1715179412.0,1715180564.0,593.0,245.51937493400908,97.25944719554774,1757.0,605.0,1152.0,SDD2,solexs
1715181136.0,1715181407.0,1715183165.0,413.0,168.72558335972974,72.35261305408604,2029.0,271.0,1758.0,SDD2,solexs
1715183816.0,1715183919.0,1715185848.0,345.0,167.42424242424246,61.475113917796676,2032.0,103.0,1929.0,SDD2,solexs
1715186409.0,1715187833.0,1715189166.0,367.0,222.19042339774046,43.295991868764744,2757.0,1424.0,1333.0,SDD2,solexs
1715189697.0,1715190743.0,1715199368.0,5714.0,248.4233449477352,1550.9590670138077,9671.0,1046.0,8625.0,SDD2,solexs
1715199773.0,1715200455.0,1715201946.0,1099.0,439.40111920599725,130.48998743770105,2173.0,682.0,1491.0,SDD2,solexs
1715202280.0,1715204501.0,1715223496.0,7688.0,521.6397423714496,722.1016197814142,21216.0,2221.0,18995.0,SDD2,solexs
1715224114.0,1715225571.0,1715229512.0,3541.0,388.9378101573223,685.2519570265441,5398.0,1457.0,3941.0,SDD2,solexs
1715230000.0,1715236074.0,1715239358.0,1710.0,380.21117094287825,267.408205329134,9358.0,6074.0,3284.0,SDD2,solexs
1715239855.0,1715246039.0,1715262032.0,14555.0,308.0683138000211,1134.2079906746644,22177.0,6184.0,15993.0,SDD2,solexs
1715262516.0,1715263517.0,1715266559.0,530.0,219.37181923767292,82.93052911172788,4043.0,1001.0,3042.0,SDD2,solexs
1715268049.0,1715268099.0,1715268449.0,308.0,163.6397423714497,50.46825081451952,400.0,50.0,350.0,SDD2,solexs
1715269348.0,1715269494.0,1715270745.0,271.0,169.40164713335446,34.91681594144244,1397.0,146.0,1251.0,SDD2,solexs
1715271223.0,1715271848.0,1715271925.0,262.0,197.75979305247597,20.00720484233785,702.0,625.0,77.0,SDD2,solexs
1715272249.0,1715273055.0,1715273506.0,258.0,179.25878999049732,26.301278005951207,1257.0,806.0,451.0,SDD2,solexs
1715273896.0,1715276637.0,1715281298.0,8020.0,523.2587899904973,1924.3923753624301,7402.0,2741.0,4661.0,SDD2,solexs
1715281752.0,1715282503.0,1715286488.0,654.0,292.5389082462253,75.14591620999835,4736.0,751.0,3985.0,SDD2,solexs
1715287451.0,1715289651.0,1715290429.0,592.0,207.9978882905712,123.67894882728287,2978.0,2200.0,778.0,SDD2,solexs
1715291042.0,1715294493.0,1715297782.0,1744.0,238.49688522859256,353.23207016963687,6740.0,3451.0,3289.0,SDD2,solexs
1715298353.0,1715298659.0,1715303591.0,1058.0,249.49878576707846,235.4009830434457,5238.0,306.0,4932.0,SDD2,solexs
1715305067.0,1715305750.0,1715306192.0,316.0,202.16355189525922,35.80510113215264,1125.0,683.0,442.0,SDD2,solexs
1715306737.0,1715308057.0,1715308887.0,585.0,181.15964523281596,135.19708548345523,2150.0,1320.0,830.0,SDD2,solexs
1715309534.0,1715311720.0,1715314583.0,856.0,198.22294372294374,194.14910801832804,5049.0,2186.0,2863.0,SDD2,solexs
1715314925.0,1715315049.0,1715315306.0,277.0,191.35402808573542,27.68873632335592,381.0,124.0,257.0,SDD2,solexs
1715315847.0,1715316104.0,1715317514.0,350.0,189.40164713335446,51.92031040223619,1667.0,257.0,1410.0,SDD2,solexs
1715318065.0,1715319028.0,1715319683.0,352.0,189.40164713335446,52.646828541225325,1618.0,963.0,655.0,SDD2,solexs
1715320650.0,1715323845.0,1715339447.0,19937.0,360.8405659381269,3129.017445119683,18797.0,3195.0,15602.0,SDD2,solexs
1715340527.0,1715341573.0,1715343602.0,531.0,233.6184668989547,78.0704398561146,3075.0,1046.0,2029.0,SDD2,solexs
1715344367.0,1715344642.0,1715346487.0,274.0,171.72780065462993,33.10509512386529,2120.0,275.0,1845.0,SDD2,solexs
1715346790.0,1715346861.0,1715346873.0,206.0,157.78259951430684,17.166795641437346,83.0,71.0,12.0,SDD2,solexs
1715347504.0,1715347755.0,1715347662.0,209.0,157.78259951430684,18.234882813403264,158.0,251.0,-93.0,SDD2,solexs
1715348287.0,1715350279.0,1715354514.0,4459.0,171.54123112659698,1291.39953495431,6227.0,1992.0,4235.0,SDD2,solexs
1715355321.0,1715356357.0,1715358681.0,383.0,146.53056699398164,92.28983204094614,3360.0,1036.0,2324.0,SDD2,solexs
1715359290.0,1715362858.0,1715364384.0,710.0,215.25192693485377,141.9123869231743,5094.0,3568.0,1526.0,SDD2,solexs
1715365104.0,1715367904.0,1715369340.0,1261.0,285.68736141906874,243.83342943664067,4236.0,2800.0,1436.0,SDD2,solexs
1715369945.0,1715371417.0,1715373439.0,1344.0,408.925456657164,201.15380442651897,3494.0,1472.0,2022.0,SDD2,solexs
1715373779.0,1715375287.0,1715380248.0,2940.0,528.344894942456,489.06504040998584,6469.0,1508.0,4961.0,SDD2,solexs
1715380877.0,1715381240.0,1715386230.0,788.0,287.5319396051103,82.83608975826995,5353.0,363.0,4990.0,SDD2,solexs
1715386987.0,1715390369.0,1715400224.0,22152.0,229.4492661809735,5187.532095413346,13237.0,3382.0,9855.0,SDD2,solexs
1715400603.0,1715402399.0,1715403267.0,852.0,379.405870552212,110.08622259906576,2664.0,1796.0,868.0,SDD2,solexs
1715404004.0,1715405027.0,1715410662.0,586.0,273.3905606588533,72.00793359533989,6658.0,1023.0,5635.0,SDD2,solexs
1715411559.0,1715418873.0,1715420837.0,1024.0,345.54450427621157,126.98747757974836,9278.0,7314.0,1964.0,SDD2,solexs
1715421238.0,1715427807.0,1715438321.0,10526.0,385.54450427621157,1782.3518124353009,17083.0,6569.0,10514.0,SDD2,solexs
1715438706.0,1715441168.0,1715452666.0,6535.0,516.9069791996621,751.2512095077129,13960.0,2462.0,11498.0,SDD2,solexs
1715453053.0,1715454048.0,1715454569.0,299.0,141.2178228275789,59.37975687923317,1516.0,995.0,521.0,SDD2,solexs
1715455198.0,1715456820.0,1715458392.0,326.0,141.21117094287825,67.9518825814619,3194.0,1622.0,1572.0,SDD2,solexs
1715459007.0,1715460069.0,1715462880.0,755.0,140.08140639847957,231.0221579400283,3873.0,1062.0,2811.0,SDD2,solexs
1715463303.0,1715464766.0,1715465633.0,415.0,168.2171893147503,84.75302093031141,2330.0,1463.0,867.0,SDD2,solexs
1715466547.0,1715467202.0,1715469231.0,291.0,120.42128603104211,62.569160871171626,2684.0,655.0,2029.0,SDD2,solexs
1715469557.0,1715469673.0,1715469686.0,160.0,109.83021856192588,21.40899510959086,129.0,116.0,13.0,SDD2,solexs
1715469988.0,1715470105.0,1715471382.0,346.0,111.32668144863268,100.14235233253076,1394.0,117.0,1277.0,SDD2,solexs
1715471729.0,1715471680.0,1715471951.0,167.0,119.92545665716398,19.22407371630473,222.0,-49.0,271.0,SDD2,solexs
1715472893.0,1715472924.0,1715473063.0,164.0,119.92545665716398,17.998948265189952,170.0,31.0,139.0,SDD2,solexs
1715473392.0,1715473615.0,1715473946.0,288.0,119.92545665716398,68.63746691126748,554.0,223.0,331.0,SDD2,solexs
1715474520.0,1715474726.0,1715475749.0,2466.0,122.97307570478301,944.9030685259124,1229.0,206.0,1023.0,SDD2,solexs
1715476068.0,1715476478.0,1715476488.0,200.0,143.16355189525922,21.243481610309804,420.0,410.0,10.0,SDD2,solexs
1715477949.0,1715478937.0,1715479447.0,335.0,148.29373878154365,67.21517551242857,1498.0,988.0,510.0,SDD2,solexs
1715479853.0,1715482734.0,1715484471.0,473.0,214.42645971914263,71.75156634571447,4618.0,2881.0,1737.0,SDD2,solexs
1715485125.0,1715485715.0,1715487594.0,303.0,127.38728750923873,62.57255279551359,2469.0,590.0,1879.0,SDD2,solexs
1715488076.0,1715489112.0,1715489419.0,205.0,121.83021856192588,33.56675394864691,1343.0,1036.0,307.0,SDD2,solexs
1715489728.0,1715490081.0,1715490548.0,208.0,147.3993242529828,22.373072783587897,820.0,353.0,467.0,SDD2,solexs
1715491424.0,1715493042.0,1715498582.0,1545.0,121.33386126069053,450.0533747658019,7158.0,1618.0,5540.0,SDD2,solexs
1715500307.0,1715503231.0,1715504057.0,427.0,148.83021856192588,91.58890284470888,3750.0,2924.0,826.0,SDD2,solexs
1715504608.0,1715504709.0,1715504806.0,267.0,203.49688522859256,19.908160909306304,198.0,101.0,97.0,SDD2,solexs
1715506410.0,1715506666.0,1715508281.0,390.0,211.86463942561505,54.75235861492166,1871.0,256.0,1615.0,SDD2,solexs
1715508975.0,1715509238.0,1715510893.0,487.0,210.92545665716398,85.01133989046016,1918.0,263.0,1655.0,SDD2,solexs
1715511339.0,1715511675.0,1715514694.0,328.0,194.455759687467,40.387354581341164,3355.0,336.0,3019.0,SDD2,solexs
1715515351.0,1715515562.0,1715515567.0,208.0,150.35402808573542,21.024536478845366,216.0,211.0,5.0,SDD2,solexs
1715515892.0,1715515883.0,1715515998.0,194.0,150.35402808573542,15.91848134733323,106.0,-9.0,115.0,SDD2,solexs
1715516820.0,1715517664.0,1715519793.0,1067.0,153.04223418857566,330.1630204663971,2973.0,844.0,2129.0,SDD2,solexs
1715521043.0,1715522173.0,1715525890.0,1021.0,152.53193960511032,327.701865357819,4847.0,1130.0,3717.0,SDD2,solexs
1715526358.0,1715526533.0,1715526665.0,201.0,140.25878999049732,22.936829854681346,307.0,175.0,132.0,SDD2,solexs
1715527232.0,1715531117.0,1715539621.0,8064.0,143.24538063562454,2412.052498552202,12389.0,3885.0,8504.0,SDD2,solexs
1715540368.0,1715540471.0,1715540683.0,191.0,136.4492661809735,20.884784230683238,315.0,103.0,212.0,SDD2,solexs
1715541790.0,1715543215.0,1715544152.0,370.0,147.48558758314857,78.5016376520628,2362.0,1425.0,937.0,SDD2,solexs
1715545262.0,1715545904.0,1715550562.0,3846.0,256.3568788934642,1287.9678199660375,5300.0,642.0,4658.0,SDD2,solexs
1715551340.0,1715552294.0,1715554411.0,687.0,159.85286664554957,176.15873685963732,3071.0,954.0,2117.0,SDD2,solexs
1715554932.0,1715555414.0,1715556184.0,628.0,133.21117094287825,191.71873768174336,1252.0,482.0,770.0,SDD2,solexs
1715556640.0,1715557141.0,1715559180.0,537.0,151.97307570478304,139.67631584123077,2540.0,501.0,2039.0,SDD2,solexs
1715559718.0,1715560303.0,1715560706.0,317.0,129.16355189525922,73.91368853738182,988.0,585.0,403.0,SDD2,solexs
1715561290.0,1715564034.0,1715566658.0,872.0,163.01256467110127,204.99644186422887,5368.0,2744.0,2624.0,SDD2,solexs
1715567273.0,1715567531.0,1715567755.0,209.0,147.25878999049732,22.75356864443889,482.0,258.0,224.0,SDD2,solexs
1715568201.0,1715568389.0,1715570309.0,285.0,124.8111075915954,61.15845482428432,2108.0,188.0,1920.0,SDD2,solexs
1715572110.0,1715572241.0,1715572528.0,171.0,111.40164713335446,25.252445876601417,418.0,131.0,287.0,SDD2,solexs
1715572922.0,1715572993.0,1715574010.0,249.0,104.82979622004012,62.2654572327121,1088.0,71.0,1017.0,SDD2,solexs
1715575862.0,1715575941.0,1715576501.0,141.0,88.4492661809735,24.925723704867774,639.0,79.0,560.0,SDD2,solexs
1715576840.0,1715576868.0,1715576928.0,156.0,88.4492661809735,32.12165786261677,88.0,28.0,60.0,SDD2,solexs
1715577936.0,1715580719.0,1715581891.0,255.0,88.71233238306408,60.31245360937468,3955.0,2783.0,1172.0,SDD2,solexs
1715583917.0,1715584025.0,1715584364.0,174.0,105.76908457396262,29.867506550279145,447.0,108.0,339.0,SDD2,solexs
1715584947.0,1715585780.0,1715586465.0,317.0,113.65769190159435,85.0855352530765,1518.0,833.0,685.0,SDD2,solexs
1715587398.0,1715593463.0,1715604393.0,5238.0,167.568524970964,418.7228860770862,16995.0,6065.0,10930.0,SDD2,solexs
1715604914.0,1715605802.0,1715612941.0,2917.0,340.0081300813008,391.12641825490044,8027.0,888.0,7139.0,SDD2,solexs
1715613624.0,1715613972.0,1715614930.0,461.0,254.06567416323514,57.93014451261281,1306.0,348.0,958.0,SDD2,solexs
1715615582.0,1715616147.0,1715616502.0,364.0,224.25878999049732,41.73157348184869,920.0,565.0,355.0,SDD2,solexs
1715617763.0,1715618044.0,1715619264.0,303.0,201.75783972125436,31.582211800962256,1501.0,281.0,1220.0,SDD2,solexs
1715619685.0,1715619734.0,1715619786.0,246.0,191.49688522859256,17.61389742546876,101.0,49.0,52.0,SDD2,solexs
1715621199.0,1715622374.0,1715624874.0,558.0,260.925456657164,93.00811666717763,3675.0,1175.0,2500.0,SDD2,solexs
1715625276.0,1715626035.0,1715628582.0,633.0,183.4104107274839,140.1464247980582,3306.0,759.0,2547.0,SDD2,solexs
1715629984.0,1715630370.0,1715632013.0,238.0,153.90808784711226,30.199712910158283,2029.0,386.0,1643.0,SDD2,solexs
1715633404.0,1715633498.0,1715634099.0,241.0,148.4492661809735,33.97080487738704,695.0,94.0,601.0,SDD2,solexs
1715634905.0,1715635327.0,1715636022.0,227.0,132.3540280857354,36.77676183771614,1117.0,422.0,695.0,SDD2,solexs
1715636933.0,1715637516.0,1715639464.0,1143.0,145.40164713335446,387.79494140730156,2531.0,583.0,1948.0,SDD2,solexs
1715640562.0,1715640970.0,1715641252.0,188.0,126.19628339140533,24.624159927632462,690.0,408.0,282.0,SDD2,solexs
1715649297.0,1715652528.0,1715659171.0,12875.0,287.6028930419174,1823.8393586698862,9874.0,3231.0,6643.0,SDD2,solexs
1715659584.0,1715659691.0,1715660419.0,290.0,165.87783760954494,43.09929321570738,835.0,107.0,728.0,SDD2,solexs
1715661885.0,1715663404.0,1715663650.0,306.0,168.8789990497308,41.80952397898103,1765.0,1519.0,246.0,SDD2,solexs
1715664238.0,1715664545.0,1715668677.0,306.0,202.8273149614613,30.375470289825,4439.0,307.0,4132.0,SDD2,solexs
1715669984.0,1715670387.0,1715670493.0,234.0,170.16355189525922,21.885196046838683,509.0,403.0,106.0,SDD2,solexs
1715672076.0,1715675242.0,1715677324.0,456.0,231.25213810579666,56.95445920310883,5248.0,3166.0,2082.0,SDD2,solexs
1715678992.0,1715681224.0,1715687089.0,673.0,320.7956921127653,76.9419617831701,8097.0,2232.0,5865.0,SDD2,solexs
1715688150.0,1715691321.0,1715696090.0,10418.0,245.47545137789044,2558.15206468045,7940.0,3171.0,4769.0,SDD2,solexs
1715697954.0,1715698291.0,1715699026.0,288.0,172.2884595079717,39.662135375654934,1072.0,337.0,735.0,SDD2,solexs
1715699859.0,1715700554.0,1715702112.0,579.0,193.1532045190582,121.2433714990071,2253.0,695.0,1558.0,SDD2,solexs
1715702500.0,1715702978.0,1715703256.0,295.0,187.25878999049732,35.2107876463256,756.0,478.0,278.0,SDD2,solexs
1715703682.0,1715703957.0,1715704365.0,240.0,177.6397423714497,20.924391213229548,683.0,275.0,408.0,SDD2,solexs
1715705061.0,1715705370.0,1715715654.0,29568.0,915.2289093020801,9614.164765258922,10593.0,309.0,10284.0,SDD2,solexs
1715716227.0,1715716826.0,1715721263.0,676.0,253.63910885862106,95.62954636664799,5036.0,599.0,4437.0,SDD2,solexs
1715722078.0,1715722161.0,1715722201.0,264.0,203.35117727800653,19.021852791027662,123.0,83.0,40.0,SDD2,solexs
1715724664.0,1715724888.0,1715725470.0,273.0,195.25878999049732,24.88060846282002,806.0,224.0,582.0,SDD2,solexs
1715725826.0,1715726346.0,1715727209.0,258.0,165.64750290360047,32.0603329560373,1383.0,520.0,863.0,SDD2,solexs
1715727925.0,1715728561.0,1715729848.0,381.0,165.74780910146762,74.81784492794024,1923.0,636.0,1287.0,SDD2,solexs
1715730563.0,1715732327.0,1715733902.0,302.0,160.16930630345263,50.43686815135209,3339.0,1764.0,1575.0,SDD2,solexs
1715736034.0,1715736651.0,1715737389.0,234.0,126.4492661809735,42.77304996671863,1355.0,617.0,738.0,SDD2,solexs
1715737745.0,1715738093.0,1715739032.0,288.0,150.93912997571533,49.104969863502355,1287.0,348.0,939.0,SDD2,solexs
1715740250.0,1715740776.0,1715743068.0,213.0,114.90169992609017,38.64252337926579,2818.0,526.0,2292.0,SDD2,solexs
1715746346.0,1715748803.0,1715750823.0,391.0,109.78867067891458,107.72022263547854,4477.0,2457.0,2020.0,SDD2,solexs
1715753812.0,1715754280.0,1715755213.0,289.0,92.78259951430684,91.10018262945438,1401.0,468.0,933.0,SDD2,solexs
1715756979.0,1715759098.0,1715760508.0,594.0,205.4052898321191,107.67278591071776,3529.0,2119.0,1410.0,SDD2,solexs
1715760914.0,1715762188.0,1715766361.0,20022.0,1381.6873614190688,3955.4129168684635,5447.0,1274.0,4173.0,SDD2,solexs
1715766745.0,1715769230.0,1715780448.0,2656.0,978.0702143385071,164.95910484555057,13703.0,2485.0,11218.0,SDD2,solexs
1715781444.0,1715783894.0,1715795276.0,17078.0,543.8650617675008,1636.6339756061866,13832.0,2450.0,11382.0,SDD2,solexs
1715796395.0,1715797602.0,1715802179.0,440.0,174.32868757259,76.160773289598,5784.0,1207.0,4577.0,SDD2,solexs
1715803968.0,1715804073.0,1715804353.0,220.0,126.5445042762116,37.15336882746354,385.0,105.0,280.0,SDD2,solexs
1715805349.0,1715805588.0,1715808827.0,241.0,136.36279167986484,41.02380151993119,3478.0,239.0,3239.0,SDD2,solexs
1715811468.0,1715811578.0,1715812451.0,160.0,103.30809840565938,24.36915355540035,983.0,110.0,873.0,SDD2,solexs
1715818414.0,1715819083.0,1715819224.0,137.0,84.62464364903389,25.691592198339148,810.0,669.0,141.0,SDD2,solexs
1715824143.0,1715825799.0,1715828417.0,176.0,81.99820504698553,42.005762828576444,4274.0,1656.0,2618.0,SDD2,solexs
1715835757.0,1715836002.0,1715836374.0,169.0,60.639742371449685,62.230938841085354,617.0,245.0,372.0,SDD2,solexs
1715839782.0,1715841193.0,1715843077.0,234.0,64.37889346425932,86.3978277969086,3295.0,1411.0,1884.0,SDD2,solexs
1715845985.0,1715846641.0,1715847308.0,668.0,56.92545665716398,362.20624012745543,1323.0,656.0,667.0,SDD2,solexs
1715851456.0,1715851540.0,1715851546.0,89.0,53.449266180973495,21.74666648100906,90.0,84.0,6.0,SDD2,solexs
1715854769.0,1715855061.0,1715855162.0,92.0,50.639742371449685,25.76186198075133,393.0,292.0,101.0,SDD2,solexs
1715863361.0,1715863973.0,1715864379.0,141.0,50.92545665716398,56.4481353968633,1018.0,612.0,406.0,SDD2,solexs
1715870756.0,1715871098.0,1715872231.0,153.0,52.639742371449685,61.86142042312879,1475.0,342.0,1133.0,SDD2,solexs
1715875158.0,1715875285.0,1715876515.0,61.0,11.782599514306831,47.26575104205279,1357.0,127.0,1230.0,SDD2,solexs
1715905731.0,1715905792.0,1715907152.0,110.0,11.782599514306831,127.96254679448087,1421.0,61.0,1360.0,SDD2,solexs
1715907918.0,1715908043.0,1715908159.0,105.0,52.449266180973495,32.45070037918876,241.0,125.0,116.0,SDD2,solexs
1715908938.0,1715910368.0,1715911787.0,500.0,68.30640903811636,220.58384356997584,2849.0,1430.0,1419.0,SDD2,solexs
1715912848.0,1715913397.0,1715915108.0,170.0,60.85534790412839,59.11650190909782,2260.0,549.0,1711.0,SDD2,solexs
1715922377.0,1715922466.0,1715925110.0,128.0,37.97307570478302,65.3355457786203,2733.0,89.0,2644.0,SDD2,solexs
1715928434.0,1715928496.0,1715928615.0,75.0,41.639742371449685,23.120135593892865,181.0,62.0,119.0,SDD2,solexs
1715930383.0,1715930580.0,1715931281.0,90.0,41.068313800021116,34.14693625905549,898.0,197.0,701.0,SDD2,solexs
1715933016.0,1715933043.0,1715933308.0,76.0,41.495618202935276,23.878757591484057,292.0,27.0,265.0,SDD2,solexs
1715939095.0,1715939284.0,1715939294.0,72.0,41.30640903811636,21.357675235837505,199.0,189.0,10.0,SDD2,solexs
1715947501.0,1715950070.0,1715951525.0,222.0,55.635730123535,88.13311171230131,4024.0,2569.0,1455.0,SDD2,solexs
1715952259.0,1715952430.0,1715953010.0,130.0,52.877837609544926,47.43046173052796,751.0,171.0,580.0,SDD2,solexs
1715953829.0,1715954102.0,1715954472.0,101.0,43.70573329109914,38.658086918943994,643.0,273.0,370.0,SDD2,solexs
1715959656.0,1715959666.0,1715959726.0,66.0,39.73498046668779,18.634005701155164,70.0,10.0,60.0,SDD2,solexs
1715961844.0,1715961832.0,1715962022.0,74.0,44.013303769401325,20.106072877838653,178.0,-12.0,190.0,SDD2,solexs
1715970382.0,1715971528.0,1715972519.0,92.0,48.072853975293,26.960019332867738,2137.0,1146.0,991.0,SDD2,solexs
1715975693.0,1715975800.0,1715976065.0,106.0,40.30640903811636,46.27548145899806,372.0,107.0,265.0,SDD2,solexs
1715976846.0,1715976896.0,1715977055.0,100.0,37.92545665716398,45.07784249230805,209.0,50.0,159.0,SDD2,solexs
1715978276.0,1715980098.0,1715990868.0,5319.0,189.59729701193115,1942.3176163680646,12592.0,1822.0,10770.0,SDD2,solexs
1715998694.0,1715998883.0,1715998961.0,88.0,57.17638053003907,18.287951218558167,267.0,189.0,78.0,SDD2,solexs
1716002622.0,1716003096.0,1716003969.0,148.0,53.40164713335445,57.892358931978954,1347.0,474.0,873.0,SDD2,solexs
1716005843.0,1716005987.0,1716007306.0,129.0,51.566518847006655,44.34522943285407,1463.0,144.0,1319.0,SDD2,solexs
1716008802.0,1716009060.0,1716009518.0,103.0,46.8901911097033,36.579001827283,716.0,258.0,458.0,SDD2,solexs
1716010444.0,1716010663.0,1716011474.0,406.0,37.40164713335445,266.3314737867639,1030.0,219.0,811.0,SDD2,solexs
1716016770.0,1716016870.0,1716017084.0,63.0,34.068313800021116,22.16733193102146,314.0,100.0,214.0,SDD2,solexs
1716023718.0,1716023908.0,1716024035.0,67.0,31.354028085735404,28.4694309751458,317.0,190.0,127.0,SDD2,solexs
1716029539.0,1716029573.0,1716029692.0,61.0,31.40164713335445,23.62143768414657,153.0,34.0,119.0,SDD2,solexs
1716036885.0,1716037286.0,1716037360.0,58.0,30.164554957237883,22.37046670105649,475.0,401.0,74.0,SDD2,solexs
1716059587.0,1716061061.0,1716061385.0,211.0,33.67616935909619,126.27378762423236,1798.0,1474.0,324.0,SDD2,solexs
1716063266.0,1716063384.0,1716063838.0,215.0,32.17125963467427,143.83904840452,572.0,118.0,454.0,SDD2,solexs
1716068202.0,1716068210.0,1716068265.0,54.0,29.16355189525921,20.56763120439988,63.0,8.0,55.0,SDD2,solexs
1716122052.0,1716122101.0,1716122678.0,90.0,33.5445042762116,43.54525076789819,626.0,49.0,577.0,SDD2,solexs
1716124655.0,1716124766.0,1716124899.0,83.0,31.63974237144969,40.83435706952533,244.0,111.0,133.0,SDD2,solexs
1716126068.0,1716126245.0,1716127201.0,1336.0,31.63974237144969,1037.0413811494282,1133.0,177.0,956.0,SDD2,solexs
1716131746.0,1716133057.0,1716133154.0,87.0,36.84795692112765,31.700466429116055,1408.0,1311.0,97.0,SDD2,solexs
1716134139.0,1716134429.0,1716134599.0,98.0,59.639742371449685,22.214095454155316,460.0,290.0,170.0,SDD2,solexs
1716135040.0,1716135508.0,1716135511.0,116.0,60.88385598141696,30.5710489047201,471.0,468.0,3.0,SDD2,solexs
1716140879.0,1716141361.0,1716142255.0,2025.0,54.30186886284447,1170.468221722991,1376.0,482.0,894.0,SDD2,solexs
1716147096.0,1716148557.0,1716149469.0,132.0,61.69728645338401,37.96274875551199,2373.0,1461.0,912.0,SDD2,solexs
1716151084.0,1716151166.0,1716151559.0,91.0,54.618783655369015,21.739004870540906,475.0,82.0,393.0,SDD2,solexs
1716154741.0,1716155985.0,1716156898.0,1073.0,49.22494984690107,621.1487965768392,2157.0,1244.0,913.0,SDD2,solexs
1716158064.0,1716158549.0,1716159474.0,109.0,46.84225530566994,39.340390001501795,1410.0,485.0,925.0,SDD2,solexs
1716183412.0,1716184539.0,1716186871.0,349.0,62.11133987963257,207.9775389877456,3459.0,1127.0,2332.0,SDD2,solexs
1716190666.0,1716190709.0,1716190786.0,78.0,44.687361419068736,22.285976832125257,120.0,43.0,77.0,SDD2,solexs
1716198955.0,1716199804.0,1716199999.0,65.0,32.49688522859255,25.42760556705006,1044.0,849.0,195.0,SDD2,solexs
1716201253.0,1716201342.0,1716201554.0,114.0,37.47392038855454,55.65122731736122,301.0,89.0,212.0,SDD2,solexs
1716209348.0,1716209479.0,1716209645.0,78.0,25.83021856192588,45.90605520632531,297.0,131.0,166.0,SDD2,solexs
1716210670.0,1716210714.0,1716210793.0,61.0,27.21117094287826,28.96773402275634,123.0,44.0,79.0,SDD2,solexs
1716214935.0,1716215051.0,1716215412.0,63.0,32.27029880688417,24.29612648011913,477.0,116.0,361.0,SDD2,solexs
1716225275.0,1716225361.0,1716225517.0,58.0,30.38200823566677,22.42688446302891,242.0,86.0,156.0,SDD2,solexs
1716230158.0,1716233773.0,1716239114.0,204.0,80.12839193326997,55.60000097419122,8956.0,3615.0,5341.0,SDD2,solexs
1716245279.0,1716245482.0,1716245454.0,86.0,53.4087741526766,19.842188177538624,175.0,203.0,-28.0,SDD2,solexs
1716270876.0,1716272063.0,1716273954.0,198.0,36.61028402491817,112.49892159081452,3078.0,1187.0,1891.0,SDD2,solexs
1716275226.0,1716275665.0,1716275906.0,76.0,36.5445042762116,29.188478993767003,680.0,439.0,241.0,SDD2,solexs
1716276318.0,1716276746.0,1716277586.0,236.0,35.88375039594552,144.30156803441946,1268.0,428.0,840.0,SDD2,solexs
1716286624.0,1716287133.0,1716287700.0,84.0,34.95987752085313,37.12138779195441,1076.0,509.0,567.0,SDD2,solexs
1716293221.0,1716293287.0,1716293990.0,73.0,33.32013514940344,30.369614612604327,769.0,66.0,703.0,SDD2,solexs
1716296951.0,1716297295.0,1716297178.0,58.0,32.97460669411889,19.02969484678657,227.0,344.0,-117.0,SDD2,solexs
1716298332.0,1716298585.0,1716299070.0,425.0,36.068313800021116,289.61790294870565,738.0,253.0,485.0,SDD2,solexs
1716299404.0,1716299438.0,1716299546.0,93.0,36.492239467849224,41.89845765730645,142.0,34.0,108.0,SDD2,solexs
1716300283.0,1716300617.0,1716303733.0,362.0,46.98321191004118,230.2115139364966,3450.0,334.0,3116.0,SDD2,solexs
1716307152.0,1716307478.0,1716308784.0,424.0,43.53098933586739,259.2718416674028,1632.0,326.0,1306.0,SDD2,solexs
1716312709.0,1716312739.0,1716313009.0,71.0,37.687361419068736,24.267562936163078,300.0,30.0,270.0,SDD2,solexs
1716319492.0,1716319920.0,1716322130.0,1352.0,51.06155632984901,988.6803765515028,2638.0,428.0,2210.0,SDD2,solexs
1716325106.0,1716325456.0,1716326849.0,105.0,47.61355717453278,34.374575295065306,1743.0,350.0,1393.0,SDD2,solexs
1716330194.0,1716331143.0,1716332488.0,176.0,54.49033892936332,77.29264502149773,2294.0,949.0,1345.0,SDD2,solexs
1716333893.0,1716334089.0,1716334596.0,78.0,45.55664660542709,21.37471157198611,703.0,196.0,507.0,SDD2,solexs
1716335704.0,1716335800.0,1716335949.0,84.0,40.27283285819871,30.774266765979995,245.0,96.0,149.0,SDD2,solexs
1716338765.0,1716339045.0,1716339439.0,83.0,37.94002745222257,32.722050551353036,674.0,280.0,394.0,SDD2,solexs
1716343059.0,1716343072.0,1716343125.0,64.0,38.877837609544926,18.01859673652596,66.0,13.0,53.0,SDD2,solexs
1716347265.0,1716347598.0,1716348834.0,1045.0,39.30640903811636,717.3795555969635,1569.0,333.0,1236.0,SDD2,solexs
1716349361.0,1716350591.0,1716354390.0,1437.0,143.2137577869285,424.61346549290084,5029.0,1230.0,3799.0,SDD2,solexs
1716354986.0,1716354964.0,1716355447.0,100.0,55.90386442825468,25.779489282393406,461.0,-22.0,483.0,SDD2,solexs
1716358669.0,1716358685.0,1716358872.0,83.0,49.49688522859255,21.29664775801811,203.0,16.0,187.0,SDD2,solexs
1716360896.0,1716361359.0,1716362601.0,145.0,53.243849646288666,58.31349711988064,1705.0,463.0,1242.0,SDD2,solexs
1716372309.0,1716373104.0,1716373540.0,97.0,50.23677541970225,29.043871655837574,1231.0,795.0,436.0,SDD2,solexs
1716375313.0,1716375552.0,1716376303.0,127.0,64.2865589694858,34.41366791809504,990.0,239.0,751.0,SDD2,solexs
1716377636.0,1716378287.0,1716379229.0,139.0,61.02069475240207,44.64324814309219,1593.0,651.0,942.0,SDD2,solexs
1716380180.0,1716380229.0,1716380477.0,89.0,54.11593284764017,21.207014683307595,297.0,49.0,248.0,SDD2,solexs
1716382488.0,1716382854.0,1716383323.0,98.0,59.65922289093021,22.330997466727172,835.0,366.0,469.0,SDD2,solexs
1716385481.0,1716386670.0,1716387697.0,821.0,83.76243268926197,351.23714438171015,2216.0,1189.0,1027.0,SDD2,solexs
1716388374.0,1716389363.0,1716392514.0,236.0,75.9112026185197,67.9736011624835,4140.0,989.0,3151.0,SDD2,solexs
1716394103.0,1716394247.0,1716394709.0,130.0,49.30640903811636,51.39280870163708,606.0,144.0,462.0,SDD2,solexs
1716395185.0,1716395346.0,1716395919.0,96.0,51.42191954387077,27.883740963711453,734.0,161.0,573.0,SDD2,solexs
1716397084.0,1716397162.0,1716397234.0,83.0,47.83021856192588,22.742252891979632,150.0,78.0,72.0,SDD2,solexs
1716398231.0,1716399532.0,1716401090.0,157.0,59.30640903811636,54.39448014599738,2859.0,1301.0,1558.0,SDD2,solexs
1716403289.0,1716404231.0,1716405452.0,417.0,56.299387604265654,219.09426907403582,2163.0,942.0,1221.0,SDD2,solexs
1716406726.0,1716407188.0,1716407552.0,188.0,97.71945940238624,40.77837466322556,826.0,462.0,364.0,SDD2,solexs
1716408659.0,1716411602.0,1716413990.0,419.0,110.31242740998837,79.75106418009133,5331.0,2943.0,2388.0,SDD2,solexs
1716414569.0,1716414820.0,1716416885.0,259.0,108.72737831274415,58.97638975234899,2316.0,251.0,2065.0,SDD2,solexs
1716420429.0,1716420575.0,1716420793.0,133.0,87.42403125329955,21.77670688407879,364.0,146.0,218.0,SDD2,solexs
1716425345.0,1716427475.0,1716428130.0,176.0,77.4492661809735,50.08021753193738,2785.0,2130.0,655.0,SDD2,solexs
1716428886.0,1716430544.0,1716435792.0,3145.0,203.7175588639003,899.5331819189415,6906.0,1658.0,5248.0,SDD2,solexs
1716436740.0,1716438485.0,1716444703.0,1099.0,86.82689261957553,268.25122349665185,7963.0,1745.0,6218.0,SDD2,solexs
1716445157.0,1716445344.0,1716445498.0,116.0,80.49688522859253,17.696684825046948,341.0,187.0,154.0,SDD2,solexs
1716446326.0,1716446531.0,1716450785.0,603.0,80.49688522859253,260.4439920764835,4459.0,205.0,4254.0,SDD2,solexs
1716451397.0,1716451756.0,1716452498.0,269.0,46.28735086052159,144.24109404246312,1101.0,359.0,742.0,SDD2,solexs
1716455021.0,1716458882.0,1716461747.0,584.0,104.72368282124381,153.22699310072255,6726.0,3861.0,2865.0,SDD2,solexs
1716462500.0,1716462643.0,1716463938.0,330.0,62.05015309893359,139.02819896076397,1438.0,143.0,1295.0,SDD2,solexs
1716465676.0,1716467750.0,1716468356.0,299.0,84.80213282652306,92.76210522901563,2680.0,2074.0,606.0,SDD2,solexs
1716468662.0,1716470364.0,1716475160.0,1752.0,162.92545665716398,400.95193736692784,6498.0,1702.0,4796.0,SDD2,solexs
1716475687.0,1716475810.0,1716476910.0,195.0,106.6397423714497,36.99737992387508,1223.0,123.0,1100.0,SDD2,solexs
1716477389.0,1716479863.0,1716480609.0,673.0,106.6397423714497,255.70428145491678,3220.0,2474.0,746.0,SDD2,solexs
1716480920.0,1716481775.0,1716485277.0,261.0,98.11593284764015,73.54003532317942,4357.0,855.0,3502.0,SDD2,solexs
1716485971.0,1716486148.0,1716487960.0,133.0,63.3540280857354,34.36516776096444,1989.0,177.0,1812.0,SDD2,solexs
1716488582.0,1716488888.0,1716488968.0,109.0,63.3540280857354,25.64663199559151,386.0,306.0,80.0,SDD2,solexs
1716489328.0,1716489621.0,1716490324.0,98.0,55.88491183613135,25.078874258063692,996.0,293.0,703.0,SDD2,solexs
1716491859.0,1716491955.0,1716492048.0,86.0,45.639742371449685,26.71759335108644,189.0,96.0,93.0,SDD2,solexs
1716493409.0,1716493573.0,1716494249.0,340.0,45.639742371449685,194.85994699095613,840.0,164.0,676.0,SDD2,solexs
1716496170.0,1716496451.0,1716497288.0,382.0,43.480413895048045,227.44418485220822,1118.0,281.0,837.0,SDD2,solexs
1716499094.0,1716500344.0,1716500889.0,187.0,48.59185936015204,84.56593743631909,1795.0,1250.0,545.0,SDD2,solexs
1716501538.0,1716501932.0,1716503564.0,162.0,51.78492239467849,65.54820573125896,2026.0,394.0,1632.0,SDD2,solexs
1716504984.0,1716505125.0,1716510086.0,342.0,64.87783760954493,181.1759739259942,5102.0,141.0,4961.0,SDD2,solexs
1716510675.0,1716511128.0,1716511534.0,131.0,64.87783760954493,36.71249179888192,859.0,453.0,406.0,SDD2,solexs
1716512627.0,1716513309.0,1716515480.0,200.0,71.92640692640693,67.26899163306571,2853.0,682.0,2171.0,SDD2,solexs
1716518276.0,1716518898.0,1716521923.0,220.0,57.56873614190688,97.04663951235145,3647.0,622.0,3025.0,SDD2,solexs
1716523761.0,1716523893.0,1716524801.0,88.0,49.83021856192588,24.181780513916273,1040.0,132.0,908.0,SDD2,solexs
1716525906.0,1716526136.0,1716526649.0,116.0,52.49688522859255,39.19613611964002,743.0,230.0,513.0,SDD2,solexs
1716527987.0,1716529354.0,1716529639.0,141.0,53.83021856192588,45.68341069161837,1652.0,1367.0,285.0,SDD2,solexs
1716530546.0,1716530860.0,1716531263.0,162.0,88.21117094287825,35.13531269078334,717.0,314.0,403.0,SDD2,solexs
1716531991.0,1716534231.0,1716536765.0,838.0,102.46077499736037,209.54506918672118,4774.0,2240.0,2534.0,SDD2,solexs
1716537289.0,1716539168.0,1716544495.0,794.0,97.36015204307887,184.1172745034607,7206.0,1879.0,5327.0,SDD2,solexs
1716547490.0,1716547888.0,1716549294.0,298.0,48.7479674796748,146.11998771052487,1804.0,398.0,1406.0,SDD2,solexs
1716550510.0,1716550830.0,1716551593.0,91.0,45.95454545454545,29.772530405400097,1083.0,320.0,763.0,SDD2,solexs
1716553712.0,1716553942.0,1716554424.0,91.0,57.763805300390665,19.365699380920493,712.0,230.0,482.0,SDD2,solexs
1716557408.0,1716557496.0,1716557869.0,81.0,41.639742371449685,27.278262911553256,461.0,88.0,373.0,SDD2,solexs
1716558782.0,1716559024.0,1716560026.0,145.0,41.639742371449685,71.63323491083088,1244.0,242.0,1002.0,SDD2,solexs
1716560463.0,1716560554.0,1716560978.0,100.0,37.144071375778694,45.92672966876158,515.0,91.0,424.0,SDD2,solexs
1716564592.0,1716564790.0,1716564908.0,55.0,30.4492661809735,19.897158528184665,316.0,198.0,118.0,SDD2,solexs
1716574702.0,1716574804.0,1716574921.0,104.0,29.78259951430683,60.819022513360316,219.0,102.0,117.0,SDD2,solexs
1716581493.0,1716582274.0,1716583834.0,901.0,35.796061661915324,692.3851354976629,2341.0,781.0,1560.0,SDD2,solexs
1716584887.0,1716584945.0,1716586461.0,166.0,107.19607222046247,24.064243094016188,1574.0,58.0,1516.0,SDD2,solexs
1716588107.0,1716588307.0,1716588528.0,159.0,102.83021856192588,24.771787873440548,421.0,200.0,221.0,SDD2,solexs
1716589399.0,1716589782.0,1716590445.0,136.0,81.8397212543554,26.599350429589858,1046.0,383.0,663.0,SDD2,solexs
1716597643.0,1716597576.0,1716598129.0,111.0,76.5483053531834,17.439216032275585,486.0,-67.0,553.0,SDD2,solexs
1716599312.0,1716599343.0,1716600017.0,96.0,57.73033470594446,19.73340625912321,705.0,31.0,674.0,SDD2,solexs
1716600538.0,1716600577.0,1716600782.0,117.0,56.16524126280223,36.0950239790102,244.0,39.0,205.0,SDD2,solexs
1716601583.0,1716601801.0,1716601711.0,70.0,48.041917432161334,14.254203837641171,128.0,218.0,-90.0,SDD2,solexs
1716611192.0,1716613476.0,1716615385.0,207.0,60.57639108858622,71.44237663465174,4193.0,2284.0,1909.0,SDD2,solexs
1716624922.0,1716625169.0,1716626133.0,79.0,35.723893992186674,32.4148813790891,1211.0,247.0,964.0,SDD2,solexs
1716632527.0,1716633167.0,1716633273.0,76.0,35.46763805300391,28.801317377107896,746.0,640.0,106.0,SDD2,solexs
1716648283.0,1716648303.0,1716648384.0,55.0,29.531147714074542,20.9106897277852,101.0,20.0,81.0,SDD2,solexs
1716649032.0,1716649202.0,1716649252.0,59.0,28.21476084890719,25.930712901005784,220.0,170.0,50.0,SDD2,solexs
1716657760.0,1716657961.0,1716658678.0,337.0,26.698764649984163,272.19143011074016,918.0,201.0,717.0,SDD2,solexs
1716674636.0,1716675188.0,1716675509.0,80.0,41.312532995459826,26.74021545901646,873.0,552.0,321.0,SDD2,solexs
1716677359.0,1716677605.0,1716677893.0,75.0,38.98268398268398,25.780673042782517,534.0,246.0,288.0,SDD2,solexs
1716684159.0,1716684486.0,1716685814.0,181.0,41.635730123535,96.25594029838376,1655.0,327.0,1328.0,SDD2,solexs
1716690838.0,1716691160.0,1716692529.0,103.0,32.38169147925245,55.769178399613075,1691.0,322.0,1369.0,SDD2,solexs
1716701317.0,1716701316.0,1716701381.0,54.0,31.77520853130609,17.65067731988626,64.0,-1.0,65.0,SDD2,solexs
1716715390.0,1716716189.0,1716717877.0,278.0,40.6122373561398,184.48235267879556,2487.0,799.0,1688.0,SDD2,solexs
1716719948.0,1716720185.0,1716720065.0,59.0,33.128497518741426,20.287780360185863,117.0,237.0,-120.0,SDD2,solexs
1716723875.0,1716724283.0,1716724779.0,72.0,35.211170942878255,27.70766076978363,904.0,408.0,496.0,SDD2,solexs
1716726538.0,1716727090.0,1716727620.0,90.0,33.639742371449685,43.457189608930946,1082.0,552.0,530.0,SDD2,solexs
1716728296.0,1716728581.0,1716729311.0,97.0,44.59212332383064,35.09800940954175,1015.0,285.0,730.0,SDD2,solexs
1716730779.0,1716730916.0,1716731086.0,96.0,59.922817020378,20.874771946364405,307.0,137.0,170.0,SDD2,solexs
1716732200.0,1716732767.0,1716733711.0,281.0,66.97888290571217,120.66026262767559,1511.0,567.0,944.0,SDD2,solexs
1716734035.0,1716734276.0,1716735443.0,116.0,52.65494667933692,37.22332270040497,1408.0,241.0,1167.0,SDD2,solexs
1716739325.0,1716739696.0,1716740625.0,148.0,37.16671945940239,81.41112767367781,1300.0,371.0,929.0,SDD2,solexs
1716741312.0,1716743079.0,1716746247.0,392.0,70.04170626121845,111.48616152601784,4935.0,1767.0,3168.0,SDD2,solexs
1716748561.0,1716748829.0,1716749115.0,94.0,48.258789990497306,29.446550883130932,554.0,268.0,286.0,SDD2,solexs
1716767021.0,1716767097.0,1716767169.0,70.0,35.120367437440606,26.32122319958291,148.0,76.0,72.0,SDD2,solexs
1716768885.0,1716769790.0,1716770897.0,90.0,39.48463731390561,37.092348920848615,2012.0,905.0,1107.0,SDD2,solexs
1716772305.0,1716773068.0,1716773783.0,181.0,51.893886601203675,79.7330612565569,1478.0,763.0,715.0,SDD2,solexs
1716774189.0,1716774634.0,1716775645.0,225.0,75.71143490655686,75.14290272560174,1456.0,445.0,1011.0,SDD2,solexs
1716776902.0,1716780046.0,1716783056.0,375.0,146.40523703938337,71.40071395967468,6154.0,3144.0,3010.0,SDD2,solexs
1716783545.0,1716783892.0,1716786302.0,266.0,74.20879526977089,78.9953174125865,2757.0,347.0,2410.0,SDD2,solexs
1716788483.0,1716788619.0,1716789014.0,112.0,53.49688522859255,35.7708894031961,531.0,136.0,395.0,SDD2,solexs
1716792412.0,1716793688.0,1716812330.0,17141.0,356.4076655052265,9020.261635967485,19918.0,1276.0,18642.0,SDD2,solexs
1716840641.0,1716840654.0,1716840939.0,131.0,11.782599514306831,155.3223981995843,298.0,13.0,285.0,SDD2,solexs
1716856419.0,1716858285.0,1716859070.0,232.0,63.15712906349907,74.4076946435552,2651.0,1866.0,785.0,SDD2,solexs
1716859777.0,1716859926.0,1716863034.0,446.0,56.07084785133566,163.03889770681363,3257.0,149.0,3108.0,SDD2,solexs
1716864507.0,1716864796.0,1716865636.0,115.0,54.068313800021116,37.05840999235637,1129.0,289.0,840.0,SDD2,solexs
1716866390.0,1716866620.0,1716867061.0,161.0,60.639742371449685,57.63656520610138,671.0,230.0,441.0,SDD2,solexs
1716867611.0,1716868067.0,1716870494.0,457.0,61.258789990497306,226.12160951160504,2883.0,456.0,2427.0,SDD2,solexs
1716872712.0,1716872972.0,1716874341.0,208.0,54.17733079928202,94.55903555616956,1629.0,260.0,1369.0,SDD2,solexs
1716876557.0,1716876730.0,1716877063.0,97.0,57.023334389188044,23.937340089379216,506.0,173.0,333.0,SDD2,solexs
1716877940.0,1716878549.0,1716879381.0,183.0,57.92952169781438,72.94276759447816,1441.0,609.0,832.0,SDD2,solexs
1716882276.0,1716883332.0,1716883866.0,202.0,64.7379368598881,75.38345003066759,1590.0,1056.0,534.0,SDD2,solexs
1716886858.0,1716887317.0,1716888334.0,225.0,93.16355189525922,61.084000609173835,1476.0,459.0,1017.0,SDD2,solexs
1716888808.0,1716888938.0,1716890920.0,266.0,114.37113293210854,59.40376885067325,2112.0,130.0,1982.0,SDD2,solexs
1716891609.0,1716893156.0,1716894114.0,469.0,103.25435540069685,165.8508522613975,2505.0,1547.0,958.0,SDD2,solexs
1716895352.0,1716895472.0,1716895893.0,139.0,92.7663393517052,21.399653821459953,541.0,120.0,421.0,SDD2,solexs
1716897434.0,1716899438.0,1716902196.0,262.0,89.16355189525922,68.46320032572046,4762.0,2004.0,2758.0,SDD2,solexs
1716903628.0,1716904762.0,1716905748.0,231.0,74.70087635941294,80.2136433909586,2120.0,1134.0,986.0,SDD2,solexs
1716908048.0,1716908130.0,1716909133.0,297.0,87.59212332383063,98.62693946941673,1085.0,82.0,1003.0,SDD2,solexs
1716909661.0,1716909854.0,1716911150.0,217.0,61.43675430260795,80.93667428959746,1489.0,193.0,1296.0,SDD2,solexs
1716911865.0,1716912071.0,1716913180.0,143.0,60.97307570478302,46.97884917121457,1315.0,206.0,1109.0,SDD2,solexs
1716913532.0,1716913826.0,1716914198.0,129.0,68.06831380002112,33.02826028419227,666.0,294.0,372.0,SDD2,solexs
1716914892.0,1716915020.0,1716915130.0,109.0,68.06831380002112,22.187181579823932,238.0,128.0,110.0,SDD2,solexs
1716916045.0,1716917160.0,1716918271.0,200.0,72.30640903811636,66.19868717478107,2226.0,1115.0,1111.0,SDD2,solexs
1716919353.0,1716919570.0,1716921195.0,184.0,68.69242952169782,62.944821179651576,1842.0,217.0,1625.0,SDD2,solexs
1716921528.0,1716921690.0,1716924545.0,544.0,88.4492661809735,218.704314277663,3017.0,162.0,2855.0,SDD2,solexs
1716925498.0,1716925760.0,1716927047.0,402.0,66.7072114876993,170.9243934698128,1549.0,262.0,1287.0,SDD2,solexs
1716929570.0,1716929801.0,1716930099.0,122.0,61.44403970013726,34.61954527898525,529.0,231.0,298.0,SDD2,solexs
1716930585.0,1716930782.0,1716932090.0,172.0,65.16355189525922,59.18778186452252,1505.0,197.0,1308.0,SDD2,solexs
1716933304.0,1716933479.0,1716935695.0,188.0,79.72389399218667,57.59393355490571,2391.0,175.0,2216.0,SDD2,solexs
1716939058.0,1716939407.0,1716940538.0,454.0,89.11519374934008,174.48088862645946,1480.0,349.0,1131.0,SDD2,solexs
1716941116.0,1716941206.0,1716941355.0,192.0,135.30640903811636,21.796651462658243,239.0,90.0,149.0,SDD2,solexs
1716941709.0,1716941850.0,1716943803.0,332.0,141.77721465526344,73.13383544892883,2094.0,141.0,1953.0,SDD2,solexs
1716944227.0,1716944749.0,1716946453.0,782.0,146.10643015521066,213.08111321969642,2226.0,522.0,1704.0,SDD2,solexs
1716947787.0,1716949189.0,1716950598.0,260.0,158.74374406081722,35.96088088261877,2811.0,1402.0,1409.0,SDD2,solexs
1716953244.0,1716956372.0,1716956558.0,348.0,225.40164713335446,33.652553579406984,3314.0,3128.0,186.0,SDD2,solexs
1716958318.0,1716958876.0,1716961732.0,435.0,223.70594446204205,60.22307507936056,3414.0,558.0,2856.0,SDD2,solexs
1716963656.0,1716965117.0,1716969913.0,908.0,208.05501003061977,203.59524204194176,6257.0,1461.0,4796.0,SDD2,solexs
1716970381.0,1716970428.0,1716971950.0,159.0,98.27077394150565,25.84032123462335,1569.0,47.0,1522.0,SDD2,solexs
1716972315.0,1716972336.0,1716972569.0,122.0,85.49688522859253,17.645933174787533,254.0,21.0,233.0,SDD2,solexs
1716973744.0,1716973800.0,1716974093.0,120.0,78.25878999049732,21.101506785844453,349.0,56.0,293.0,SDD2,solexs
1716974831.0,1716975161.0,1716978850.0,453.0,83.42793791574279,186.83040990316505,4019.0,330.0,3689.0,SDD2,solexs
1716979543.0,1716979813.0,1716979840.0,113.0,72.97096399535425,20.993262814481376,297.0,270.0,27.0,SDD2,solexs
1716981359.0,1716981672.0,1716982832.0,1132.0,72.11593284764017,558.1587644615765,1473.0,313.0,1160.0,SDD2,solexs
1716984227.0,1716984746.0,1716984923.0,147.0,91.08489071903708,26.342523625751188,696.0,519.0,177.0,SDD2,solexs
1716986834.0,1716987315.0,1716989230.0,1726.0,102.11413789462569,772.6046570879867,2396.0,481.0,1915.0,SDD2,solexs
1716989814.0,1716993939.0,1717005983.0,10193.0,1254.831327209376,605.0591552963715,16169.0,4125.0,12044.0,SDD2,solexs
1717006477.0,1717008083.0,1717011505.0,3715.0,414.8766761693591,673.1194844225046,5028.0,1606.0,3422.0,SDD2,solexs
1717012985.0,1717013385.0,1717016001.0,323.0,144.60711646077502,57.85079771812545,3016.0,400.0,2616.0,SDD2,solexs
1717016520.0,1717016618.0,1717016814.0,183.0,124.25878999049732,23.56645867009822,294.0,98.0,196.0,SDD2,solexs
1717017752.0,1717018686.0,1717020284.0,258.0,104.73561397951642,63.323979859703435,2532.0,934.0,1598.0,SDD2,solexs
1717021968.0,1717022840.0,1717024116.0,221.0,82.09375989863796,66.55724354580057,2148.0,872.0,1276.0,SDD2,solexs
1717031440.0,1717031487.0,1717031631.0,97.0,59.88211382113821,21.54407954406051,191.0,47.0,144.0,SDD2,solexs
1717039158.0,1717040130.0,1717044509.0,218.0,72.98146974976243,85.99017242383134,5351.0,972.0,4379.0,SDD2,solexs
1717047048.0,1717047276.0,1717048149.0,103.0,50.83328054059761,31.508718221898455,1101.0,228.0,873.0,SDD2,solexs
1717052086.0,1717052968.0,1717058010.0,542.0,69.80741210009504,314.59471538311834,5924.0,882.0,5042.0,SDD2,solexs
1717065516.0,1717065774.0,1717066794.0,102.0,59.01288142751557,25.5476761342588,1278.0,258.0,1020.0,SDD2,solexs
1717068607.0,1717068672.0,1717068919.0,102.0,66.19353816914793,19.676260608791033,312.0,65.0,247.0,SDD2,solexs
1717070189.0,1717070667.0,1717071646.0,103.0,50.89013831696759,32.0023553571741,1457.0,478.0,979.0,SDD2,solexs
1717076850.0,1717076860.0,1717077158.0,74.0,44.258789990497306,19.946066936917333,308.0,10.0,298.0,SDD2,solexs
1717089920.0,1717089989.0,1717090086.0,95.0,45.53721887868229,32.73549993700325,166.0,69.0,97.0,SDD2,solexs
1717092654.0,1717092684.0,1717093056.0,69.0,40.00844683771513,20.317579387289143,402.0,30.0,372.0,SDD2,solexs
1717094509.0,1717094708.0,1717096123.0,368.0,39.79622004012248,232.98741522332887,1614.0,199.0,1415.0,SDD2,solexs
1717096699.0,1717096761.0,1717096798.0,88.0,43.556065885334185,30.12051527772362,99.0,62.0,37.0,SDD2,solexs
1717098649.0,1717098942.0,1717098952.0,73.0,41.651198395100835,22.021354887285412,303.0,293.0,10.0,SDD2,solexs
1717100611.0,1717100877.0,1717101066.0,72.0,39.44747122795903,23.195495168719855,455.0,266.0,189.0,SDD2,solexs
1717107493.0,1717107524.0,1717107668.0,55.0,33.40164713335445,16.712895136458382,175.0,31.0,144.0,SDD2,solexs
1717108694.0,1717108775.0,1717108933.0,68.0,38.2153415690001,21.645171983178276,239.0,81.0,158.0,SDD2,solexs
1717110297.0,1717111444.0,1717112365.0,84.0,41.774047091120266,29.351439163216586,2068.0,1147.0,921.0,SDD2,solexs
1717114451.0,1717114923.0,1717115511.0,108.0,35.39351705205364,54.631386403161926,1060.0,472.0,588.0,SDD2,solexs
1717118760.0,1717118911.0,1717118934.0,73.0,33.687361419068736,30.29100576079542,174.0,151.0,23.0,SDD2,solexs
1717122388.0,1717122929.0,1717124982.0,420.0,50.68788934642594,277.39902006678744,2594.0,541.0,2053.0,SDD2,solexs
1717126291.0,1717126581.0,1717128206.0,585.0,46.56752190898532,332.79071097230457,1915.0,290.0,1625.0,SDD2,solexs
1717129902.0,1717130675.0,1717132023.0,101.0,40.258789990497306,42.81225249588405,2121.0,773.0,1348.0,SDD2,solexs
1717136246.0,1717137994.0,1717138446.0,102.0,34.14011192059972,45.39790175713695,2200.0,1748.0,452.0,SDD2,solexs
1717139300.0,1717139418.0,1717140135.0,92.0,44.687361419068736,31.651901866606014,835.0,118.0,717.0,SDD2,solexs
1717141794.0,1717141878.0,1717142265.0,73.0,32.98917748917749,30.83036862904185,471.0,84.0,387.0,SDD2,solexs
1717145931.0,1717146121.0,1717146577.0,81.0,35.639742371449685,33.9723406655183,646.0,190.0,456.0,SDD2,solexs
1717150745.0,1717150888.0,1717151145.0,60.0,32.41600675747017,21.74152070007374,400.0,143.0,257.0,SDD2,solexs
1717153965.0,1717154425.0,1717155822.0,634.0,36.49107802766339,449.10475977776395,1857.0,460.0,1397.0,SDD2,solexs
1717157307.0,1717157422.0,1717157537.0,76.0,39.92545665716398,25.532356160055098,230.0,115.0,115.0,SDD2,solexs
1717159111.0,1717159271.0,1717160259.0,264.0,40.414845317284346,158.2461002266236,1148.0,160.0,988.0,SDD2,solexs
1717163334.0,1717163545.0,1717163556.0,79.0,45.82134938232499,21.85036312909837,222.0,211.0,11.0,SDD2,solexs
1717165529.0,1717165530.0,1717165885.0,63.0,37.217083729278855,18.699101141539177,356.0,1.0,355.0,SDD2,solexs
1717169031.0,1717169343.0,1717169799.0,87.0,36.29131031570056,37.74303873241994,768.0,312.0,456.0,SDD2,solexs
1717170976.0,1717171058.0,1717171282.0,87.0,49.59212332383064,23.755911784670793,306.0,82.0,224.0,SDD2,solexs
1717171705.0,1717171911.0,1717172931.0,491.0,56.218456340407556,268.11786063366173,1226.0,206.0,1020.0,SDD2,solexs
1717173463.0,1717173689.0,1717174161.0,145.0,50.663287931580605,59.06279722569915,698.0,226.0,472.0,SDD2,solexs
1717175290.0,1717176274.0,1717177394.0,278.0,51.22743110547988,142.5752444807825,2104.0,984.0,1120.0,SDD2,solexs
1717178741.0,1717178864.0,1717179818.0,146.0,72.02882483370288,39.709336197430986,1077.0,123.0,954.0,SDD2,solexs
1717181921.0,1717181991.0,1717183008.0,129.0,65.06831380002112,34.35647547167351,1087.0,70.0,1017.0,SDD2,solexs
1717183876.0,1717183952.0,1717184348.0,119.0,64.48558758314857,30.290987276721868,472.0,76.0,396.0,SDD2,solexs
1717186706.0,1717187196.0,1717188402.0,147.0,59.36923239362263,51.260410794342555,1696.0,490.0,1206.0,SDD2,solexs
1717190508.0,1717190675.0,1717191532.0,93.0,54.639742371449685,23.20823918070599,1024.0,167.0,857.0,SDD2,solexs
1717192480.0,1717192984.0,1717197343.0,8990.0,88.14739731812902,4772.775848426157,4863.0,504.0,4359.0,SDD2,solexs
1717198022.0,1717198491.0,1717198667.0,104.0,63.48479569211277,22.74676963064713,645.0,469.0,176.0,SDD2,solexs
1778036711.0,1778037184.0,1778037643.0,27.0,6.858937810157322,34.35037017695392,932.0,473.0,459.0,SDD2,solexs
1778038829.0,1778038756.0,1778039129.0,28.0,10.1627072114877,24.930693316762234,300.0,-73.0,373.0,SDD2,solexs
1778039639.0,1778040016.0,1778040638.0,26.0,6.510452961672473,33.67166778966461,999.0,377.0,622.0,SDD2,solexs
1778042362.0,1778042789.0,1778043426.0,31.0,5.571428571428571,48.17854461450825,1064.0,427.0,637.0,SDD2,solexs
1778069156.0,1778069188.0,1778069637.0,17.0,5.224949846901065,23.086258368686863,481.0,32.0,449.0,SDD2,solexs
1778074845.0,1778074867.0,1778075436.0,19.0,5.801446520958716,23.444675676070318,591.0,22.0,569.0,SDD2,solexs
1778078245.0,1778078526.0,1778079424.0,21.0,5.246119733924611,31.358786834551427,1179.0,281.0,898.0,SDD2,solexs
1778082106.0,1778082256.0,1778082764.0,22.0,7.62126491394784,22.81683421808166,658.0,150.0,508.0,SDD2,solexs
1778084945.0,1778085302.0,1778085860.0,26.0,8.848907190370603,26.46893647103865,915.0,357.0,558.0,SDD2,solexs
1778088118.0,1778088248.0,1778088917.0,38.0,6.619047619047619,51.883359155579896,799.0,130.0,669.0,SDD2,solexs
1778096191.0,1778096637.0,1778097117.0,21.0,6.180128814275156,26.694944308758807,926.0,446.0,480.0,SDD2,solexs
1778116320.0,1778120128.0,1778129234.0,189.0,29.86527293844367,65.69148514403459,12914.0,3808.0,9106.0,SDD2,solexs
1778131395.0,1778131425.0,1778131469.0,27.0,9.75704783021856,24.670134940706905,74.0,30.0,44.0,SDD2,solexs
1778146669.0,1778147288.0,1778147701.0,25.0,7.214021750607116,29.413684477842608,1032.0,619.0,413.0,SDD2,solexs
1778150490.0,1778150714.0,1778151845.0,86.0,7.428571428571428,128.92198850808626,1355.0,224.0,1131.0,SDD2,solexs
1778158651.0,1778158781.0,1778159027.0,53.0,11.45855770246014,55.0590497947006,376.0,130.0,246.0,SDD2,solexs
1778160286.0,1778160455.0,1778160760.0,39.0,12.10400168936754,34.59361479249199,474.0,169.0,305.0,SDD2,solexs
1778161274.0,1778161628.0,1778161754.0,39.0,14.38095238095238,29.03303395899369,480.0,354.0,126.0,SDD2,solexs
1778163200.0,1778166777.0,1778175517.0,1746.0,134.71191004117833,246.40888570598594,12317.0,3577.0,8740.0,SDD2,solexs
1778176034.0,1778176693.0,1778181460.0,278.0,22.850068630556432,149.03596178339964,5426.0,659.0,4767.0,SDD2,solexs
1778185408.0,1778185526.0,1778185565.0,26.0,11.95253933058811,18.12841591533896,157.0,118.0,39.0,SDD2,solexs
1778197476.0,1778197516.0,1778197565.0,30.0,6.238095238095237,42.54712784628372,89.0,40.0,49.0,SDD2,solexs
1778242780.0,1778243272.0,1778244401.0,29.0,8.09212332383064,33.75764646603437,1621.0,492.0,1129.0,SDD2,solexs
1778247314.0,1778247383.0,1778247559.0,23.0,7.428571428571428,25.549994086148004,245.0,69.0,176.0,SDD2,solexs
1778251279.0,1778251375.0,1778251600.0,23.0,7.523809523809523,25.232493379009544,321.0,96.0,225.0,SDD2,solexs
1778252919.0,1778253186.0,1778253442.0,27.0,7.7142857142857135,31.052950170405936,523.0,267.0,256.0,SDD2,solexs
1778255092.0,1778255512.0,1778258488.0,202.0,8.339457290676803,306.61522598437523,3396.0,420.0,2976.0,SDD2,solexs
1778259730.0,1778259941.0,1778260910.0,30.0,6.878576707845,39.487347685603964,1180.0,211.0,969.0,SDD2,solexs
1778261536.0,1778261674.0,1778261842.0,30.0,9.428571428571427,29.96101362875325,306.0,138.0,168.0,SDD2,solexs
1778262639.0,1778263341.0,1778264842.0,44.0,8.047619047619047,49.61675980429099,2203.0,702.0,1501.0,SDD2,solexs
1778267120.0,1778267240.0,1778267436.0,81.0,7.999999999999999,115.42313459614584,316.0,120.0,196.0,SDD2,solexs
1778267999.0,1778268051.0,1778269278.0,36.0,7.999999999999999,44.27188724235731,1279.0,52.0,1227.0,SDD2,solexs
1778271000.0,1778271617.0,1778273371.0,96.0,9.041495090275578,146.48928246878583,2371.0,617.0,1754.0,SDD2,solexs
1778274385.0,1778274660.0,1778275274.0,26.0,8.554746066941188,26.618407700848387,889.0,275.0,614.0,SDD2,solexs
1778276453.0,1778276451.0,1778276683.0,18.0,6.619047619047619,19.783168556536843,230.0,-2.0,232.0,SDD2,solexs
1778277901.0,1778278016.0,1778278297.0,24.0,6.619047619047619,30.212788799731996,396.0,115.0,281.0,SDD2,solexs
1778282548.0,1778282887.0,1778284220.0,100.0,6.845528455284552,156.92693554829356,1672.0,339.0,1333.0,SDD2,solexs
1778285828.0,1778286070.0,1778286809.0,41.0,5.761904761904761,65.65145945290134,981.0,242.0,739.0,SDD2,solexs
1778288632.0,1778288848.0,1778288880.0,21.0,6.142857142857142,26.80804163577629,248.0,216.0,32.0,SDD2,solexs
1778290936.0,1778291405.0,1778292923.0,29.0,7.347587371977616,38.417509310836124,1987.0,469.0,1518.0,SDD2,solexs
1778293253.0,1778293715.0,1778294838.0,83.0,10.285714285714285,101.39522702520108,1585.0,462.0,1123.0,SDD2,solexs
1778295464.0,1778296246.0,1778296405.0,31.0,9.428571428571427,31.41745179126209,941.0,782.0,159.0,SDD2,solexs
1778297030.0,1778297471.0,1778299073.0,105.0,9.543026079611446,139.0271796952648,2043.0,441.0,1602.0,SDD2,solexs
1778300287.0,1778300818.0,1778302255.0,37.0,11.7134410305142,36.106115657195396,1968.0,531.0,1437.0,SDD2,solexs
1778303844.0,1778304032.0,1778305822.0,45.0,11.653785239151091,36.864557129536415,1978.0,188.0,1790.0,SDD2,solexs
1778307840.0,1778308397.0,1778309263.0,51.0,7.949741315594974,65.61784605992756,1423.0,557.0,866.0,SDD2,solexs
1778313395.0,1778313770.0,1778314436.0,58.0,7.562189842677647,82.27632672697035,1041.0,375.0,666.0,SDD2,solexs
1778314894.0,1778314949.0,1778315288.0,29.0,8.386337239995775,31.80505367460043,394.0,55.0,339.0,SDD2,solexs
1778318541.0,1778318684.0,1778319077.0,36.0,9.952380952380953,36.92491750733124,536.0,143.0,393.0,SDD2,solexs
1778320557.0,1778320775.0,1778321477.0,30.0,10.84077710906979,26.176481823654395,920.0,218.0,702.0,SDD2,solexs
1778322070.0,1778322044.0,1778322522.0,27.0,9.374194910780275,24.97694193364912,452.0,-26.0,478.0,SDD2,solexs
1778327827.0,1778327823.0,1778327991.0,23.0,7.476190476190475,25.39060938994178,164.0,-4.0,168.0,SDD2,solexs
1778332104.0,1778332761.0,1778333640.0,44.0,8.714285714285714,52.80192426623749,1536.0,657.0,879.0,SDD2,solexs
1778335390.0,1778336157.0,1778338143.0,56.0,11.266444937176644,58.81667900577838,2753.0,767.0,1986.0,SDD2,solexs
1778339980.0,1778340699.0,1778341150.0,50.0,10.656319290465632,53.75370122429774,1170.0,719.0,451.0,SDD2,solexs
1778342052.0,1778341982.0,1778342360.0,28.0,10.685988807940024,23.210920541353012,308.0,-70.0,378.0,SDD2,solexs
1778343752.0,1778343909.0,1778344056.0,28.0,10.142857142857142,25.07533919640748,304.0,157.0,147.0,SDD2,solexs
1778344884.0,1778345173.0,1778345795.0,27.0,10.142857142857142,23.671120201408662,911.0,289.0,622.0,SDD2,solexs
1778346297.0,1778346342.0,1778346422.0,33.0,11.19047619047619,29.15660124482875,125.0,45.0,80.0,SDD2,solexs
1778348972.0,1778349334.0,1778349747.0,31.0,9.571428571428571,30.97560770866504,775.0,362.0,413.0,SDD2,solexs
1778350626.0,1778350599.0,1778350913.0,24.0,9.38095238095238,21.345710393134627,287.0,-27.0,314.0,SDD2,solexs
1778352778.0,1778352998.0,1778354586.0,41.0,10.089958821666137,44.70995644626446,1808.0,220.0,1588.0,SDD2,solexs
1778355342.0,1778355288.0,1778356584.0,37.0,9.80952380952381,33.469189318915994,1242.0,-54.0,1296.0,SDD2,solexs
1778358261.0,1778358408.0,1778358922.0,33.0,9.761904761904761,33.26199101764065,661.0,147.0,514.0,SDD2,solexs
1778360520.0,1778360626.0,1778360798.0,28.0,10.761904761904763,23.49955841458671,278.0,106.0,172.0,SDD2,solexs
1778362362.0,1778364177.0,1778365884.0,83.0,17.430471967057333,59.86323208831544,3522.0,1815.0,1707.0,SDD2,solexs
1778367919.0,1778370250.0,1778372133.0,58.0,17.57142857142857,38.90646210848955,4214.0,2331.0,1883.0,SDD2,solexs
1778375357.0,1778376587.0,1778377137.0,37.0,14.04603526554746,28.58920796748964,1780.0,1230.0,550.0,SDD2,solexs
1778378322.0,1778378399.0,1778378642.0,32.0,12.857142857142858,23.875337610843243,320.0,77.0,243.0,SDD2,solexs
1778380180.0,1778380801.0,1778381512.0,78.0,11.026607538802661,89.88256792732771,1332.0,621.0,711.0,SDD2,solexs
1778384191.0,1778384220.0,1778384278.0,25.0,9.142857142857142,23.453030568716336,87.0,29.0,58.0,SDD2,solexs
1778384653.0,1778385769.0,1778386624.0,42.0,10.884014359624114,41.5021518183068,1971.0,1116.0,855.0,SDD2,solexs
1778387488.0,1778388003.0,1778388376.0,31.0,10.911730545876885,27.3246269694793,888.0,515.0,373.0,SDD2,solexs
1778389327.0,1778389513.0,1778390681.0,75.0,10.80952380952381,87.31368428244576,1354.0,186.0,1168.0,SDD2,solexs
1778391460.0,1778391702.0,1778392568.0,28.0,9.60067574701721,25.01860249767026,1108.0,242.0,866.0,SDD2,solexs
1778395014.0,1778395247.0,1778395731.0,46.0,7.476190476190475,63.00921164559171,717.0,233.0,484.0,SDD2,solexs
1778396843.0,1778396853.0,1778396940.0,21.0,8.904761904761905,18.126679826093305,97.0,10.0,87.0,SDD2,solexs
1778397700.0,1778398388.0,1778399783.0,82.0,9.07522964840038,100.4693505779563,2083.0,688.0,1395.0,SDD2,solexs
1778403013.0,1778403108.0,1778403286.0,22.0,8.2765811424348,21.432269102740694,273.0,95.0,178.0,SDD2,solexs
1778404677.0,1778405972.0,1778407333.0,166.0,10.054059761376834,212.21430020836905,2656.0,1295.0,1361.0,SDD2,solexs
1778409540.0,1778409834.0,1778410286.0,39.0,8.857142857142858,45.29524242318519,746.0,294.0,452.0,SDD2,solexs
1778410869.0,1778411110.0,1778411810.0,26.0,6.3809523809523805,33.674060086632856,941.0,241.0,700.0,SDD2,solexs
1778417162.0,1778417743.0,1778418028.0,39.0,7.761904761904761,50.08842646931742,866.0,581.0,285.0,SDD2,solexs
1778418851.0,1778420294.0,1778428434.0,3812.0,76.572853975293,3885.4481622027283,9583.0,1443.0,8140.0,SDD2,solexs
1778429080.0,1778430278.0,1778432873.0,79.0,28.952380952380953,38.34721847729511,3793.0,1198.0,2595.0,SDD2,solexs
1778436378.0,1778436542.0,1778437254.0,33.0,11.952380952380953,26.721107621198563,876.0,164.0,712.0,SDD2,solexs
1778441504.0,1778441727.0,1778442563.0,39.0,9.714285714285714,40.88253702663678,1059.0,223.0,836.0,SDD2,solexs
1778446938.0,1778447544.0,1778448201.0,41.0,9.095238095238095,47.31114617593489,1263.0,606.0,657.0,SDD2,solexs
1778450819.0,1778450816.0,1778451025.0,18.0,8.523809523809522,14.51549703466407,206.0,-3.0,209.0,SDD2,solexs
1778453260.0,1778453248.0,1778453483.0,22.0,8.952380952380953,19.50190285055025,223.0,-12.0,235.0,SDD2,solexs
1778454990.0,1778455135.0,1778455616.0,43.0,9.333333333333332,49.282953683900935,626.0,145.0,481.0,SDD2,solexs
1778457103.0,1778457920.0,1778459571.0,35.0,9.714285714285714,35.635823971111755,2468.0,817.0,1651.0,SDD2,solexs
1778460646.0,1778460822.0,1778461128.0,29.0,8.80952380952381,30.421830541369026,482.0,176.0,306.0,SDD2,solexs
1778462906.0,1778463080.0,1778463125.0,25.0,9.047619047619047,23.717742901060422,219.0,174.0,45.0,SDD2,solexs
1778480817.0,1778480896.0,1778481057.0,19.0,5.476190476190475,25.84489489497888,240.0,79.0,161.0,SDD2,solexs
1778487972.0,1778488268.0,1778490179.0,56.0,7.857142857142857,78.74204323077036,2207.0,296.0,1911.0,SDD2,solexs
1778493078.0,1778493408.0,1778494395.0,27.0,7.238095238095237,32.84971856843013,1317.0,330.0,987.0,SDD2,solexs
1778495396.0,1778495556.0,1778495700.0,25.0,8.666666666666666,24.812114493549835,304.0,160.0,144.0,SDD2,solexs
1778496104.0,1778496184.0,1778496176.0,24.0,8.666666666666666,23.293005442924333,72.0,80.0,-8.0,SDD2,solexs
1778500269.0,1778500418.0,1778500954.0,41.0,8.571428571428571,49.43993781555427,685.0,149.0,536.0,SDD2,solexs
1778503803.0,1778504454.0,1778504969.0,31.0,8.15552739942984,35.86277258409501,1166.0,651.0,515.0,SDD2,solexs
1778506869.0,1778506907.0,1778506940.0,21.0,8.146394256150353,20.138918899491802,71.0,38.0,33.0,SDD2,solexs
1778508490.0,1778508948.0,1778509190.0,84.0,8.37377256889452,117.35683311548146,700.0,458.0,242.0,SDD2,solexs
1778510515.0,1778510546.0,1778510854.0,20.0,7.142857142857142,21.514114968019086,339.0,31.0,308.0,SDD2,solexs
1778514462.0,1778514581.0,1778514864.0,23.0,8.523809523809522,22.174427630843603,402.0,119.0,283.0,SDD2,solexs
1778515238.0,1778515467.0,1778515741.0,28.0,9.013778904022807,28.396252248222474,503.0,229.0,274.0,SDD2,solexs
1778516998.0,1778517062.0,1778517338.0,26.0,10.19047619047619,22.14810366085866,340.0,64.0,276.0,SDD2,solexs
1778517923.0,1778518058.0,1778518428.0,29.0,10.193802132826523,26.333835291863345,505.0,135.0,370.0,SDD2,solexs
1778520476.0,1778520501.0,1778520628.0,25.0,8.065251821349381,26.37002502020437,152.0,25.0,127.0,SDD2,solexs
1778524869.0,1778524966.0,1778524976.0,19.0,7.095238095238095,19.987212274907463,107.0,97.0,10.0,SDD2,solexs
1778525355.0,1778525830.0,1778527262.0,34.0,7.855083940449794,43.89537492411684,1907.0,475.0,1432.0,SDD2,solexs
1778543704.0,1778543872.0,1778543882.0,19.0,6.736564248759371,21.064318624604034,178.0,168.0,10.0,SDD2,solexs
1778547090.0,1778548214.0,1778550202.0,49.0,10.127019322141273,53.14596640075637,3112.0,1124.0,1988.0,SDD2,solexs
1778552669.0,1778552835.0,1778552948.0,19.0,6.032150776053214,23.629211951911103,279.0,166.0,113.0,SDD2,solexs
1778566013.0,1778566023.0,1778566182.0,18.0,5.975504170626121,22.204134611066547,169.0,10.0,159.0,SDD2,solexs
1778567510.0,1778569026.0,1778569913.0,31.0,8.401699926090169,31.25650280330872,2403.0,1516.0,887.0,SDD2,solexs
1778578182.0,1778578511.0,1778579950.0,37.0,8.285714285714285,46.10709246905516,1768.0,329.0,1439.0,SDD2,solexs
1778581298.0,1778582886.0,1778585814.0,54.0,9.078450005279272,46.9426905743314,4516.0,1588.0,2928.0,SDD2,solexs
1778589344.0,1778590150.0,1778592524.0,75.0,9.188153310104529,100.91222634290746,3180.0,806.0,2374.0,SDD2,solexs
1778597823.0,1778597926.0,1778598085.0,48.0,8.095238095238095,62.72272360175703,262.0,103.0,159.0,SDD2,solexs
1778598920.0,1778600956.0,1778603130.0,52.0,13.095132509766657,45.72834236748637,4210.0,2036.0,2174.0,SDD2,solexs
1778604905.0,1778605411.0,1778605556.0,30.0,9.571428571428571,29.530079348927337,651.0,506.0,145.0,SDD2,solexs
1778606139.0,1778606234.0,1778608165.0,49.0,9.571428571428571,56.99511818394367,2026.0,95.0,1931.0,SDD2,solexs
1778610053.0,1778610314.0,1778610311.0,25.0,9.047619047619047,23.717742901060422,258.0,261.0,-3.0,SDD2,solexs
1778617093.0,1778617304.0,1778617936.0,29.0,7.338559814169569,36.57564291943187,843.0,211.0,632.0,SDD2,solexs
1778622427.0,1778622555.0,1778622733.0,33.0,8.33481152993348,38.378297844110016,306.0,128.0,178.0,SDD2,solexs
1778624133.0,1778624240.0,1778624671.0,34.0,9.095238095238095,36.930939477632755,538.0,107.0,431.0,SDD2,solexs
1778625746.0,1778625833.0,1778626209.0,27.0,9.095238095238095,26.550732779330623,463.0,87.0,376.0,SDD2,solexs
1778628282.0,1778629083.0,1778629602.0,31.0,8.723999577658113,33.747089072830924,1320.0,801.0,519.0,SDD2,solexs
1778632817.0,1778633025.0,1778634000.0,33.0,6.921444409249286,42.274943474867676,1183.0,208.0,975.0,SDD2,solexs
1778636636.0,1778637340.0,1778638913.0,79.0,9.226322458029774,102.3311351683731,2277.0,704.0,1573.0,SDD2,solexs
1778644408.0,1778645486.0,1778645671.0,27.0,7.9097244219195435,28.479828515566652,1263.0,1078.0,185.0,SDD2,solexs
1778647664.0,1778647814.0,1778649116.0,29.0,9.166719459402387,28.169360486479505,1452.0,150.0,1302.0,SDD2,solexs
1778653227.0,1778654424.0,1778655097.0,78.0,9.904761904761905,96.76308820048706,1870.0,1197.0,673.0,SDD2,solexs
1778658294.0,1778658315.0,1778658406.0,20.0,8.095238095238095,18.712029714127993,112.0,21.0,91.0,SDD2,solexs
1778668239.0,1778668620.0,1778669156.0,56.0,8.273730334705943,75.06170017430463,917.0,381.0,536.0,SDD2,solexs
1778670016.0,1778670190.0,1778670688.0,23.0,7.666666666666666,24.765567494675615,672.0,174.0,498.0,SDD2,solexs
1778673690.0,1778675384.0,1778676994.0,40.0,8.30334705944462,44.43832128389886,3304.0,1694.0,1610.0,SDD2,solexs
1778685536.0,1778685597.0,1778685635.0,19.0,5.387181923767289,26.21721356649814,99.0,61.0,38.0,SDD2,solexs
1778686630.0,1778686697.0,1778686832.0,20.0,6.7142857142857135,22.929785781551516,202.0,67.0,135.0,SDD2,solexs
1778687170.0,1778687182.0,1778687286.0,19.0,5.988807940027452,23.720040963703518,116.0,12.0,104.0,SDD2,solexs
1778691080.0,1778692514.0,1778694899.0,69.0,8.318551367331855,78.89357011810165,3819.0,1434.0,2385.0,SDD2,solexs
1778695344.0,1778695527.0,1778697085.0,50.0,10.142857142857142,43.077517691914764,1741.0,183.0,1558.0,SDD2,solexs
1778697892.0,1778697774.0,1778697990.0,20.0,8.193326998205047,17.8008098234127,98.0,-118.0,216.0,SDD2,solexs
1778701195.0,1778701756.0,1778703291.0,48.0,9.233027135466159,59.98537665630574,2096.0,561.0,1535.0,SDD2,solexs
1778720260.0,1778720432.0,1778720697.0,29.0,8.863266814486327,30.383672667696082,437.0,172.0,265.0,SDD2,solexs
1778722433.0,1778722447.0,1778722547.0,23.0,9.523809523809522,19.52885532938863,114.0,14.0,100.0,SDD2,solexs
1778723086.0,1778723560.0,1778723663.0,29.0,9.613768345475663,27.84833064016633,577.0,474.0,103.0,SDD2,solexs
1778724656.0,1778724756.0,1778726258.0,58.0,9.607749973603632,69.43610909724813,1602.0,100.0,1502.0,SDD2,solexs
1778726574.0,1778726704.0,1778726718.0,23.0,7.476190476190475,25.39060938994178,144.0,130.0,14.0,SDD2,solexs
1778729481.0,1778730052.0,1778731470.0,110.0,8.13229859571323,166.30419702429188,1989.0,571.0,1418.0,SDD2,solexs
1778736215.0,1778736953.0,1778737904.0,74.0,8.018794213916165,104.95203141624825,1689.0,738.0,951.0,SDD2,solexs
1778738356.0,1778738681.0,1778739611.0,53.0,14.002217294900221,45.381911174891165,1255.0,325.0,930.0,SDD2,solexs
1778740619.0,1778740960.0,1778743254.0,326.0,21.694277267448,365.5849176360844,2635.0,341.0,2294.0,SDD2,solexs
1778743849.0,1778744143.0,1778746172.0,45.0,14.699292577341357,31.987821009432576,2323.0,294.0,2029.0,SDD2,solexs
1778747265.0,1778747461.0,1778747650.0,29.0,12.0,21.946905628508695,385.0,196.0,189.0,SDD2,solexs
1778748661.0,1778748940.0,1778749199.0,40.0,12.0,36.14784456460256,538.0,279.0,259.0,SDD2,solexs
1778750104.0,1778750420.0,1778752201.0,109.0,12.49878576707845,124.58253187096643,2097.0,316.0,1781.0,SDD2,solexs
1778755078.0,1778756146.0,1778757440.0,109.0,16.285714285714285,98.42470846881133,2362.0,1068.0,1294.0,SDD2,solexs
1778758198.0,1778758626.0,1778759731.0,172.0,15.428571428571427,178.2644133252654,1533.0,428.0,1105.0,SDD2,solexs
1778760172.0,1778760220.0,1778763155.0,49.0,10.958452116988703,37.48744768716244,2983.0,48.0,2935.0,SDD2,solexs
1778765079.0,1778765771.0,1778766559.0,35.0,7.047619047619047,47.088254717113195,1480.0,692.0,788.0,SDD2,solexs
1778767247.0,1778767325.0,1778767554.0,27.0,11.155844155844155,21.18425015486209,307.0,78.0,229.0,SDD2,solexs
1778768905.0,1778769206.0,1778769843.0,43.0,9.850385386970752,46.55028768824296,938.0,301.0,637.0,SDD2,solexs
1778774223.0,1778774346.0,1778774411.0,23.0,6.489811002006124,29.072809835853015,188.0,123.0,65.0,SDD2,solexs
1778778541.0,1778780224.0,1778782611.0,252.0,81.67004540175273,102.06998862490367,4070.0,1683.0,2387.0,SDD2,solexs
1778783147.0,1778783941.0,1778790553.0,209.0,36.800654629922924,73.39428203544055,7406.0,794.0,6612.0,SDD2,solexs
1778792591.0,1778793489.0,1778794244.0,35.0,6.904761904761904,47.753982977223416,1653.0,898.0,755.0,SDD2,solexs
1778796021.0,1778797210.0,1778798151.0,47.0,8.882061028402491,54.37919863953048,2130.0,1189.0,941.0,SDD2,solexs
1778799884.0,1778801000.0,1778801256.0,39.0,12.57142857142857,31.50359582385601,1372.0,1116.0,256.0,SDD2,solexs
1778802778.0,1778803847.0,1778804451.0,55.0,16.63926723682821,40.02029301412962,1673.0,1069.0,604.0,SDD2,solexs
1778805034.0,1778805327.0,1778808281.0,57.0,13.91363108436279,42.64998783406092,3247.0,293.0,2954.0,SDD2,solexs
1778809883.0,1778809956.0,1778810226.0,33.0,8.142857142857142,38.956308667049115,343.0,73.0,270.0,SDD2,solexs
1778813403.0,1778814548.0,1778818216.0,125.0,11.195280329426671,149.70337153626886,4813.0,1145.0,3668.0,SDD2,solexs
1778818979.0,1778819019.0,1778819174.0,30.0,6.619047619047619,40.64240904292715,195.0,40.0,155.0,SDD2,solexs
1778825032.0,1778826407.0,1778827336.0,25.0,5.628339140534262,34.68759840024287,2304.0,1375.0,929.0,SDD2,solexs
1778830876.0,1778830936.0,1778831001.0,17.0,5.129500580720093,23.43638277818805,125.0,60.0,65.0,SDD2,solexs
1778837677.0,1778837775.0,1778838282.0,38.0,4.466634991025234,70.88230872718015,605.0,98.0,507.0,SDD2,solexs
1778843366.0,1778843499.0,1778843737.0,23.0,3.9523809523809517,42.84757973243224,371.0,133.0,238.0,SDD2,solexs
1778845574.0,1778845829.0,1778846242.0,230.0,3.999999999999999,505.69854581852314,668.0,255.0,413.0,SDD2,solexs
1778850718.0,1778850821.0,1778851356.0,399.0,4.196177805933903,857.2780953759707,638.0,103.0,535.0,SDD2,solexs
1778852797.0,1778853074.0,1778853785.0,35.0,4.19047619047619,67.30824936737274,988.0,277.0,711.0,SDD2,solexs
1778861528.0,1778861714.0,1778862434.0,596.0,4.626016260162601,1224.2604566098416,906.0,186.0,720.0,SDD2,solexs
1778866683.0,1778866812.0,1778867402.0,27.0,5.19047619047619,42.811217566165965,719.0,129.0,590.0,SDD2,solexs
1778868227.0,1778868389.0,1778868542.0,15.0,4.399429838454228,22.614170828312787,315.0,162.0,153.0,SDD2,solexs
1778875443.0,1778875655.0,1778876106.0,25.0,3.7768978988491178,48.7499927276031,663.0,212.0,451.0,SDD2,solexs
1778885299.0,1778885505.0,1778885835.0,35.0,4.333333333333332,65.88256841162783,536.0,206.0,330.0,SDD2,solexs
1778891236.0,1778891150.0,1778891297.0,14.0,4.7142857142857135,19.078124565079936,61.0,-86.0,147.0,SDD2,solexs
1778898735.0,1778898781.0,1778898857.0,14.0,3.389715975081828,25.736676039222377,122.0,46.0,76.0,SDD2,solexs
1778937335.0,1778937452.0,1778937707.0,18.0,4.914053426248548,26.71857146444098,372.0,117.0,255.0,SDD2,solexs
1778941249.0,1778941941.0,1778943414.0,38.0,5.435381691479252,64.21829333979841,2165.0,692.0,1473.0,SDD2,solexs
1778944244.0,1778944363.0,1778945238.0,180.0,6.809523809523809,296.8114378473809,994.0,119.0,875.0,SDD2,solexs
1778946925.0,1778953305.0,1778954313.0,1422.0,50.80952380952381,988.129009083172,7388.0,6380.0,1008.0,SDD2,solexs
1778954884.0,1778954986.0,1778957203.0,62.0,23.626808151198397,30.50003949897763,2319.0,102.0,2217.0,SDD2,solexs
1778958331.0,1778958441.0,1778959819.0,87.0,18.28497518741421,67.8464464624545,1488.0,110.0,1378.0,SDD2,solexs
1778961663.0,1778961810.0,1778963934.0,143.0,16.43912997571534,134.8490716172268,2271.0,147.0,2124.0,SDD2,solexs
1778965808.0,1778965993.0,1778966866.0,32.0,13.473867595818813,22.569201346070173,1058.0,185.0,873.0,SDD2,solexs
1778968265.0,1778968527.0,1778968759.0,39.0,12.952380952380953,32.36743054714244,494.0,262.0,232.0,SDD2,solexs
1778969764.0,1778970423.0,1778971237.0,43.0,8.734874881216344,51.605500717157426,1473.0,659.0,814.0,SDD2,solexs
1778973444.0,1778974148.0,1778975842.0,300.0,8.80952380952381,462.87498051913497,2398.0,704.0,1694.0,SDD2,solexs
1778988765.0,1778989140.0,1778990441.0,978.0,2.428571428571428,2036.9350523366509,1676.0,375.0,1301.0,SDD2,solexs
1779068733.0,1779068973.0,1779069802.0,13.0,2.428571428571428,30.337042282559157,1069.0,240.0,829.0,SDD2,solexs
1779074658.0,1779074928.0,1779075293.0,22.0,4.095238095238095,39.567988224539796,635.0,270.0,365.0,SDD2,solexs
1779128183.0,1779128800.0,1779131918.0,72.0,5.330799282018794,151.98103519360183,3735.0,617.0,3118.0,SDD2,solexs
1779134291.0,1779134385.0,1779134725.0,17.0,3.817125963467426,29.929554721827042,434.0,94.0,340.0,SDD2,solexs
1779176195.0,1779176401.0,1779177204.0,76.0,3.3333333333333326,175.28280124013085,1009.0,206.0,803.0,SDD2,solexs
1779183922.0,1779183958.0,1779183990.0,16.0,3.471122373561397,30.07681453546616,68.0,36.0,32.0,SDD2,solexs
1779186206.0,1779186388.0,1779186789.0,25.0,3.19047619047619,54.60512770400523,583.0,182.0,401.0,SDD2,solexs
1779199619.0,1779199690.0,1779199924.0,17.0,3.9806778587266383,29.119776907042347,305.0,71.0,234.0,SDD2,solexs
1779209260.0,1779209470.0,1779210712.0,37.0,4.013937282229964,77.03884499348926,1452.0,210.0,1242.0,SDD2,solexs
1779220179.0,1779220865.0,1779223507.0,85.0,4.860732763171788,181.38617885282537,3328.0,686.0,2642.0,SDD2,solexs
1779225505.0,1779227102.0,1779227455.0,32.0,4.955442931052687,37.36930874368522,1950.0,1597.0,353.0,SDD2,solexs
1779227982.0,1779228152.0,1779229221.0,47.0,5.619047619047619,70.51741221818286,1239.0,170.0,1069.0,SDD2,solexs
1779242224.0,1779242234.0,1779242659.0,18.0,4.597508182874035,28.201551458086996,435.0,10.0,425.0,SDD2,solexs
1779242996.0,1779242958.0,1779243091.0,15.0,5.107063668039277,19.866162394946414,95.0,-38.0,133.0,SDD2,solexs
1779244828.0,1779244994.0,1779245499.0,22.0,5.904761904761904,29.621783822128535,671.0,166.0,505.0,SDD2,solexs
1779247822.0,1779248036.0,1779248262.0,22.0,5.676380530039065,30.604647036694658,440.0,214.0,226.0,SDD2,solexs
1779250698.0,1779250988.0,1779254001.0,27.0,8.804561292366168,34.06605125636697,3303.0,290.0,3013.0,SDD2,solexs
1779259229.0,1779259496.0,1779259568.0,24.0,7.384700665188469,27.500904405209457,339.0,267.0,72.0,SDD2,solexs
1779271519.0,1779271746.0,1779272715.0,30.0,5.575335233871819,46.677150592391584,1196.0,227.0,969.0,SDD2,solexs
1779288734.0,1779288936.0,1779289546.0,19.0,6.1584837926301335,23.53054163956257,812.0,202.0,610.0,SDD2,solexs
1779320778.0,1779320946.0,1779321568.0,21.0,6.704255094498997,24.939738299436772,790.0,168.0,622.0,SDD2,solexs
1779341953.0,1779342001.0,1779342278.0,19.0,6.13821138211382,23.350568783658794,325.0,48.0,277.0,SDD2,solexs
1779349155.0,1779349495.0,1779350098.0,22.0,6.169306303452645,28.53627021498883,943.0,340.0,603.0,SDD2,solexs
1779351569.0,1779351579.0,1779351736.0,20.0,6.142857142857142,25.003654217983655,167.0,10.0,157.0,SDD2,solexs
1779363174.0,1779363249.0,1779363490.0,17.0,5.319501636574807,22.537461902315435,316.0,75.0,241.0,SDD2,solexs
1779369332.0,1779369651.0,1779370389.0,306.0,6.3425720620842565,543.4324555492319,1057.0,319.0,738.0,SDD2,solexs
1779371286.0,1779371327.0,1779371471.0,24.0,7.275578080456129,27.44322000387103,185.0,41.0,144.0,SDD2,solexs
1779379337.0,1779379523.0,1779379763.0,17.0,5.285714285714285,22.786570589445866,426.0,186.0,240.0,SDD2,solexs
1779380158.0,1779380174.0,1779380515.0,21.0,5.863847534579241,28.922006949193925,357.0,16.0,341.0,SDD2,solexs
1779381078.0,1779381387.0,1779381742.0,31.0,7.986696230598669,36.428599747865356,664.0,309.0,355.0,SDD2,solexs
1779382323.0,1779382440.0,1779382540.0,27.0,7.930049625171576,30.303801081304808,217.0,117.0,100.0,SDD2,solexs
1779383063.0,1779383093.0,1779383292.0,24.0,6.7440080244958285,29.56460042322946,229.0,30.0,199.0,SDD2,solexs
1779383672.0,1779383792.0,1779383808.0,18.0,6.476190476190475,20.2512232918885,136.0,120.0,16.0,SDD2,solexs
1779386276.0,1779387946.0,1779389629.0,545.0,9.922764227642276,669.6529639092147,3353.0,1670.0,1683.0,SDD2,solexs
1779392139.0,1779392186.0,1779392316.0,25.0,7.619047619047619,28.16036136808177,177.0,47.0,130.0,SDD2,solexs
1779392767.0,1779393323.0,1779395561.0,41.0,11.726322458029774,43.90730022447568,2794.0,556.0,2238.0,SDD2,solexs
1779404813.0,1779404899.0,1779405744.0,36.0,9.626808151198393,37.06133209496626,931.0,86.0,845.0,SDD2,solexs
1779495071.0,1779495340.0,1779496009.0,33.0,11.127124907612712,28.855228811541306,938.0,269.0,669.0,SDD2,solexs
1779502912.0,1779503040.0,1779503675.0,53.0,10.769876464998415,55.73892350635721,763.0,128.0,635.0,SDD2,solexs
1779506704.0,1779506890.0,1779507193.0,43.0,9.20620842572062,49.80942377153902,489.0,186.0,303.0,SDD2,solexs
1779508154.0,1779508230.0,1779508439.0,54.0,8.226111287086896,70.92069118184442,285.0,76.0,209.0,SDD2,solexs
1779510113.0,1779510153.0,1779510474.0,23.0,8.20620842572062,23.095279474022494,361.0,40.0,321.0,SDD2,solexs
1779514837.0,1779515321.0,1779516364.0,169.0,9.272093759898638,235.5021656193185,1527.0,484.0,1043.0,SDD2,solexs
1779517184.0,1779518457.0,1779519244.0,64.0,29.060922817020376,28.143463578566216,2060.0,1273.0,787.0,SDD2,solexs
1779519746.0,1779520684.0,1779521811.0,87.0,16.433903494879104,76.4440682692878,2065.0,938.0,1127.0,SDD2,solexs
1779527521.0,1779527603.0,1779528019.0,76.0,11.505648822721993,84.73213681826266,498.0,82.0,416.0,SDD2,solexs
1779536484.0,1779536637.0,1779537186.0,134.0,9.989969380213282,174.0023483380212,702.0,153.0,549.0,SDD2,solexs
1779542016.0,1779542358.0,1779542781.0,39.0,14.163340724316335,29.416279645140463,765.0,342.0,423.0,SDD2,solexs
1779545328.0,1779545479.0,1779546242.0,94.0,12.868018160701087,99.95142923424945,914.0,151.0,763.0,SDD2,solexs
1779547813.0,1779548618.0,1779549776.0,60.0,14.749498469010664,55.23321630395801,1963.0,805.0,1158.0,SDD2,solexs
1779555077.0,1779556427.0,1779556954.0,69.0,21.99033892936332,44.95201680316131,1877.0,1350.0,527.0,SDD2,solexs
1779557906.0,1779558412.0,1779559573.0,73.0,18.25836764861155,54.64234399424323,1667.0,506.0,1161.0,SDD2,solexs
1779560887.0,1779560925.0,1779561526.0,46.0,17.587160806673,30.29924200762655,639.0,38.0,601.0,SDD2,solexs
1779563113.0,1779564309.0,1779565291.0,106.0,22.272304930841514,78.31339494423506,2178.0,1196.0,982.0,SDD2,solexs
1779565819.0,1779566244.0,1779569350.0,119.0,50.72869813113715,37.90737660967142,3531.0,425.0,3106.0,SDD2,solexs
1779570114.0,1779573882.0,1779574496.0,285.0,37.35487276950691,211.40666583010437,4382.0,3768.0,614.0,SDD2,solexs
1779575164.0,1779575535.0,1779577298.0,109.0,28.661598564037583,68.58230475049703,2134.0,371.0,1763.0,SDD2,solexs
1779578047.0,1779578668.0,1779578725.0,50.0,26.6823989019111,20.18768083409325,678.0,621.0,57.0,SDD2,solexs
1779579917.0,1779580753.0,1779582817.0,241.0,26.6823989019111,182.191508599375,2900.0,836.0,2064.0,SDD2,solexs
1779583900.0,1779584643.0,1779586128.0,164.0,22.5453489599831,135.60456033301503,2228.0,743.0,1485.0,SDD2,solexs
1779587850.0,1779590273.0,1779592016.0,179.0,26.387604265653046,133.88962319132295,4166.0,2423.0,1743.0,SDD2,solexs
1779593468.0,1779593648.0,1779594101.0,46.0,18.730017949530144,28.10489133372625,633.0,180.0,453.0,SDD2,solexs
1779598125.0,1779598236.0,1779598629.0,33.0,11.349065568577762,28.74164295637501,504.0,111.0,393.0,SDD2,solexs
1779600309.0,1779600396.0,1779600973.0,29.0,10.821032625910673,24.13260227805065,664.0,87.0,577.0,SDD2,solexs
1779601665.0,1779601810.0,1779601905.0,30.0,9.063351282863477,31.10124380249093,240.0,145.0,95.0,SDD2,solexs
1779617455.0,1779618779.0,1779620425.0,43.0,11.621053743004964,36.29465302500507,2970.0,1324.0,1646.0,SDD2,solexs
1779623121.0,1779623432.0,1779624558.0,39.0,11.273730334705943,35.29641051410497,1437.0,311.0,1126.0,SDD2,solexs
1779647463.0,1779647809.0,1779648236.0,37.0,10.178122690317812,37.88608778876288,773.0,346.0,427.0,SDD2,solexs
1779651504.0,1779651620.0,1779651748.0,24.0,9.835075493612079,20.184544102150603,244.0,116.0,128.0,SDD2,solexs
1779670625.0,1779671048.0,1779672748.0,173.0,11.262168725583358,231.31812234614313,2123.0,423.0,1700.0,SDD2,solexs
1779673130.0,1779673155.0,1779673291.0,39.0,16.25493612078978,25.089743383227933,161.0,25.0,136.0,SDD2,solexs
1779675884.0,1779675894.0,1779676056.0,28.0,13.389082462253194,17.835775815193784,172.0,10.0,162.0,SDD2,solexs
1779679791.0,1779679801.0,1779679909.0,29.0,13.224791468693908,19.41873157768743,118.0,10.0,108.0,SDD2,solexs
1779680689.0,1779680726.0,1779680751.0,35.0,13.908562981733711,25.283757234302414,62.0,37.0,25.0,SDD2,solexs
1779681587.0,1779681973.0,1779682065.0,33.0,13.923978460563827,23.187738902798667,478.0,386.0,92.0,SDD2,solexs
1779685723.0,1779685743.0,1779686293.0,31.0,11.8858621053743,24.75840046569649,570.0,20.0,550.0,SDD2,solexs
1779691585.0,1779691942.0,1779693335.0,59.0,13.158589378101572,56.51559492395148,1750.0,357.0,1393.0,SDD2,solexs
1779695153.0,1779695564.0,1779696295.0,34.0,12.416640270298807,28.022992124145972,1142.0,411.0,731.0,SDD2,solexs
1779708775.0,1779710306.0,1779710394.0,51.0,16.30566993981628,31.512552958070913,1619.0,1531.0,88.0,SDD2,solexs
1779714317.0,1779714470.0,1779715507.0,38.0,15.292049414000633,24.980138304370943,1190.0,153.0,1037.0,SDD2,solexs
1779720387.0,1779721154.0,1779721226.0,33.0,11.444303663815859,28.07604210710376,839.0,767.0,72.0,SDD2,solexs
1779723672.0,1779723963.0,1779724718.0,38.0,16.012459085629814,25.195654506822425,1046.0,291.0,755.0,SDD2,solexs
1779736397.0,1779736600.0,1779737092.0,42.0,17.994298384542283,25.201991575203174,695.0,203.0,492.0,SDD2,solexs
1779740688.0,1779741803.0,1779742010.0,50.0,18.01425403864428,31.109878808014848,1322.0,1115.0,207.0,SDD2,solexs
1779743112.0,1779748975.0,1779751473.0,233.0,56.82525604476824,77.13024159841719,8361.0,5863.0,2498.0,SDD2,solexs
1779752361.0,1779752467.0,1779753238.0,92.0,48.92049414000633,27.54484249571898,877.0,106.0,771.0,SDD2,solexs
1779754219.0,1779754801.0,1779756980.0,78.0,32.739942983845424,32.24655914554512,2761.0,582.0,2179.0,SDD2,solexs
1779758478.0,1779758757.0,1779760932.0,51.0,22.928624221307146,24.981303240753615,2454.0,279.0,2175.0,SDD2,solexs
1779763430.0,1779765286.0,1779766871.0,58.0,27.403125329954598,24.103569129237034,3441.0,1856.0,1585.0,SDD2,solexs
1779768595.0,1779768605.0,1779769044.0,49.0,22.730017949530144,24.6419393616902,449.0,10.0,439.0,SDD2,solexs
1779775169.0,1779775613.0,1779776284.0,48.0,19.984478935698448,27.728694620184367,1115.0,444.0,671.0,SDD2,solexs
1779779665.0,1779779805.0,1779781166.0,86.0,19.751715763910887,66.86157684219805,1501.0,140.0,1361.0,SDD2,solexs
1779782944.0,1779784773.0,1779787497.0,116.0,27.603104212860313,57.48833918491558,4553.0,1829.0,2724.0,SDD2,solexs
1779788732.0,1779788889.0,1779791459.0,52.0,18.389240840460353,31.175551100286825,2727.0,157.0,2570.0,SDD2,solexs
1779794964.0,1779795164.0,1779796519.0,42.0,16.482261640798225,28.21046614941072,1555.0,200.0,1355.0,SDD2,solexs
1779798862.0,1779799099.0,1779800095.0,576.0,15.29738148030831,631.5127847556614,1233.0,237.0,996.0,SDD2,solexs
1779803563.0,1779803864.0,1779805284.0,53.0,14.072326047935803,49.82910207131454,1721.0,301.0,1420.0,SDD2,solexs
1779813920.0,1779813977.0,1779814109.0,25.0,11.730017949530144,17.327503486746913,189.0,57.0,132.0,SDD2,solexs
1779814939.0,1779815084.0,1779815510.0,33.0,12.777636997149191,25.300064407894425,571.0,145.0,426.0,SDD2,solexs
1779818221.0,1779818385.0,1779818995.0,31.0,11.627494456762749,25.03139052946003,774.0,164.0,610.0,SDD2,solexs
1779825747.0,1779826729.0,1779827293.0,94.0,12.968113187625383,100.35578722835277,1546.0,982.0,564.0,SDD2,solexs
1779828144.0,1779828643.0,1779830598.0,69.0,15.825256044768238,59.77850265109489,2454.0,499.0,1955.0,SDD2,solexs
1779831738.0,1779831835.0,1779831957.0,34.0,12.407401541547884,27.41298889552518,219.0,97.0,122.0,SDD2,solexs
1779838263.0,1779839319.0,1779841722.0,217.0,14.24242424242424,242.12536312003184,3459.0,1056.0,2403.0,SDD2,solexs
1779846852.0,1779847171.0,1779847657.0,77.0,9.59708584098828,97.12421302100937,805.0,319.0,486.0,SDD2,solexs
1779869290.0,1779869300.0,1779869416.0,22.0,7.511667194594024,23.667429672988934,126.0,10.0,116.0,SDD2,solexs
1779883187.0,1779884176.0,1779887236.0,130.0,15.836184141062189,140.70455785044263,4049.0,989.0,3060.0,SDD2,solexs
1779888083.0,1779888192.0,1779889632.0,103.0,15.682398901911096,98.60763555713078,1549.0,109.0,1440.0,SDD2,solexs
1779897348.0,1779897919.0,1779898220.0,29.0,11.030830957660225,23.301350646656584,872.0,571.0,301.0,SDD2,solexs
1779900420.0,1779900760.0,1779900975.0,28.0,11.331116038433112,22.21108602083624,555.0,340.0,215.0,SDD2,solexs
1779907318.0,1779907472.0,1779907870.0,26.0,7.349065568577763,30.768018784450923,552.0,154.0,398.0,SDD2,solexs
1779914781.0,1779914943.0,1779915199.0,22.0,7.885545348959983,22.59812625565501,418.0,162.0,256.0,SDD2,solexs
1779981239.0,1779981385.0,1779982495.0,133.0,8.20620842572062,194.82142076692654,1256.0,146.0,1110.0,SDD2,solexs
1779985926.0,1779986179.0,1779986532.0,39.0,10.031147714074542,40.71698980155787,606.0,253.0,353.0,SDD2,solexs
1779986958.0,1779987015.0,1779987177.0,38.0,9.96811318762538,39.706430630090644,219.0,57.0,162.0,SDD2,solexs
1779996771.0,1779997026.0,1779997390.0,28.0,8.414475768134304,30.226135534739957,619.0,255.0,364.0,SDD2,solexs
1780014932.0,1780014957.0,1780015365.0,24.0,8.301868862844472,24.366102304231834,433.0,25.0,408.0,SDD2,solexs
1780020315.0,1780020941.0,1780021513.0,31.0,9.26681448632668,31.888888957391035,1198.0,626.0,572.0,SDD2,solexs
1780030452.0,1780033212.0,1780035587.0,363.0,66.53362897265336,109.33681688610946,5135.0,2760.0,2375.0,SDD2,solexs
1780035948.0,1780038196.0,1780042788.0,638.0,65.92049414000634,194.58912746016046,6840.0,2248.0,4592.0,SDD2,solexs
1780060378.0,1780060638.0,1780060748.0,32.0,10.671206841938549,29.09655520084821,370.0,260.0,110.0,SDD2,solexs
1780061458.0,1780061468.0,1780061811.0,27.0,9.920494140006333,24.250664705084603,353.0,10.0,343.0,SDD2,solexs
1780064225.0,1780064275.0,1780064988.0,28.0,8.633776792313377,28.61330639754893,763.0,50.0,713.0,SDD2,solexs
1780069586.0,1780069852.0,1780070563.0,34.0,7.682398901911096,42.463214828275085,977.0,266.0,711.0,SDD2,solexs
1780081618.0,1780081677.0,1780082044.0,27.0,6.920494140006334,34.13496533809805,426.0,59.0,367.0,SDD2,solexs
1780083077.0,1780083962.0,1780085878.0,115.0,9.110970330482525,172.46202888773544,2801.0,885.0,1916.0,SDD2,solexs
1780089325.0,1780090115.0,1780091669.0,66.0,7.777636997149192,93.15338093842581,2344.0,790.0,1554.0,SDD2,solexs
1780108613.0,1780108784.0,1780109128.0,33.0,9.253827473339669,34.90984475418757,515.0,171.0,344.0,SDD2,solexs
1780115134.0,1780116459.0,1780116518.0,35.0,8.938654841093864,34.542361484023644,1384.0,1325.0,59.0,SDD2,solexs
1780121486.0,1780121665.0,1780122060.0,26.0,9.261957554640482,24.864243838770683,574.0,179.0,395.0,SDD2,solexs
1780124802.0,1780125047.0,1780125042.0,29.0,13.539541759053954,18.7903719477424,240.0,245.0,-5.0,SDD2,solexs
1780126469.0,1780127209.0,1780128990.0,153.0,13.545190581775948,168.2355036934174,2521.0,740.0,1781.0,SDD2,solexs
1780130674.0,1780131037.0,1780132752.0,53.0,11.865484109386548,51.03269452258049,2078.0,363.0,1715.0,SDD2,solexs
1780141872.0,1780142000.0,1780142346.0,204.0,6.825256044768239,337.5256709357874,474.0,128.0,346.0,SDD2,solexs
1780143643.0,1780143948.0,1780144151.0,21.0,7.163657480730651,23.00987697077802,508.0,305.0,203.0,SDD2,solexs
1780149571.0,1780149740.0,1780149987.0,22.0,8.561609122584732,20.51952056225915,416.0,169.0,247.0,SDD2,solexs
1780152163.0,1780152485.0,1780153086.0,29.0,7.768451061133987,33.83997210299496,923.0,322.0,601.0,SDD2,solexs
1780162394.0,1780162559.0,1780162967.0,28.0,6.8539225002639625,36.23564089648537,573.0,165.0,408.0,SDD2,solexs
1780171008.0,1780171384.0,1780171488.0,23.0,7.9796220040122465,23.334753292371595,480.0,376.0,104.0,SDD2,solexs
1780179908.0,1780180662.0,1780181348.0,34.0,7.349065568577763,43.96543530964738,1440.0,754.0,686.0,SDD2,solexs
1780231361.0,1780231743.0,1780232244.0,34.0,7.539541759053954,43.09628984017821,883.0,382.0,501.0,SDD2,solexs
1780250444.0,1780251176.0,1780252960.0,50.0,9.253827473339669,69.03100866976574,2516.0,732.0,1784.0,SDD2,solexs
1780256494.0,1780256602.0,1780257089.0,49.0,7.398690740154153,68.21395835218304,595.0,108.0,487.0,SDD2,solexs
1780263446.0,1780264235.0,1780267069.0,61.0,11.587160806673001,64.68927540744946,3623.0,789.0,2834.0,SDD2,solexs
1780284958.0,1780285065.0,1780285170.0,29.0,8.682398901911096,30.83667614487947,212.0,107.0,105.0,SDD2,solexs
1780285958.0,1780285985.0,1780286041.0,20.0,7.064935064935065,21.758824609440165,83.0,27.0,56.0,SDD2,solexs
1780291004.0,1780291106.0,1780291740.0,42.0,7.301446520958716,57.42776489439787,736.0,102.0,634.0,SDD2,solexs
1780354115.0,1780354257.0,1780354212.0,19.0,5.863108436279168,24.365736327745193,97.0,142.0,-45.0,SDD2,solexs
1780366354.0,1780366364.0,1780366426.0,19.0,6.539541759053954,21.790909308477733,72.0,10.0,62.0,SDD2,solexs
1780367417.0,1780368629.0,1780369663.0,47.0,7.435804033365008,55.84877844779995,2246.0,1212.0,1034.0,SDD2,solexs
1780373729.0,1780374058.0,1780374856.0,44.0,9.589061345158905,50.07564430821268,1127.0,329.0,798.0,SDD2,solexs
1780375431.0,1780375498.0,1780379496.0,737.0,14.539541759053954,847.3322192972333,4065.0,67.0,3998.0,SDD2,solexs
1780382707.0,1780383581.0,1780384592.0,100.0,8.517316017316016,135.34926910269866,1885.0,874.0,1011.0,SDD2,solexs
1780386834.0,1780386908.0,1780387220.0,32.0,7.7300179495301435,39.038597047257404,386.0,74.0,312.0,SDD2,solexs
1780388735.0,1780389844.0,1780390865.0,142.0,13.02069475240207,157.78255390441078,2130.0,1109.0,1021.0,SDD2,solexs
1780391415.0,1780391489.0,1780393065.0,59.0,18.444620420230176,35.935610339561066,1650.0,74.0,1576.0,SDD2,solexs
1780394238.0,1780394684.0,1780400622.0,743.0,25.875197972758947,773.1560366827059,6384.0,446.0,5938.0,SDD2,solexs
1780402924.0,1780403241.0,1780404590.0,41.0,14.24601414845317,31.585785434212095,1666.0,317.0,1349.0,SDD2,solexs
1780405932.0,1780406256.0,1780406266.0,32.0,12.514729173265756,24.68171484368135,334.0,324.0,10.0,SDD2,solexs
1780408507.0,1780408683.0,1780409187.0,87.0,11.110970330482525,101.81646247491828,680.0,176.0,504.0,SDD2,solexs
1780411918.0,1780411978.0,1780412008.0,30.0,12.169253510716924,22.855779607571186,90.0,60.0,30.0,SDD2,solexs
1780418178.0,1780418955.0,1780421244.0,2043.0,25.319184880160485,2476.720579636301,3066.0,777.0,2289.0,SDD2,solexs
1780421765.0,1780422403.0,1780422971.0,46.0,18.056065885334178,29.436850143805685,1206.0,638.0,568.0,SDD2,solexs
1780423791.0,1780423969.0,1780425129.0,100.0,17.920494140006333,86.71110899297328,1338.0,178.0,1160.0,SDD2,solexs
1780425450.0,1780425634.0,1780426387.0,78.0,15.21454967796431,70.7481638016091,937.0,184.0,753.0,SDD2,solexs
1780428519.0,1780428773.0,1780429079.0,31.0,12.396684616196811,23.629393266292283,560.0,254.0,306.0,SDD2,solexs
1780432057.0,1780432766.0,1780435026.0,167.0,15.840724316334072,188.34322596668704,2969.0,709.0,2260.0,SDD2,solexs
1780435415.0,1780435482.0,1780435590.0,47.0,15.444303663815859,35.909437312008976,175.0,67.0,108.0,SDD2,solexs
1780440408.0,1780441587.0,1780441824.0,36.0,10.96811318762538,27.050225734258593,1416.0,1179.0,237.0,SDD2,solexs
1780443714.0,1780443810.0,1780443865.0,33.0,12.57765811424348,25.76977812415041,151.0,96.0,55.0,SDD2,solexs
1780446364.0,1780447409.0,1780448720.0,155.0,15.665294055537958,165.04857207594097,2356.0,1045.0,1311.0,SDD2,solexs
1780449184.0,1780449305.0,1780449511.0,56.0,19.920494140006333,36.151433685351336,327.0,121.0,206.0,SDD2,solexs
1780449868.0,1780450506.0,1780452374.0,6580.0,18.199028613662758,6497.780038328853,2506.0,638.0,1868.0,SDD2,solexs
1780454747.0,1780454830.0,1780455682.0,32.0,13.920494140006335,21.581571706189703,935.0,83.0,852.0,SDD2,solexs
1780457331.0,1780457634.0,1780458280.0,54.0,14.556804983634251,46.87554455832505,949.0,303.0,646.0,SDD2,solexs
1780462356.0,1780462579.0,1780463247.0,65.0,14.539541759053954,59.18216226277739,891.0,223.0,668.0,SDD2,solexs
1780464635.0,1780465748.0,1780465939.0,43.0,13.855875831485587,35.80101584905335,1304.0,1113.0,191.0,SDD2,solexs
1780467347.0,1780468105.0,1780468494.0,38.0,11.388871291310316,35.48063083322254,1147.0,758.0,389.0,SDD2,solexs
1780469548.0,1780470027.0,1780472140.0,5343.0,13.123323830640903,7120.374075837843,2592.0,479.0,2113.0,SDD2,solexs
1780476435.0,1780476594.0,1780476935.0,29.0,10.96811318762538,24.349509023184886,500.0,159.0,341.0,SDD2,solexs
1780480846.0,1780480865.0,1780481652.0,26.0,9.444303663815859,24.092256515324785,806.0,19.0,787.0,SDD2,solexs
1780484121.0,1780486083.0,1780488983.0,7190.0,16.182451694646815,5643.832895830902,4862.0,1962.0,2900.0,SDD2,solexs
1780489552.0,1780489720.0,1780490197.0,39.0,13.110970330482525,31.9752061953542,645.0,168.0,477.0,SDD2,solexs
1780491142.0,1780492255.0,1780493017.0,34.0,13.116988702354556,26.47262629400637,1875.0,1113.0,762.0,SDD2,solexs
1780500661.0,1780500884.0,1780501794.0,54.0,12.882166613873931,54.43125793091751,1133.0,223.0,910.0,SDD2,solexs
1780504506.0,1780505630.0,1780505773.0,39.0,15.177489177489178,25.94092469028054,1267.0,1124.0,143.0,SDD2,solexs
1780507509.0,1780508348.0,1780510173.0,58.0,16.5167352972231,42.74398710225289,2664.0,839.0,1825.0,SDD2,solexs
1780511706.0,1780511818.0,1780512432.0,31.0,10.000316756414318,29.49429535404923,726.0,112.0,614.0,SDD2,solexs
1780514587.0,1780514704.0,1780515700.0,41.0,9.491658747756308,46.32120398952095,1113.0,117.0,996.0,SDD2,solexs
1780519877.0,1780519955.0,1780520381.0,54.0,10.682398901911096,59.27137466305245,504.0,78.0,426.0,SDD2,solexs
1780520821.0,1780520904.0,1780521133.0,32.0,11.049519586104953,28.334879224286365,312.0,83.0,229.0,SDD2,solexs
1780522920.0,1780522882.0,1780523161.0,30.0,11.584309998944144,24.136822773863976,241.0,-38.0,279.0,SDD2,solexs
1780526166.0,1780526198.0,1780526370.0,27.0,11.20620842572062,21.09949458821431,204.0,32.0,172.0,SDD2,solexs
1780528900.0,1780530192.0,1780531199.0,219.0,14.263118994826312,230.15696283345014,2299.0,1292.0,1007.0,SDD2,solexs
1780617938.0,1780618061.0,1780618383.0,37.0,12.95238095238095,29.882179938403905,445.0,123.0,322.0,SDD2,solexs
1780624733.0,1780625335.0,1780626526.0,38.0,9.568261007285397,41.2015041292752,1793.0,602.0,1191.0,SDD2,solexs
1780642523.0,1780642560.0,1780642736.0,22.0,9.282018794213915,18.499868124685843,213.0,37.0,176.0,SDD2,solexs
1780647224.0,1780647236.0,1780647682.0,27.0,10.220251293422024,23.776133244088157,458.0,12.0,446.0,SDD2,solexs
1780654177.0,1780654235.0,1780655000.0,27.0,10.597613768345475,22.766875495135206,823.0,58.0,765.0,SDD2,solexs
1780656580.0,1780656557.0,1780656709.0,28.0,12.767236828212436,18.770530675966313,129.0,-23.0,152.0,SDD2,solexs
1780657422.0,1780657444.0,1780657598.0,28.0,10.693063034526448,23.50101381378477,176.0,22.0,154.0,SDD2,solexs
1780659457.0,1780660461.0,1780660867.0,62.0,11.15774469433006,65.15048140038772,1410.0,1004.0,406.0,SDD2,solexs
1780661320.0,1780661412.0,1780661609.0,44.0,14.095238095238095,35.60127355295664,289.0,92.0,197.0,SDD2,solexs
1780663908.0,1780663933.0,1780664654.0,34.0,15.39562876148242,21.559098245676147,746.0,25.0,721.0,SDD2,solexs
1780665779.0,1780665993.0,1780666713.0,44.0,13.714285714285714,36.17271729041855,934.0,214.0,720.0,SDD2,solexs
1780671288.0,1780671713.0,1780673320.0,183.0,12.90370605004751,212.1473515735705,2032.0,425.0,1607.0,SDD2,solexs
1780683629.0,1780685557.0,1780688711.0,123.0,12.444567627494457,117.65286671540399,5082.0,1928.0,3154.0,SDD2,solexs
1780692417.0,1780692773.0,1780692958.0,30.0,10.375989863794741,26.81810998009748,541.0,356.0,185.0,SDD2,solexs
1780693882.0,1780694010.0,1780694094.0,37.0,15.643332277478619,24.185888148085095,212.0,128.0,84.0,SDD2,solexs
1780697707.0,1780699590.0,1780703212.0,184.0,19.05939182768451,112.17540521356666,5505.0,1883.0,3622.0,SDD2,solexs
1780708138.0,1780708587.0,1780709747.0,40.0,13.302766339351704,31.93121956016519,1609.0,449.0,1160.0,SDD2,solexs
1780711908.0,1780712364.0,1780713479.0,32.0,12.142857142857142,25.484218217384274,1571.0,456.0,1115.0,SDD2,solexs
1780718214.0,1780718684.0,1780719740.0,77.0,11.604160067574702,86.59260405455261,1526.0,470.0,1056.0,SDD2,solexs
1780720871.0,1780722029.0,1780722043.0,50.0,21.172949002217294,27.047763195897915,1172.0,1158.0,14.0,SDD2,solexs
1780724436.0,1780724486.0,1780724842.0,35.0,14.75609756097561,23.35617119213402,406.0,50.0,356.0,SDD2,solexs
1780727247.0,1780727342.0,1780728637.0,110.0,12.809523809523808,121.44292397970605,1390.0,95.0,1295.0,SDD2,solexs
1780729494.0,1780729772.0,1780730499.0,47.0,15.438918804772463,35.54282946271869,1005.0,278.0,727.0,SDD2,solexs
1780746727.0,1780747033.0,1780747721.0,62.0,12.916270721148768,61.30885970463971,994.0,306.0,688.0,SDD2,solexs
1780751323.0,1780754643.0,1780762467.0,1019.0,17.792946890507864,486.3362558801783,11144.0,3320.0,7824.0,SDD2,solexs
1780764341.0,1780764340.0,1780764939.0,46.0,24.333333333333336,19.635137072097987,598.0,-1.0,599.0,SDD2,solexs
1780765629.0,1780765897.0,1780766551.0,53.0,20.843522331327208,31.21053899129417,922.0,268.0,654.0,SDD2,solexs
1780768761.0,1780768727.0,1780769458.0,51.0,16.523809523809526,36.69143564968525,697.0,-34.0,731.0,SDD2,solexs
1780780306.0,1780780914.0,1780782317.0,51.0,14.73418857565199,45.025375568691565,2011.0,608.0,1403.0,SDD2,solexs
1780782768.0,1780782778.0,1780783029.0,47.0,15.430788723471649,35.548534250916916,261.0,10.0,251.0,SDD2,solexs
1780784409.0,1780784474.0,1780784602.0,29.0,11.192957449055008,23.715223354328202,193.0,65.0,128.0,SDD2,solexs
1780786388.0,1780786407.0,1780787114.0,26.0,11.0,20.22599587389726,726.0,19.0,707.0,SDD2,solexs
1780788408.0,1780788358.0,1780789032.0,31.0,10.337873508605217,27.307576911637785,624.0,-50.0,674.0,SDD2,solexs
1780793710.0,1780793963.0,1780794049.0,21.0,9.047619047619047,17.770607367660197,339.0,253.0,86.0,SDD2,solexs
1780796965.0,1780797114.0,1780798284.0,58.0,9.867173476929574,70.53668824455515,1319.0,149.0,1170.0,SDD2,solexs
1780799078.0,1780799379.0,1780801190.0,55.0,14.608594657375145,43.327853761689376,2112.0,301.0,1811.0,SDD2,solexs
1780805666.0,1780805987.0,1780807096.0,119.0,9.809523809523808,155.91065461912248,1430.0,321.0,1109.0,SDD2,solexs
1780809642.0,1780809814.0,1780809767.0,35.0,16.670626121845636,20.023528689497983,125.0,172.0,-47.0,SDD2,solexs
1780810311.0,1780810387.0,1780810591.0,43.0,19.02861366276,24.672192056189598,280.0,76.0,204.0,SDD2,solexs
1780811112.0,1780811510.0,1780812852.0,92.0,12.026185196916904,90.87464168220767,1740.0,398.0,1342.0,SDD2,solexs
1780814214.0,1780814674.0,1780815538.0,49.0,10.952380952380953,51.41480722181417,1324.0,460.0,864.0,SDD2,solexs
1780816004.0,1780816023.0,1780816917.0,27.0,10.447418435223312,21.184353874606863,913.0,19.0,894.0,SDD2,solexs
1780819065.0,1780820704.0,1780821891.0,87.0,10.172843416745856,97.39179042949418,2826.0,1639.0,1187.0,SDD2,solexs
1780824126.0,1780824494.0,1780825264.0,48.0,9.285714285714285,56.817038150327974,1138.0,368.0,770.0,SDD2,solexs
1780838857.0,1780840748.0,1780842102.0,85.0,11.103579347481785,85.303621613396,3245.0,1891.0,1354.0,SDD2,solexs
1780844679.0,1780844871.0,1780845204.0,28.0,10.73661704149509,23.768617157942,525.0,192.0,333.0,SDD2,solexs
1780847177.0,1780847723.0,1780849120.0,59.0,10.435751240629289,68.51727661799751,1943.0,546.0,1397.0,SDD2,solexs
1780850302.0,1780850875.0,1780851941.0,44.0,11.705627705627705,43.48857197014665,1639.0,573.0,1066.0,SDD2,solexs
1780854471.0,1780854836.0,1780855829.0,34.0,10.576813430471965,30.82885843172897,1358.0,365.0,993.0,SDD2,solexs
1780858832.0,1780858969.0,1780859136.0,29.0,8.850279801499314,30.27960017999894,304.0,137.0,167.0,SDD2,solexs
1780860715.0,1780860780.0,1780861607.0,34.0,8.714285714285714,38.306663498457745,892.0,65.0,827.0,SDD2,solexs
1780870214.0,1780870270.0,1780871832.0,34.0,9.98764649984162,34.00548414029882,1618.0,56.0,1562.0,SDD2,solexs
1780873672.0,1780874848.0,1780875449.0,29.0,10.820135149403441,23.09911439803799,1777.0,1176.0,601.0,SDD2,solexs
1780885050.0,1780886994.0,1780889845.0,362.0,21.557755252877204,198.29868080865035,4795.0,1944.0,2851.0,SDD2,solexs
1780890598.0,1780890631.0,1780890773.0,34.0,14.666666666666666,22.55026676133174,175.0,33.0,142.0,SDD2,solexs
1780892279.0,1780892444.0,1780893224.0,43.0,14.262432689261956,33.558248713770396,945.0,165.0,780.0,SDD2,solexs
1780895105.0,1780895414.0,1780896084.0,225.0,12.753827473339667,266.2005091484667,979.0,309.0,670.0,SDD2,solexs
1780900578.0,1780900675.0,1780901188.0,41.0,12.095238095238095,37.23342101130335,610.0,97.0,513.0,SDD2,solexs
1780903987.0,1780904361.0,1780904644.0,35.0,11.142857142857142,31.962088348152278,657.0,374.0,283.0,SDD2,solexs
1780907217.0,1780907341.0,1780907552.0,32.0,9.19047619047619,33.64822887156089,335.0,124.0,211.0,SDD2,solexs
1780914036.0,1780914259.0,1780914260.0,23.0,9.86770140428677,18.553762797475255,224.0,223.0,1.0,SDD2,solexs
1780922337.0,1780922527.0,1780923092.0,48.0,15.19047619047619,37.646900903447225,755.0,190.0,565.0,SDD2,solexs
1780935794.0,1780935848.0,1780936057.0,26.0,10.523809523809522,21.334996433773593,263.0,54.0,209.0,SDD2,solexs
1780939918.0,1780940027.0,1780940411.0,36.0,10.285714285714285,35.58826379940251,493.0,109.0,384.0,SDD2,solexs
1780960629.0,1780960780.0,1780961147.0,24.0,7.505543237250553,27.15479445118994,518.0,151.0,367.0,SDD2,solexs
1781053056.0,1781053164.0,1781054036.0,98.0,6.9396051103368155,159.52268482104506,980.0,108.0,872.0,SDD2,solexs
1781055116.0,1781055236.0,1781055332.0,27.0,8.071798120578606,29.80173111040501,216.0,120.0,96.0,SDD2,solexs
1781060999.0,1781060948.0,1781061157.0,18.0,6.08837503959455,21.589138405161155,158.0,-51.0,209.0,SDD2,solexs
1781064627.0,1781065005.0,1781065638.0,25.0,6.865325731179388,31.481557831199144,1011.0,378.0,633.0,SDD2,solexs
1781067996.0,1781068005.0,1781068151.0,19.0,7.164977299123638,19.805391073749828,155.0,9.0,146.0,SDD2,solexs
1781068462.0,1781068565.0,1781068889.0,25.0,7.595766022595289,28.381964618223236,427.0,103.0,324.0,SDD2,solexs
1781096234.0,1781096262.0,1781096607.0,25.0,6.08837503959455,34.27623771683928,373.0,28.0,345.0,SDD2,solexs
1781097754.0,1781097923.0,1781098752.0,58.0,7.422764227642274,83.02677043136194,998.0,169.0,829.0,SDD2,solexs
1781105669.0,1781106026.0,1781106324.0,28.0,10.062348220884804,25.26940922588388,655.0,357.0,298.0,SDD2,solexs
1781107535.0,1781107622.0,1781108023.0,26.0,11.074437757364585,19.933586593096592,488.0,87.0,401.0,SDD2,solexs
1781131325.0,1781131373.0,1781131624.0,17.0,6.040755991975502,19.941138403900005,299.0,48.0,251.0,SDD2,solexs
1781134187.0,1781136176.0,1781146631.0,310.0,38.30007390983001,157.55653302401612,12444.0,1989.0,10455.0,SDD2,solexs
1781160205.0,1781160472.0,1781161062.0,39.0,7.755041706261216,50.176790444637795,857.0,267.0,590.0,SDD2,solexs
1781162544.0,1781163620.0,1781163728.0,34.0,11.423186569528031,28.869717670279996,1184.0,1076.0,108.0,SDD2,solexs
1781165091.0,1781165185.0,1781165497.0,39.0,12.231232182451691,34.2301083212584,406.0,94.0,312.0,SDD2,solexs
1781166348.0,1781166489.0,1781167471.0,507.0,9.231232182451691,706.9396282550265,1123.0,141.0,982.0,SDD2,solexs
1781177414.0,1781177816.0,1781178430.0,41.0,8.126174638369758,51.6933409216761,1016.0,402.0,614.0,SDD2,solexs
1781195526.0,1781195900.0,1781196332.0,27.0,7.2999683243585665,32.65506110476664,806.0,374.0,432.0,SDD2,solexs
1781197900.0,1781198050.0,1781198612.0,31.0,7.553901383169674,37.77171440599356,712.0,150.0,562.0,SDD2,solexs
1781199721.0,1781199812.0,1781199852.0,19.0,7.005648822721993,20.277671567830918,131.0,91.0,40.0,SDD2,solexs
1781208516.0,1781209110.0,1781210287.0,34.0,8.868123746172525,39.43932590516769,1771.0,594.0,1177.0,SDD2,solexs
1781213100.0,1781213939.0,1781214538.0,40.0,10.01182557280118,40.54966389129,1438.0,839.0,599.0,SDD2,solexs
1781215958.0,1781216804.0,1781218327.0,45.0,11.60796114454651,40.24254332310828,2369.0,846.0,1523.0,SDD2,solexs
1781221429.0,1781222202.0,1781222403.0,33.0,6.925878999049729,43.434962487476675,974.0,773.0,201.0,SDD2,solexs
1781266533.0,1781266718.0,1781267044.0,31.0,5.165399641009395,50.79863930059207,511.0,185.0,326.0,SDD2,solexs
1781280678.0,1781281483.0,1781281814.0,30.0,11.452961672473865,24.070363753095574,1136.0,805.0,331.0,SDD2,solexs
1781290645.0,1781292971.0,1781295706.0,70.0,21.735033259423503,38.11012044484969,5061.0,2326.0,2735.0,SDD2,solexs
1781302523.0,1781302874.0,1781302773.0,38.0,18.374089325308834,20.548240251449066,250.0,351.0,-101.0,SDD2,solexs
1781305810.0,1781305978.0,1781307754.0,37.0,11.871502481258577,27.901755521214877,1944.0,168.0,1776.0,SDD2,solexs
1781316244.0,1781316990.0,1781320122.0,63.0,8.235561186780696,88.48118910214244,3878.0,746.0,3132.0,SDD2,solexs
1781333430.0,1781334650.0,1781334978.0,27.0,7.329321085418644,30.408832911499495,1548.0,1220.0,328.0,SDD2,solexs
1781339150.0,1781339546.0,1781339556.0,20.0,6.421708372927883,23.96264976518628,406.0,396.0,10.0,SDD2,solexs
1781354843.0,1781355909.0,1781360543.0,110.0,18.14306831380002,129.23975080519034,5700.0,1066.0,4634.0,SDD2,solexs
1781361957.0,1781362100.0,1781363011.0,36.0,9.814591912152887,35.49904411312603,1054.0,143.0,911.0,SDD2,solexs
1781390442.0,1781390785.0,1781391095.0,19.0,5.93543448421497,23.95730774290523,653.0,343.0,310.0,SDD2,solexs
1781427233.0,1781427365.0,1781428677.0,59.0,5.5522120156266475,104.50636346934832,1444.0,132.0,1312.0,SDD2,solexs
1781433844.0,1781434019.0,1781434560.0,24.0,7.791891035793474,27.55467915874799,716.0,175.0,541.0,SDD2,solexs
1781435948.0,1781436450.0,1781436460.0,23.0,7.757892513990073,24.477550140094905,512.0,502.0,10.0,SDD2,solexs
1781439452.0,1781440503.0,1781440973.0,37.0,7.850279801499312,46.01360186276419,1521.0,1051.0,470.0,SDD2,solexs
1781441743.0,1781442170.0,1781442805.0,48.0,7.212226797592649,66.4526720090886,1062.0,427.0,635.0,SDD2,solexs
1781488581.0,1781489711.0,1781490260.0,57.0,6.173740893253086,88.34060422858717,1679.0,1130.0,549.0,SDD2,solexs
1781496802.0,1781497120.0,1781497738.0,28.0,8.3831696758526,29.879383735550796,936.0,318.0,618.0,SDD2,solexs
1781506974.0,1781507028.0,1781507455.0,21.0,6.167036215816702,26.883897802351232,481.0,54.0,427.0,SDD2,solexs
1781508843.0,1781508963.0,1781509583.0,32.0,9.189525921233237,33.83811711315522,740.0,120.0,620.0,SDD2,solexs
1781512386.0,1781512933.0,1781513050.0,31.0,10.661598564037586,27.07416668071519,664.0,547.0,117.0,SDD2,solexs
1781513561.0,1781513976.0,1781515332.0,47.0,11.501161440185829,43.751413868257366,1771.0,415.0,1356.0,SDD2,solexs
1781517196.0,1781517326.0,1781518741.0,73.0,8.993136944356454,95.45219891748519,1545.0,130.0,1415.0,SDD2,solexs
1781524001.0,1781524331.0,1781525266.0,56.0,8.51694646816598,72.9329082075075,1265.0,330.0,935.0,SDD2,solexs
1781528311.0,1781528338.0,1781528371.0,24.0,9.421708372927883,21.240112014169668,60.0,27.0,33.0,SDD2,solexs
1781529270.0,1781529326.0,1781529410.0,95.0,8.83824305775525,129.42853802700122,140.0,56.0,84.0,SDD2,solexs
1781533155.0,1781533240.0,1781533368.0,26.0,7.502164502164501,30.220775577423428,213.0,85.0,128.0,SDD2,solexs
1781535455.0,1781535490.0,1781535856.0,21.0,7.183613134832645,23.05356080217957,401.0,35.0,366.0,SDD2,solexs
1781541238.0,1781541217.0,1781541298.0,20.0,6.850279801499312,22.46866941339899,60.0,-21.0,81.0,SDD2,solexs
1781544638.0,1781545518.0,1781545968.0,25.0,8.227008763594128,25.291212817026558,1330.0,880.0,450.0,SDD2,solexs
1781547849.0,1781547821.0,1781547912.0,20.0,7.46932742054693,20.504473932313918,63.0,-28.0,91.0,SDD2,solexs
1781549374.0,1781549479.0,1781549726.0,91.0,7.442086368915636,136.72937753528697,352.0,105.0,247.0,SDD2,solexs
1781555028.0,1781555904.0,1781556475.0,27.0,6.199926090169991,36.84098557273003,1447.0,876.0,571.0,SDD2,solexs
1781567602.0,1781568193.0,1781568790.0,36.0,9.837926301340932,37.3329444858083,1188.0,591.0,597.0,SDD2,solexs
1781570113.0,1781570115.0,1781570253.0,32.0,12.89789884911836,23.786834719610717,140.0,2.0,138.0,SDD2,solexs
1781570744.0,1781570877.0,1781571298.0,49.0,12.90803505437652,44.943412145417604,554.0,133.0,421.0,SDD2,solexs
1781573163.0,1781573476.0,1781574266.0,31.0,8.924295216978141,31.825334841138556,1103.0,313.0,790.0,SDD2,solexs
1781586535.0,1781586528.0,1781586841.0,15.0,5.469116249604053,18.28177600194788,306.0,-7.0,313.0,SDD2,solexs
1781610715.0,1781610874.0,1781611008.0,22.0,6.388712913103155,27.59015410806332,293.0,159.0,134.0,SDD2,solexs
1781623860.0,1781623910.0,1781624105.0,32.0,8.231232182451691,37.05008767550017,245.0,50.0,195.0,SDD2,solexs
1781625357.0,1781625374.0,1781625744.0,21.0,6.942244747122794,23.500727978115002,387.0,17.0,370.0,SDD2,solexs
1781632261.0,1781632372.0,1781633278.0,24.0,5.7074226586421695,33.28612419954328,1017.0,111.0,906.0,SDD2,solexs
1781644615.0,1781644686.0,1781644845.0,25.0,4.516946468165978,43.10098804665089,230.0,71.0,159.0,SDD2,solexs
1781654119.0,1781654167.0,1781654268.0,19.0,5.412944778798435,26.157610124945283,149.0,48.0,101.0,SDD2,solexs
1781655074.0,1781655250.0,1781655417.0,21.0,5.819343258367647,28.122224665572396,343.0,176.0,167.0,SDD2,solexs
1781753528.0,1781753506.0,1781753890.0,19.0,4.994509555485163,28.30539868693147,362.0,-22.0,384.0,SDD2,solexs
1781767941.0,1781768716.0,1781769467.0,40.0,5.719987329743425,63.95149202103904,1526.0,775.0,751.0,SDD2,solexs
1781781491.0,1781781846.0,1781782171.0,29.0,7.802660753880264,33.93712013005557,680.0,355.0,325.0,SDD2,solexs
1781783091.0,1781783711.0,1781785514.0,97.0,9.264755569633618,140.46487133606513,2423.0,620.0,1803.0,SDD2,solexs
1781788834.0,1781789083.0,1781789575.0,32.0,7.052951113926722,41.657048965994406,741.0,249.0,492.0,SDD2,solexs
1781794298.0,1781794544.0,1781795020.0,33.0,5.828529194382851,49.90670739600507,722.0,246.0,476.0,SDD2,solexs
1781809956.0,1781810104.0,1781810284.0,20.0,5.718297962200399,26.696921964043153,328.0,148.0,180.0,SDD2,solexs
1781812180.0,1781812244.0,1781812439.0,18.0,5.612184563404074,23.385343400651735,259.0,64.0,195.0,SDD2,solexs
1781819658.0,1781820207.0,1781821755.0,58.0,6.321085418646392,92.19079114147276,2097.0,549.0,1548.0,SDD2,solexs
1781828622.0,1781829803.0,1781830090.0,26.0,5.663393517052052,32.3364631703143,1468.0,1181.0,287.0,SDD2,solexs
1781833726.0,1781833980.0,1781834384.0,27.0,6.183613134832645,37.43684081942842,658.0,254.0,404.0,SDD2,solexs
1781853060.0,1781853527.0,1781854938.0,30.0,8.077182979622002,34.071643829805105,1878.0,467.0,1411.0,SDD2,solexs
1781862089.0,1781862693.0,1781863083.0,26.0,5.516946468165978,38.999614383626856,994.0,604.0,390.0,SDD2,solexs
1781864509.0,1781865518.0,1781865548.0,28.0,9.36036321402175,27.43627136683288,1039.0,1009.0,30.0,SDD2,solexs
1781870716.0,1781870890.0,1781871625.0,25.0,7.426829268292681,29.85373051633353,909.0,174.0,735.0,SDD2,solexs
1781872085.0,1781872380.0,1781872598.0,33.0,8.374089325308836,38.057346387007144,513.0,295.0,218.0,SDD2,solexs
1781881413.0,1781881608.0,1781881782.0,30.0,7.6524654207581015,36.167319937708065,369.0,195.0,174.0,SDD2,solexs
1781883422.0,1781883699.0,1781883950.0,22.0,7.612184563404074,23.321431325149028,528.0,277.0,251.0,SDD2,solexs
1781896814.0,1781896886.0,1781896918.0,25.0,8.322774786189417,25.842795732612338,104.0,72.0,32.0,SDD2,solexs
1781897300.0,1781897866.0,1781899412.0,217.0,8.46932742054693,320.45015087138506,2112.0,566.0,1546.0,SDD2,solexs
1781903769.0,1781903769.0,1781903904.0,17.0,5.930102417907293,20.378580236026348,135.0,0.0,135.0,SDD2,solexs
1781910849.0,1781911014.0,1781911532.0,24.0,5.659803611023121,34.47611325515366,683.0,165.0,518.0,SDD2,solexs
1781918431.0,1781920332.0,1781922718.0,885.0,14.987012987012985,888.8830165745806,4287.0,1901.0,2386.0,SDD2,solexs
1781924720.0,1781924835.0,1781925451.0,49.0,12.222679759265123,44.94931688263383,731.0,115.0,616.0,SDD2,solexs
1781941951.0,1781941973.0,1781942051.0,19.0,7.239045507338188,19.52872799291298,100.0,22.0,78.0,SDD2,solexs
1781951426.0,1781952589.0,1781952915.0,26.0,7.46932742054693,28.76633526448964,1489.0,1163.0,326.0,SDD2,solexs
1781954398.0,1781954846.0,1781956202.0,93.0,10.651340935487276,114.83561303164608,1804.0,448.0,1356.0,SDD2,solexs
1781957371.0,1781958099.0,1781958648.0,97.0,10.46932742054693,119.59848714027962,1277.0,728.0,549.0,SDD2,solexs
1781963989.0,1781963976.0,1781964402.0,24.0,7.570267131242739,26.47450164280366,413.0,-13.0,426.0,SDD2,solexs
1781967421.0,1781967629.0,1781970215.0,709.0,8.27885123007074,1090.0226112461087,2794.0,208.0,2586.0,SDD2,solexs
1781980926.0,1781980940.0,1781980999.0,22.0,6.663235138844892,26.566159796941204,73.0,14.0,59.0,SDD2,solexs
1781990786.0,1781991799.0,1781995804.0,258.0,17.341252243691265,330.23420453562056,5018.0,1013.0,4005.0,SDD2,solexs
1781996640.0,1781996776.0,1781998164.0,54.0,9.863583570900643,54.18386588908624,1524.0,136.0,1388.0,SDD2,solexs
1782003834.0,1782003961.0,1782004760.0,39.0,7.897898849118359,49.493588552121736,926.0,127.0,799.0,SDD2,solexs
1782009033.0,1782009976.0,1782019818.0,1886.0,29.0407559919755,3016.781214816899,10785.0,943.0,9842.0,SDD2,solexs
1782029560.0,1782029740.0,1782029822.0,24.0,8.661492978566148,23.16286091229137,262.0,180.0,82.0,SDD2,solexs
1782030996.0,1782031047.0,1782031361.0,41.0,8.326470277689788,50.63847096420217,365.0,51.0,314.0,SDD2,solexs
1782033716.0,1782033950.0,1782034450.0,32.0,7.707422658642169,39.13217654746821,734.0,234.0,500.0,SDD2,solexs
1782036806.0,1782037267.0,1782037987.0,29.0,7.516946468165979,35.042112515063806,1181.0,461.0,720.0,SDD2,solexs
1782038822.0,1782038945.0,1782039082.0,29.0,6.802660753880264,38.06067714417905,260.0,123.0,137.0,SDD2,solexs
1782042358.0,1782042768.0,1782043343.0,29.0,7.490286136627598,35.1322643271655,985.0,410.0,575.0,SDD2,solexs
1782047817.0,1782048101.0,1782048448.0,25.0,7.665294055537956,28.084849779674112,631.0,284.0,347.0,SDD2,solexs
1782052666.0,1782052840.0,1782053431.0,26.0,10.22083201351494,22.785870485415842,765.0,174.0,591.0,SDD2,solexs
1782060544.0,1782061092.0,1782062220.0,42.0,9.598986379474184,49.53518146493614,1676.0,548.0,1128.0,SDD2,solexs
1782065225.0,1782065931.0,1782067040.0,115.0,16.7204624643649,106.03621524934259,1815.0,706.0,1109.0,SDD2,solexs
1782069783.0,1782070120.0,1782076910.0,4931.0,81.70742265864217,5624.318782166909,7127.0,337.0,6790.0,SDD2,solexs
1782077878.0,1782079200.0,1782080184.0,93.0,42.04033365008975,35.854458931029356,2306.0,1322.0,984.0,SDD2,solexs
1782081052.0,1782081268.0,1782082800.0,109.0,27.758842783233025,65.06592630003976,1748.0,216.0,1532.0,SDD2,solexs
1782084326.0,1782084488.0,1782085456.0,43.0,19.662950058072006,22.958498798587566,1130.0,162.0,968.0,SDD2,solexs
1782087226.0,1782087416.0,1782087629.0,35.0,12.634832647027768,28.094081586002837,403.0,190.0,213.0,SDD2,solexs
1782090513.0,1782090610.0,1782090708.0,27.0,10.802660753880264,22.039072184698124,195.0,97.0,98.0,SDD2,solexs
1782091692.0,1782091806.0,1782092163.0,39.0,11.02523492767395,37.32732935544952,471.0,114.0,357.0,SDD2,solexs
1782097165.0,1782097204.0,1782097320.0,25.0,7.989916587477561,26.90684731226636,155.0,39.0,116.0,SDD2,solexs
1782100264.0,1782104127.0,1782106723.0,53.0,20.4730229120473,27.976117632232924,6459.0,3863.0,2596.0,SDD2,solexs
1782127750.0,1782128506.0,1782129177.0,33.0,9.4754513778904,34.14486391562552,1427.0,756.0,671.0,SDD2,solexs
1782140187.0,1782140447.0,1782140946.0,29.0,8.376570583887656,31.871836430545454,759.0,260.0,499.0,SDD2,solexs
1782161843.0,1782162087.0,1782162597.0,27.0,8.532467532467532,28.218661016160464,754.0,244.0,510.0,SDD2,solexs
1782170432.0,1782170538.0,1782170620.0,27.0,9.470383275261323,25.460759285426267,188.0,106.0,82.0,SDD2,solexs
1782183301.0,1782183262.0,1782183992.0,26.0,10.612184563404075,21.124652292347978,691.0,-39.0,730.0,SDD2,solexs
1782192973.0,1782193243.0,1782194605.0,29.0,12.010980889029668,21.11658028788547,1632.0,270.0,1362.0,SDD2,solexs
1782198810.0,1782199163.0,1782199508.0,29.0,9.51694646816598,28.243805260987774,698.0,353.0,345.0,SDD2,solexs
1782201681.0,1782202868.0,1782203254.0,37.0,11.809946151409564,30.137321503708844,1573.0,1187.0,386.0,SDD2,solexs
1782210146.0,1782210372.0,1782210524.0,26.0,9.945517896737407,22.766569560393304,378.0,226.0,152.0,SDD2,solexs
1782213952.0,1782214202.0,1782214524.0,29.0,10.368176538908244,25.891554345871217,572.0,250.0,322.0,SDD2,solexs
1782214981.0,1782215645.0,1782216331.0,40.0,12.95882166613874,33.41301293094144,1350.0,664.0,686.0,SDD2,solexs
1782223102.0,1782223188.0,1782223493.0,30.0,13.283496990814061,20.727453185991543,391.0,86.0,305.0,SDD2,solexs
1782224791.0,1782225125.0,1782225428.0,36.0,13.535159961989228,27.33921673004767,637.0,334.0,303.0,SDD2,solexs
1782230499.0,1782230863.0,1782231346.0,38.0,15.421708372927885,25.712235246655833,847.0,364.0,483.0,SDD2,solexs
1782234146.0,1782235021.0,1782235677.0,48.0,17.749392883539223,31.650734836214344,1531.0,875.0,656.0,SDD2,solexs
1782236744.0,1782237130.0,1782237923.0,50.0,24.485587583148558,23.73192433870717,1179.0,386.0,793.0,SDD2,solexs
1782238764.0,1782239092.0,1782240210.0,71.0,27.554429310526867,37.039096533892746,1446.0,328.0,1118.0,SDD2,solexs
1782240931.0,1782241779.0,1782242251.0,101.0,38.94551789673741,44.46920972224535,1320.0,848.0,472.0,SDD2,solexs
1782243258.0,1782243552.0,1782244132.0,93.0,43.61218456340407,33.444976388107705,874.0,294.0,580.0,SDD2,solexs
1782244679.0,1782245284.0,1782245732.0,76.0,35.18392989124696,31.00793393987596,1053.0,605.0,448.0,SDD2,solexs
1782246202.0,1782246284.0,1782248396.0,59.0,22.765811424348005,29.23840140373388,2194.0,82.0,2112.0,SDD2,solexs
1782249789.0,1782250196.0,1782250260.0,42.0,19.564565515785024,22.683725255855357,471.0,407.0,64.0,SDD2,solexs
1782251700.0,1782253622.0,1782254985.0,172.0,34.97291732657586,91.65555141320498,3285.0,1922.0,1363.0,SDD2,solexs
1782255336.0,1782257130.0,1782260586.0,500.0,52.70526010147319,197.55525855857326,5250.0,1794.0,3456.0,SDD2,solexs
1782261463.0,1782263049.0,1782264707.0,149.0,18.183613134832644,126.81157199008341,3244.0,1586.0,1658.0,SDD2,solexs
1782268339.0,1782268386.0,1782268866.0,31.0,13.040755991975502,22.240864518004667,527.0,47.0,480.0,SDD2,solexs
1782271905.0,1782273197.0,1782274664.0,125.0,19.945517896737407,107.38306275951254,2759.0,1292.0,1467.0,SDD2,solexs
1782276777.0,1782276919.0,1782277621.0,45.0,15.04603526554746,34.07949293603954,844.0,142.0,702.0,SDD2,solexs
1782279361.0,1782279372.0,1782279536.0,32.0,15.040755991975502,19.556298330837798,175.0,11.0,164.0,SDD2,solexs
1782282916.0,1782285031.0,1782285921.0,163.0,17.32266920071798,156.29890960390637,3005.0,2115.0,890.0,SDD2,solexs
1782286389.0,1782286513.0,1782286927.0,33.0,12.433111603843308,25.716863868638207,538.0,124.0,414.0,SDD2,solexs
1782290219.0,1782292258.0,1782292793.0,66.0,17.00855242318657,46.87444633140641,2574.0,2039.0,535.0,SDD2,solexs
1782293310.0,1782293410.0,1782294918.0,58.0,22.374089325308834,31.03603052150194,1608.0,100.0,1508.0,SDD2,solexs
1782295232.0,1782295393.0,1782296687.0,65.0,15.374089325308834,52.22642955142907,1455.0,161.0,1294.0,SDD2,solexs
1782300082.0,1782301234.0,1782304468.0,62.0,18.2282757892514,44.9200760803298,4386.0,1152.0,3234.0,SDD2,solexs
1782305083.0,1782305173.0,1782306025.0,40.0,16.993136944356454,24.95948537313345,942.0,90.0,852.0,SDD2,solexs
1782306511.0,1782306896.0,1782307159.0,40.0,14.425931791785452,30.116636165509643,648.0,385.0,263.0,SDD2,solexs
1782308229.0,1782308568.0,1782308981.0,33.0,14.421708372927885,21.878241856316986,752.0,339.0,413.0,SDD2,solexs
1782310174.0,1782312062.0,1782315563.0,195.0,15.374089325308834,170.07538636260668,5389.0,1888.0,3501.0,SDD2,solexs
1782317368.0,1782317673.0,1782318174.0,130.0,14.564565515785027,135.27120944210694,806.0,305.0,501.0,SDD2,solexs
1782319505.0,1782319628.0,1782320287.0,34.0,12.759159539647342,25.88984919438979,782.0,123.0,659.0,SDD2,solexs
1782322498.0,1782322654.0,1782323169.0,36.0,11.231232182451691,33.052605276545634,671.0,156.0,515.0,SDD2,solexs
1782325453.0,1782326472.0,1782327866.0,95.0,16.0094498996938,83.26090870070803,2413.0,1019.0,1394.0,SDD2,solexs
1782332822.0,1782333147.0,1782334057.0,42.0,13.48632668144863,34.930966312287474,1235.0,325.0,910.0,SDD2,solexs
1782334786.0,1782334857.0,1782335124.0,46.0,17.469327420546932,30.52733659637445,338.0,71.0,267.0,SDD2,solexs
1782336592.0,1782337343.0,1782338297.0,53.0,19.585999366487165,34.1645322084763,1705.0,751.0,954.0,SDD2,solexs
1782338721.0,1782339464.0,1782341219.0,111.0,23.619153204519055,69.3727422736116,2498.0,743.0,1755.0,SDD2,solexs
1782343922.0,1782346969.0,1782351513.0,189.0,35.617991764333226,94.08505826238546,7591.0,3047.0,4544.0,SDD2,solexs
1782352830.0,1782352831.0,1782353383.0,56.0,29.012723049308413,22.30473394537894,553.0,1.0,552.0,SDD2,solexs
1782353735.0,1782353823.0,1782354083.0,58.0,28.564565515785024,24.630409772045404,348.0,88.0,260.0,SDD2,solexs
1782355230.0,1782356005.0,1782360368.0,180.0,28.565832541442294,125.17766919352091,5138.0,775.0,4363.0,SDD2,solexs
1782362330.0,1782362466.0,1782362680.0,29.0,13.245063879210218,19.369001858244935,350.0,136.0,214.0,SDD2,solexs
1782363894.0,1782363917.0,1782364458.0,36.0,13.421708372927885,27.56145729653637,564.0,23.0,541.0,SDD2,solexs
1782365212.0,1782366452.0,1782367172.0,78.0,13.699292577341357,75.73619616258108,1960.0,1240.0,720.0,SDD2,solexs
1782369827.0,1782369812.0,1782370098.0,32.0,14.83829585049097,20.227220121666704,271.0,-15.0,286.0,SDD2,solexs
1782370408.0,1782370891.0,1782371771.0,47.0,17.058652729384434,32.64385252677254,1363.0,483.0,880.0,SDD2,solexs
1782372305.0,1782372709.0,1782373132.0,41.0,17.135994087213597,25.781233600479958,827.0,404.0,423.0,SDD2,solexs
1782374054.0,1782374586.0,1782375231.0,55.0,18.76639214444092,37.41150876399797,1177.0,532.0,645.0,SDD2,solexs
1782375707.0,1782376275.0,1782377192.0,68.0,14.435012142329214,61.756826519168236,1485.0,568.0,917.0,SDD2,solexs
1782378127.0,1782378257.0,1782380275.0,94.0,14.772463309048675,93.45466421170087,2148.0,130.0,2018.0,SDD2,solexs
1782383329.0,1782383524.0,1782384274.0,36.0,15.49113082039911,24.200242794482392,945.0,195.0,750.0,SDD2,solexs
1782386474.0,1782386495.0,1782386961.0,39.0,16.861999788829056,24.260264329174277,487.0,21.0,466.0,SDD2,solexs
1782388903.0,1782389673.0,1782390275.0,53.0,19.784077710906978,33.34166146831733,1372.0,770.0,602.0,SDD2,solexs
1782390687.0,1782390697.0,1782390810.0,43.0,19.755041706261217,23.38863054624173,123.0,10.0,113.0,SDD2,solexs
1782392154.0,1782394156.0,1782394947.0,111.0,29.505068102629075,60.327829182080976,2793.0,2002.0,791.0,SDD2,solexs
1782396320.0,1782396492.0,1782398050.0,76.0,36.62960616619153,29.155525934063636,1730.0,172.0,1558.0,SDD2,solexs
1782399274.0,1782399787.0,1782400348.0,350.0,37.94551789673741,226.55058102562188,1074.0,513.0,561.0,SDD2,solexs
1782401335.0,1782401471.0,1782402471.0,65.0,29.49931369443564,28.447721684333803,1136.0,136.0,1000.0,SDD2,solexs
1782403772.0,1782404785.0,1782405538.0,81.0,30.694013303769403,40.120187079978066,1766.0,1013.0,753.0,SDD2,solexs
1782406195.0,1782407734.0,1782410400.0,78.0,34.0407559919755,31.27934630351952,4205.0,1539.0,2666.0,SDD2,solexs
1782421474.0,1782422067.0,1782422427.0,86.0,17.844842149720193,71.734414497236,953.0,593.0,360.0,SDD2,solexs
1782423220.0,1782423278.0,1782423459.0,37.0,16.993136944356454,21.70487148082218,239.0,58.0,181.0,SDD2,solexs
1782424699.0,1782424951.0,1782426008.0,70.0,16.993136944356454,57.505624296246125,1309.0,252.0,1057.0,SDD2,solexs
1782430782.0,1782431296.0,1782431827.0,242.0,18.421708372927885,232.95909997346675,1045.0,514.0,531.0,SDD2,solexs
1782448448.0,1782448826.0,1782449125.0,38.0,14.183613134832644,28.281174108952534,677.0,378.0,299.0,SDD2,solexs
1782449613.0,1782449651.0,1782449971.0,52.0,17.932425298278954,36.45811896504321,358.0,38.0,320.0,SDD2,solexs
1782451288.0,1782451269.0,1782451530.0,41.0,16.89652623798965,26.090064198551772,242.0,-19.0,261.0,SDD2,solexs
1782453696.0,1782453780.0,1782453840.0,31.0,13.564565515785027,21.171168484523065,144.0,84.0,60.0,SDD2,solexs
1782454862.0,1782456017.0,1782456366.0,39.0,13.564565515785027,28.833505257869803,1504.0,1155.0,349.0,SDD2,solexs
1782458742.0,1782459147.0,1782460394.0,53.0,19.643965790307252,33.603444779486686,1652.0,405.0,1247.0,SDD2,solexs
1782464051.0,1782464020.0,1782464188.0,29.0,14.755041706261217,16.58463657775853,137.0,-31.0,168.0,SDD2,solexs
1782465015.0,1782467556.0,1782469778.0,74.0,16.254302607961144,50.422909872234854,4763.0,2541.0,2222.0,SDD2,solexs
1782473705.0,1782475287.0,1782475770.0,48.0,16.21935381691479,32.18599076226781,2065.0,1582.0,483.0,SDD2,solexs
1782476749.0,1782478014.0,1782480850.0,275.0,28.08837503959455,184.23791133541138,4101.0,1265.0,2836.0,SDD2,solexs
1782481857.0,1782482727.0,1782484271.0,152.0,19.135994087213597,133.01858886898154,2414.0,870.0,1544.0,SDD2,solexs
1782485783.0,1782486162.0,1782487038.0,73.0,15.374089325308834,65.72613575662852,1255.0,379.0,876.0,SDD2,solexs
1782496361.0,1782496607.0,1782496638.0,38.0,13.926248548199766,29.02103067298029,277.0,246.0,31.0,SDD2,solexs
1782500711.0,1782501046.0,1782501291.0,33.0,13.135994087213597,24.49445552999572,580.0,335.0,245.0,SDD2,solexs
1782504819.0,1782505386.0,1782506325.0,94.0,16.688311688311686,85.96105990814033,1506.0,567.0,939.0,SDD2,solexs
1782512595.0,1782512716.0,1782512811.0,38.0,18.0407559919755,21.015112494517766,216.0,121.0,95.0,SDD2,solexs
1782514807.0,1782516145.0,1782517394.0,57.0,23.960563826417484,29.94286093599901,2587.0,1338.0,1249.0,SDD2,solexs
1782519338.0,1782519222.0,1782519585.0,47.0,23.89789884911836,20.964860756884633,247.0,-116.0,363.0,SDD2,solexs
1782524225.0,1782524511.0,1782524777.0,47.0,20.516946468165976,26.147290595444698,552.0,286.0,266.0,SDD2,solexs
1782528852.0,1782529070.0,1782530023.0,59.0,20.78613662760004,37.59870179667894,1171.0,218.0,953.0,SDD2,solexs
1782534513.0,1782535146.0,1782535039.0,45.0,20.659803611023122,23.83559287997224,526.0,633.0,-107.0,SDD2,solexs
1782536336.0,1782536578.0,1782537447.0,61.0,24.59080350543765,32.97621146429643,1111.0,242.0,869.0,SDD2,solexs
1782538826.0,1782538866.0,1782539069.0,79.0,26.89789884911836,44.92737633997724,243.0,40.0,203.0,SDD2,solexs
1782541526.0,1782541586.0,1782542494.0,88.0,24.993136944356454,56.36278848667546,968.0,60.0,908.0,SDD2,solexs
1782543182.0,1782543366.0,1782544485.0,67.0,26.564565515785024,35.08534515690136,1303.0,184.0,1119.0,SDD2,solexs
1782544840.0,1782545133.0,1782547919.0,87.0,35.22780065462992,38.215070608307435,3079.0,293.0,2786.0,SDD2,solexs
1782549252.0,1782549936.0,1782550571.0,95.0,29.326470277689786,54.21642454177537,1319.0,684.0,635.0,SDD2,solexs
1782551501.0,1782552211.0,1782554413.0,153.0,38.707422658642166,82.18697545114122,2912.0,710.0,2202.0,SDD2,solexs
1782557507.0,1782557568.0,1782558541.0,119.0,30.652940555379576,69.69654140897815,1034.0,61.0,973.0,SDD2,solexs
1782560904.0,1782561241.0,1782561816.0,59.0,29.08837503959455,24.80248948719907,912.0,337.0,575.0,SDD2,solexs
1782562375.0,1782562883.0,1782564763.0,97.0,25.47122795903283,59.31110793635396,2388.0,508.0,1880.0,SDD2,solexs
1782565109.0,1782565118.0,1782565748.0,45.0,19.68282124379685,25.388989260737223,639.0,9.0,630.0,SDD2,solexs
1782569457.0,1782569791.0,1782570199.0,58.0,19.0407559919755,39.92853950544372,742.0,334.0,408.0,SDD2,solexs
1782573103.0,1782573434.0,1782574967.0,63.0,18.89789884911836,46.13173937095045,1864.0,331.0,1533.0,SDD2,solexs
1782582508.0,1782582568.0,1782582837.0,34.0,16.27885123007074,19.642419964379815,329.0,60.0,269.0,SDD2,solexs
1782583380.0,1782591280.0,1782592318.0,160.0,56.71977615880054,44.86878931238771,8938.0,7900.0,1038.0,SDD2,solexs
1782592679.0,1782593271.0,1782593370.0,167.0,107.37408932530884,25.733584012457595,691.0,592.0,99.0,SDD2,solexs
1782593790.0,1782594713.0,1782596134.0,318.0,97.29120473022913,98.17385043164067,2344.0,923.0,1421.0,SDD2,solexs
1782596998.0,1782597686.0,1782602582.0,140.0,48.678386653996405,47.42816134592737,5584.0,688.0,4896.0,SDD2,solexs
1782604505.0,1782604762.0,1782604912.0,59.0,35.75504170626122,17.385017198675204,407.0,257.0,150.0,SDD2,solexs
1782605884.0,1782606111.0,1782608200.0,86.0,26.14634146341463,47.720657223538836,2316.0,227.0,2089.0,SDD2,solexs
1782611421.0,1782611740.0,1782612827.0,174.0,20.02153943617358,153.63938754690295,1406.0,319.0,1087.0,SDD2,solexs
1782615836.0,1782616629.0,1782617517.0,55.0,21.61218456340407,31.296420758109296,1681.0,793.0,888.0,SDD2,solexs
1782620813.0,1782620838.0,1782621176.0,47.0,22.08837503959455,23.70473862809646,363.0,25.0,338.0,SDD2,solexs
1782621564.0,1782622584.0,1782622870.0,59.0,25.091120261851966,30.023527426939477,1306.0,1020.0,286.0,SDD2,solexs
1782624165.0,1782624260.0,1782624727.0,58.0,25.117622215183186,29.160118334617817,562.0,95.0,467.0,SDD2,solexs
1782625840.0,1782626198.0,1782626795.0,44.0,19.08837503959455,25.499553459925913,955.0,358.0,597.0,SDD2,solexs
1782629420.0,1782629679.0,1782631820.0,75.0,21.516946468165976,52.74380090377534,2400.0,259.0,2141.0,SDD2,solexs
1782633561.0,1782633569.0,1782633726.0,35.0,18.564565515785027,17.044038503401858,165.0,8.0,157.0,SDD2,solexs
1782636313.0,1782636730.0,1782637743.0,73.0,19.889557596874667,53.39064566261835,1430.0,417.0,1013.0,SDD2,solexs
1782638474.0,1782640234.0,1782640498.0,81.0,32.43986907401541,34.11917829402623,2024.0,1760.0,264.0,SDD2,solexs
1782641386.0,1782641455.0,1782643542.0,85.0,29.479780382219406,39.972781483670765,2156.0,69.0,2087.0,SDD2,solexs
1782649091.0,1782649224.0,1782650184.0,53.0,26.46932742054693,23.01070176468661,1093.0,133.0,960.0,SDD2,solexs
1782651198.0,1782651461.0,1782651605.0,51.0,23.12569950374828,26.067759683123086,407.0,263.0,144.0,SDD2,solexs
1782654231.0,1782655284.0,1782657482.0,63.0,22.013884489494245,39.952579437027914,3251.0,1053.0,2198.0,SDD2,solexs
1782659121.0,1782659400.0,1782661006.0,94.0,21.894150564882267,71.44081366798352,1885.0,279.0,1606.0,SDD2,solexs
1782666047.0,1782666437.0,1782667038.0,61.0,24.90887973814803,32.62038818114364,991.0,390.0,601.0,SDD2,solexs
1782669516.0,1782670065.0,1782670311.0,59.0,26.193168619997884,28.446261133729926,795.0,549.0,246.0,SDD2,solexs
1782670810.0,1782670931.0,1782672800.0,77.0,24.551472917326574,43.08320345537889,1990.0,121.0,1869.0,SDD2,solexs
1782674955.0,1782675015.0,1782675101.0,47.0,20.326470277689786,26.458456367790923,146.0,60.0,86.0,SDD2,solexs
1782676566.0,1782676622.0,1782676908.0,58.0,20.38053003906662,37.316137567959224,342.0,56.0,286.0,SDD2,solexs
1782678261.0,1782680268.0,1782681112.0,111.0,25.855664660542708,69.82124461000518,2851.0,2007.0,844.0,SDD2,solexs
1782681661.0,1782682963.0,1782686874.0,463.0,34.477035159961986,290.3145018888503,5213.0,1302.0,3911.0,SDD2,solexs
1782688321.0,1782688920.0,1782688926.0,55.0,27.27885123007074,23.736308766807042,605.0,599.0,6.0,SDD2,solexs
1782690059.0,1782690127.0,1782690810.0,61.0,25.755041706261217,30.75008568485735,751.0,68.0,683.0,SDD2,solexs
1782691786.0,1782693651.0,1782697251.0,206.0,25.755041706261217,137.75128753817626,5465.0,1865.0,3600.0,SDD2,solexs
1782697685.0,1782697706.0,1782697773.0,49.0,24.564565515785024,22.04857467900162,88.0,21.0,67.0,SDD2,solexs
1782700045.0,1782700275.0,1782700765.0,92.0,24.802660753880264,60.34175515321318,720.0,230.0,490.0,SDD2,solexs
1782701287.0,1782702968.0,1782709915.0,181.0,43.68630556435434,103.88027945595738,8628.0,1681.0,6947.0,SDD2,solexs
1782710738.0,1782710840.0,1782712063.0,72.0,26.651567944250864,37.1789390011896,1325.0,102.0,1223.0,SDD2,solexs
1782714096.0,1782714252.0,1782715358.0,54.0,23.43585682610072,27.173437427971827,1262.0,156.0,1106.0,SDD2,solexs
1782716289.0,1782716477.0,1782717558.0,55.0,23.326470277689786,29.32830394590575,1269.0,188.0,1081.0,SDD2,solexs
1782718525.0,1782721577.0,1782723225.0,322.0,103.4217083729279,90.47191626775515,4700.0,3052.0,1648.0,SDD2,solexs
1782723904.0,1782724028.0,1782726564.0,327.0,40.09555485165241,138.29183283366908,2660.0,124.0,2536.0,SDD2,solexs
1782726943.0,1782727276.0,1782728375.0,97.0,35.80266075388026,45.739339230802834,1432.0,333.0,1099.0,SDD2,solexs
1782728964.0,1782729186.0,1782731041.0,73.0,25.70742265864217,37.37400967953631,2077.0,222.0,1855.0,SDD2,solexs
1782732251.0,1782732424.0,1782733561.0,61.0,19.52518213493823,40.665978338635334,1310.0,173.0,1137.0,SDD2,solexs
1782734995.0,1782736454.0,1782737040.0,78.0,18.89789884911836,62.31096483475161,2045.0,1459.0,586.0,SDD2,solexs
1782738178.0,1782738727.0,1782739259.0,46.0,18.06926406926407,29.373257354430145,1081.0,549.0,532.0,SDD2,solexs
1782741414.0,1782741441.0,1782741861.0,47.0,21.516946468165976,24.568358726367045,447.0,27.0,420.0,SDD2,solexs
1782742317.0,1782744405.0,1782747787.0,118.0,28.699503748284236,64.15119722787455,5470.0,2088.0,3382.0,SDD2,solexs
1782748400.0,1782748476.0,1782748604.0,56.0,24.42170837292788,28.57693246969127,204.0,76.0,128.0,SDD2,solexs
1782748977.0,1782749239.0,1782750209.0,56.0,24.61218456340407,28.363081617563775,1232.0,262.0,970.0,SDD2,solexs
1782752374.0,1782752553.0,1782752549.0,48.0,23.42170837292788,22.71210598561641,175.0,179.0,-4.0,SDD2,solexs
1782753472.0,1782757171.0,1782760192.0,266.0,39.44409249287298,137.12471451394168,6720.0,3699.0,3021.0,SDD2,solexs
1782761062.0,1782762413.0,1782763604.0,201.0,34.0407559919755,126.98067337923159,2542.0,1351.0,1191.0,SDD2,solexs
1782764515.0,1782769149.0,1782775041.0,748.0,35.11857248442614,281.64326100092177,10526.0,4634.0,5892.0,SDD2,solexs
1782776600.0,1782777215.0,1782777666.0,98.0,28.08330693696547,59.17479880648125,1066.0,615.0,451.0,SDD2,solexs
1782780090.0,1782782103.0,1782785431.0,705.0,76.6407982261641,223.2293951872037,5341.0,2013.0,3328.0,SDD2,solexs
1782786048.0,1782787126.0,1782788314.0,151.0,35.06155632984901,86.97561726644616,2266.0,1078.0,1188.0,SDD2,solexs
1782789196.0,1782789552.0,1782790614.0,120.0,31.516946468165976,70.48602708479422,1418.0,356.0,1062.0,SDD2,solexs
1782791074.0,1782791883.0,1782793163.0,98.0,27.046246436490335,58.657533665189,2089.0,809.0,1280.0,SDD2,solexs
1782795685.0,1782796664.0,1782796958.0,57.0,25.86923239362263,26.130160144388345,1273.0,979.0,294.0,SDD2,solexs
1782797827.0,1782797923.0,1782798394.0,62.0,27.579611445465098,29.144384039840787,567.0,96.0,471.0,SDD2,solexs
1782800503.0,1782801309.0,1782803664.0,139.0,34.62807517685566,92.06061695606375,3161.0,806.0,2355.0,SDD2,solexs
1782804121.0,1782804976.0,1782806893.0,105.0,27.607010875303555,60.05888785806221,2772.0,855.0,1917.0,SDD2,solexs
1782807921.0,1782807966.0,1782808429.0,52.0,20.08837503959455,31.31464642030084,508.0,45.0,463.0,SDD2,solexs
1782809716.0,1782809665.0,1782809788.0,39.0,20.08837503959455,18.869980033532112,72.0,-51.0,123.0,SDD2,solexs
1782810339.0,1782812112.0,1782813569.0,118.0,21.164290993559284,87.68466822686707,3230.0,1773.0,1457.0,SDD2,solexs
1782814285.0,1782816764.0,1782816972.0,57.0,21.013567733079924,29.272417833105496,2687.0,2479.0,208.0,SDD2,solexs
1782817446.0,1782819452.0,1782821062.0,101.0,30.23123218245169,57.56104999046178,3616.0,2006.0,1610.0,SDD2,solexs
1782822207.0,1782824260.0,1782830915.0,3778.0,56.234082990180546,1463.0025269631988,8708.0,2053.0,6655.0,SDD2,solexs
1782831771.0,1782831961.0,1782833004.0,84.0,32.27885123007074,40.216442748990545,1233.0,190.0,1043.0,SDD2,solexs
1782833595.0,1782833641.0,1782835843.0,130.0,33.15004751346215,76.23517028384819,2248.0,46.0,2202.0,SDD2,solexs
1782836676.0,1782838082.0,1782839218.0,254.0,37.733924611973386,162.8738972079491,2542.0,1406.0,1136.0,SDD2,solexs
1782839917.0,1782840368.0,1782842475.0,228.0,32.18361313483265,154.3642158574258,2558.0,451.0,2107.0,SDD2,solexs
1782843133.0,1782843158.0,1782843372.0,54.0,29.755041706261217,19.87724348178479,239.0,25.0,214.0,SDD2,solexs
1782844114.0,1782845213.0,1782848544.0,205.0,46.75504170626122,126.51514885393895,4430.0,1099.0,3331.0,SDD2,solexs
1782849055.0,1782849507.0,1782851207.0,458.0,46.75504170626122,268.96846234116737,2152.0,452.0,1700.0,SDD2,solexs
1782851900.0,1782852606.0,1782859913.0,7566.0,101.85027980149931,3638.158027321368,8013.0,706.0,7307.0,SDD2,solexs
1782860400.0,1782860349.0,1782860561.0,85.0,52.85027980149931,19.77737052164117,161.0,-51.0,212.0,SDD2,solexs
1782860988.0,1782861504.0,1782865519.0,210.0,37.64750290360047,106.02515898612836,4531.0,516.0,4015.0,SDD2,solexs
1782866090.0,1782867834.0,1782867766.0,69.0,30.374089325308834,28.90875174326276,1676.0,1744.0,-68.0,SDD2,solexs
1782869308.0,1782869754.0,1782871013.0,69.0,28.798437335022697,32.998701279596254,1705.0,446.0,1259.0,SDD2,solexs
1782872172.0,1782872513.0,1782872765.0,49.0,24.850279801499312,21.665137997492334,593.0,341.0,252.0,SDD2,solexs
1782874215.0,1782874411.0,1782874952.0,65.0,22.06208425720621,40.56223171805582,737.0,196.0,541.0,SDD2,solexs
1782875972.0,1782876013.0,1782877194.0,47.0,22.0407559919755,23.77569283610124,1222.0,41.0,1181.0,SDD2,solexs
1782878189.0,1782879944.0,1782880542.0,107.0,31.087371977615877,54.699662549252245,2353.0,1755.0,598.0,SDD2,solexs
1782881087.0,1782881715.0,1782885273.0,395.0,49.27885123007074,220.247332730329,4186.0,628.0,3558.0,SDD2,solexs
1782885808.0,1782885920.0,1782886186.0,81.0,36.23123218245169,33.26201745370415,378.0,112.0,266.0,SDD2,solexs
1782886822.0,1782887219.0,1782889676.0,685.0,36.66339351705205,474.04939131756754,2854.0,397.0,2457.0,SDD2,solexs
1782890436.0,1782891327.0,1782892513.0,952.0,28.510664132615346,754.3644734411256,2077.0,891.0,1186.0,SDD2,solexs
1782893588.0,1782893862.0,1782894883.0,1723.0,27.808573540280854,1426.549408192203,1295.0,274.0,1021.0,SDD2,solexs
1782895701.0,1782896011.0,1782899506.0,209.0,47.42170837292788,137.27768444273744,3805.0,310.0,3495.0,SDD2,solexs
1782899909.0,1782900475.0,1782901760.0,861.0,47.42170837292788,528.3549153627275,1851.0,566.0,1285.0,SDD2,solexs
1782902463.0,1782909819.0,1782910573.0,606.0,92.53716608594658,123.92590614248313,8110.0,7356.0,754.0,SDD2,solexs
1782910908.0,1782911255.0,1782915078.0,487.0,222.5725900116144,67.41958731111696,4170.0,347.0,3823.0,SDD2,solexs
1782915742.0,1782917686.0,1782925289.0,1615.0,107.98780487804878,409.6565313365349,9547.0,1944.0,7603.0,SDD2,solexs
1782925785.0,1782925929.0,1782930134.0,421.0,60.897898849118356,206.36664277664588,4349.0,144.0,4205.0,SDD2,solexs
1782930969.0,1782934995.0,1782942431.0,2177.0,53.516946468165976,430.7377729235358,11462.0,4026.0,7436.0,SDD2,solexs
1782943183.0,1782943471.0,1782943972.0,216.0,93.94551789673741,56.31585702198434,789.0,288.0,501.0,SDD2,solexs
1782944757.0,1782947329.0,1782948973.0,6128.0,96.2530883750396,2427.018645758933,4216.0,2572.0,1644.0,SDD2,solexs
1782949745.0,1782950511.0,1782954305.0,588.0,107.3264702776898,207.49698042448853,4560.0,766.0,3794.0,SDD2,solexs
1782955290.0,1782957366.0,1782963397.0,2726.0,80.70742265864217,1245.818213212872,8107.0,2076.0,6031.0,SDD2,solexs
1782964147.0,1782965675.0,1782967066.0,406.0,78.80260796114455,166.52271313765766,2919.0,1528.0,1391.0,SDD2,solexs
1782967557.0,1782967666.0,1782967916.0,116.0,66.61218456340407,27.061880752029666,359.0,109.0,250.0,SDD2,solexs
1782968221.0,1782968462.0,1782970302.0,502.0,50.567997043606795,258.07656210232716,2081.0,241.0,1840.0,SDD2,solexs
1782971359.0,1782972559.0,1782974919.0,278.0,55.18361313483265,137.26414912610846,3560.0,1200.0,2360.0,SDD2,solexs
1782975317.0,1782975385.0,1782975851.0,119.0,79.89789884911836,19.563538685089515,534.0,68.0,466.0,SDD2,solexs
1782976315.0,1782976976.0,1782979187.0,280.0,76.05965579136311,100.63554129879385,2872.0,661.0,2211.0,SDD2,solexs
1782979857.0,1782980010.0,1782980524.0,135.0,61.85027980149931,41.57720283763348,667.0,153.0,514.0,SDD2,solexs
1782981512.0,1782987987.0,1782991855.0,1945.0,107.71602787456446,684.1146381518091,10343.0,6475.0,3868.0,SDD2,solexs
1782992322.0,1782992537.0,1782993642.0,116.0,66.46932742054693,26.623573298862745,1320.0,215.0,1105.0,SDD2,solexs
1782994576.0,1782994739.0,1782995321.0,126.0,64.56456551578503,34.192969231089066,745.0,163.0,582.0,SDD2,solexs
1782997062.0,1782997871.0,1782999220.0,114.0,62.2563615246542,28.8639960927071,2158.0,809.0,1349.0,SDD2,solexs
1783000216.0,1783000713.0,1783001916.0,101.0,47.31643965790306,33.094456197988634,1700.0,497.0,1203.0,SDD2,solexs
1783004129.0,1783004245.0,1783004525.0,72.0,44.37408932530884,18.54670970638742,396.0,116.0,280.0,SDD2,solexs
1783005631.0,1783007716.0,1783008268.0,108.0,52.98516524126279,31.953456849063098,2637.0,2085.0,552.0,SDD2,solexs
1783009062.0,1783009688.0,1783011314.0,114.0,60.98183929891247,29.274396114962432,2252.0,626.0,1626.0,SDD2,solexs
1783012548.0,1783013465.0,1783013982.0,100.0,56.95048041389504,25.307621141056032,1434.0,917.0,517.0,SDD2,solexs
1783015670.0,1783015555.0,1783015879.0,90.0,58.97550417062611,18.078809541570823,209.0,-115.0,324.0,SDD2,solexs
1783016624.0,1783017581.0,1783018118.0,129.0,64.46932742054693,35.942196958657405,1494.0,957.0,537.0,SDD2,solexs
1783019072.0,1783019075.0,1783019378.0,124.0,84.37408932530884,19.2925531260399,306.0,3.0,303.0,SDD2,solexs
1783019899.0,1783023095.0,1783028105.0,365.0,121.05923344947736,70.70512516982456,8206.0,3196.0,5010.0,SDD2,solexs
1783028539.0,1783028786.0,1783030288.0,166.0,83.61218456340409,39.75453838189405,1749.0,247.0,1502.0,SDD2,solexs
1783030757.0,1783031112.0,1783032167.0,168.0,83.61218456340409,41.272422141727105,1410.0,355.0,1055.0,SDD2,solexs
1783032681.0,1783033935.0,1783038915.0,684.0,86.11772780065462,269.8081923045488,6234.0,1254.0,4980.0,SDD2,solexs
1783039274.0,1783039659.0,1783041334.0,174.0,33.06884172737831,99.08018027869981,2060.0,385.0,1675.0,SDD2,solexs
1783042021.0,1783042108.0,1783042124.0,56.0,31.374089325308834,19.661730242134023,103.0,87.0,16.0,SDD2,solexs
1783042723.0,1783043571.0,1783044634.0,86.0,33.76317178756203,40.62266757610468,1911.0,848.0,1063.0,SDD2,solexs
1783045520.0,1783046061.0,1783049190.0,179.0,38.44768239890191,101.8382769444532,3670.0,541.0,3129.0,SDD2,solexs
1783049736.0,1783050667.0,1783051682.0,79.0,34.8901911097033,33.49436989779484,1946.0,931.0,1015.0,SDD2,solexs
1783052751.0,1783054458.0,1783059140.0,235.0,65.0213282652307,86.24729012342804,6389.0,1707.0,4682.0,SDD2,solexs
1783059662.0,1783059749.0,1783060121.0,100.0,56.516946468165976,25.866977615128963,459.0,87.0,372.0,SDD2,solexs
1783060494.0,1783061246.0,1783062734.0,136.0,56.56456551578503,47.25414704712359,2240.0,752.0,1488.0,SDD2,solexs
1783064136.0,1783065912.0,1783068148.0,159.0,67.94551789673741,49.419570293989814,4012.0,1776.0,2236.0,SDD2,solexs
1783069094.0,1783076863.0,1783079928.0,471.0,179.29484742899376,96.09924629505996,10834.0,7769.0,3065.0,SDD2,solexs
1783080247.0,1783080306.0,1783080667.0,176.0,120.08837503959455,22.81742480842549,420.0,59.0,361.0,SDD2,solexs
1783081249.0,1783084431.0,1783087695.0,974.0,112.0407559919755,359.05495294291006,6446.0,3182.0,3264.0,SDD2,solexs
1783088104.0,1783089212.0,1783093186.0,294.0,82.65399641009398,103.22549427370605,5082.0,1108.0,3974.0,SDD2,solexs
1783093717.0,1783093843.0,1783093898.0,114.0,71.65980361102312,22.36814962334922,181.0,126.0,55.0,SDD2,solexs
1783094829.0,1783097312.0,1783098982.0,323.0,95.85027980149931,103.7601310342216,4153.0,2483.0,1670.0,SDD2,solexs
1783099404.0,1783102227.0,1783105876.0,4693.0,248.9753985851547,1542.2805783165156,6472.0,2823.0,3649.0,SDD2,solexs
1783106465.0,1783107024.0,1783108558.0,585.0,324.09016999260893,61.43512032668011,2093.0,559.0,1534.0,SDD2,solexs
1783108872.0,1783109322.0,1783117386.0,917.0,182.51694646816597,194.24822337461572,8514.0,450.0,8064.0,SDD2,solexs
1783117727.0,1783118099.0,1783120345.0,419.0,70.0091859360152,158.12418462695854,2618.0,372.0,2246.0,SDD2,solexs
1783122053.0,1783124614.0,1783126424.0,1505.0,150.17717242107483,395.04813112898427,4371.0,2561.0,1810.0,SDD2,solexs
1783126806.0,1783127576.0,1783132888.0,1386.0,191.80266075388025,385.62375856540285,6082.0,770.0,5312.0,SDD2,solexs
1783133247.0,1783136556.0,1783139180.0,2875.0,113.11350438179707,928.7697970511498,5933.0,3309.0,2624.0,SDD2,solexs
1783140087.0,1783142104.0,1783149303.0,874.0,87.7517685566466,269.5790660053998,9216.0,2017.0,7199.0,SDD2,solexs
1783150192.0,1783152378.0,1783154296.0,1144.0,147.61218456340407,366.69288270238377,4104.0,2186.0,1918.0,SDD2,solexs
1783154631.0,1783155155.0,1783156573.0,610.0,126.37408932530884,185.1105944646977,1942.0,524.0,1418.0,SDD2,solexs
1783157091.0,1783158943.0,1783159874.0,344.0,139.59507971703096,71.14517603953549,2783.0,1852.0,931.0,SDD2,solexs
1783160225.0,1783160439.0,1783162748.0,353.0,195.56435434484217,47.17389358579829,2523.0,214.0,2309.0,SDD2,solexs
1783163168.0,1783163528.0,1783167417.0,2295.0,177.81607010875302,686.0583628332871,4249.0,360.0,3889.0,SDD2,solexs
1783167882.0,1783168924.0,1783170772.0,280.0,154.1945940238623,47.05527765014135,2890.0,1042.0,1848.0,SDD2,solexs
1783171131.0,1783173054.0,1783186506.0,2314.0,123.4217083729279,745.5739756539974,15375.0,1923.0,13452.0,SDD2,solexs
1783187064.0,1783187655.0,1783189873.0,246.0,102.01197755188886,61.43849554004334,2809.0,591.0,2218.0,SDD2,solexs
1783190331.0,1783202759.0,1783207624.0,250000.0,97.16682504487383,68760.59884492282,17293.0,12428.0,4865.0,SDD2,solexs
1783207942.0,1783208956.0,1783210899.0,545.0,99.45634040755992,183.28995402353388,2957.0,1014.0,1943.0,SDD2,solexs
1783211222.0,1783211510.0,1783213111.0,890.0,83.41341991341992,394.03707440069593,1889.0,288.0,1601.0,SDD2,solexs
1783213843.0,1783214470.0,1783216312.0,459.0,89.51309259845846,182.85628250359332,2469.0,627.0,1842.0,SDD2,solexs
1783217315.0,1783217762.0,1783220466.0,179.0,65.01161440185831,58.324409370073816,3151.0,447.0,2704.0,SDD2,solexs
1783221394.0,1783221794.0,1783223869.0,169.0,56.09434061873086,68.26649126589207,2475.0,400.0,2075.0,SDD2,solexs
1783224359.0,1783225913.0,1783228630.0,828.0,55.75504170626122,440.7890432206112,4271.0,1554.0,2717.0,SDD2,solexs
1783228975.0,1783229989.0,1783231608.0,1905.0,118.4106746911625,754.3536932402839,2633.0,1014.0,1619.0,SDD2,solexs
1783232067.0,1783232341.0,1783235174.0,381.0,81.82562559391828,107.2878467574677,3107.0,274.0,2833.0,SDD2,solexs
1783235564.0,1783236373.0,1783239363.0,645.0,66.75504170626122,316.50809128612025,3799.0,809.0,2990.0,SDD2,solexs
1783239806.0,1783239986.0,1783240666.0,198.0,60.85027980149931,78.62825437221504,860.0,180.0,680.0,SDD2,solexs
1783241169.0,1783243652.0,1783247418.0,286.0,93.94551789673741,90.68286971720228,6249.0,2483.0,3766.0,SDD2,solexs
1783248319.0,1783250152.0,1783252225.0,1102.0,94.25868440502586,377.6848642951024,3906.0,1833.0,2073.0,SDD2,solexs
1783252547.0,1783252873.0,1783255402.0,521.0,83.627072114877,201.65031824872196,2855.0,326.0,2529.0,SDD2,solexs
1783256033.0,1783256295.0,1783258769.0,440.0,62.72716714180129,198.45630916429545,2736.0,262.0,2474.0,SDD2,solexs
1783259402.0,1783262074.0,1783263620.0,209.0,68.7280118255728,73.83574173311521,4218.0,2672.0,1546.0,SDD2,solexs
1783264127.0,1783269136.0,1783272130.0,860.0,167.56145074437757,235.3760580518496,8003.0,5009.0,2994.0,SDD2,solexs
1783272562.0,1783274255.0,1783276046.0,4058.0,115.32889874353289,1665.1817993735865,3484.0,1693.0,1791.0,SDD2,solexs
1783276464.0,1783278400.0,1783281258.0,950.0,100.49614613029247,329.46806330850274,4794.0,1936.0,2858.0,SDD2,solexs
1783282123.0,1783282638.0,1783284267.0,380.0,62.696230598669615,163.02669873438683,2144.0,515.0,1629.0,SDD2,solexs
1783284779.0,1783286540.0,1783289177.0,560.0,68.3264702776898,266.0096138201917,4398.0,1761.0,2637.0,SDD2,solexs
1783289531.0,1783292155.0,1783293045.0,214.0,78.14528560870023,83.57777311116563,3514.0,2624.0,890.0,SDD2,solexs
1783293781.0,1783295069.0,1783296119.0,124.0,54.33533945729068,41.73802494701666,2338.0,1288.0,1050.0,SDD2,solexs
1783296537.0,1783296651.0,1783297131.0,119.0,56.43036638158589,37.22980039886641,594.0,114.0,480.0,SDD2,solexs
1783297473.0,1783297537.0,1783297717.0,88.0,56.42170837292788,18.800981109115682,244.0,64.0,180.0,SDD2,solexs
1783298184.0,1783298681.0,1783301634.0,311.0,58.26164079822615,150.47454666064894,3450.0,497.0,2953.0,SDD2,solexs
1783302545.0,1783304261.0,1783305622.0,523.0,59.326470277689786,268.53407782941287,3077.0,1716.0,1361.0,SDD2,solexs
1783305942.0,1783306828.0,1783308499.0,387.0,86.77594762960616,129.99780414229286,2557.0,886.0,1671.0,SDD2,solexs
1783308842.0,1783309227.0,1783311094.0,189.0,73.8664343786295,57.11210588889036,2252.0,385.0,1867.0,SDD2,solexs
1783311618.0,1783312753.0,1783313292.0,122.0,72.0407559919755,25.966757989298095,1674.0,1135.0,539.0,SDD2,solexs
1783313895.0,1783314668.0,1783317938.0,314.0,79.7536163023968,116.22764490612099,4043.0,773.0,3270.0,SDD2,solexs
1783318309.0,1783318775.0,1783319450.0,133.0,66.18361313483265,36.73015395301581,1141.0,466.0,675.0,SDD2,solexs
1783320130.0,1783323866.0,1783328983.0,353.0,120.54434589800445,76.4712865342501,8853.0,3736.0,5117.0,SDD2,solexs
1783329532.0,1783330184.0,1783332600.0,151.0,71.02681870974554,37.968420886509456,3068.0,652.0,2416.0,SDD2,solexs
1783334696.0,1783335060.0,1783336798.0,115.0,55.05142012459085,34.696026032351256,2102.0,364.0,1738.0,SDD2,solexs
1783339045.0,1783340465.0,1783340464.0,238070.0,46.897898849118356,155438.0774406417,1419.0,1420.0,-1.0,SDD2,solexs
1783341405.0,1783342403.0,1783343029.0,88.0,47.57850279801499,25.687166726101616,1624.0,998.0,626.0,SDD2,solexs
1783343605.0,1783343663.0,1783343787.0,86.0,56.528455284552834,17.540371796489104,182.0,58.0,124.0,SDD2,solexs
1783344620.0,1783344876.0,1783344910.0,94.0,56.707422658642166,22.147129360308472,290.0,256.0,34.0,SDD2,solexs
1783345290.0,1783346062.0,1783346922.0,148.0,59.46932742054693,51.34075465593693,1632.0,772.0,860.0,SDD2,solexs
1783347489.0,1783347852.0,1783352122.0,140.0,61.956076443881315,39.20243270204136,4633.0,363.0,4270.0,SDD2,solexs
1783353091.0,1783354499.0,1783358477.0,94.0,46.85027980149931,29.433064321126782,5386.0,1408.0,3978.0,SDD2,solexs
1783359765.0,1783360189.0,1783362061.0,102.0,39.42170837292788,45.80508094626429,2296.0,424.0,1872.0,SDD2,solexs
1783362575.0,1783363027.0,1783364338.0,164.0,39.45127230493084,88.71285840941347,1763.0,452.0,1311.0,SDD2,solexs
1783365093.0,1783365449.0,1783368216.0,144.0,62.24263541336712,41.8673024561746,3123.0,356.0,2767.0,SDD2,solexs
1783369733.0,1783370671.0,1783371080.0,74.0,40.47993876042656,23.620074513183976,1347.0,938.0,409.0,SDD2,solexs
1783375141.0,1783375355.0,1783376113.0,82.0,39.195861049519586,30.868631940207784,972.0,214.0,758.0,SDD2,solexs
1783376520.0,1783376534.0,1783376768.0,66.0,39.1359940872136,19.20426045281599,248.0,14.0,234.0,SDD2,solexs
1783377485.0,1783379620.0,1783380981.0,81.0,39.1359940872136,28.885786288781624,3496.0,2135.0,1361.0,SDD2,solexs
1783382898.0,1783383236.0,1783383503.0,68.0,34.89789884911836,25.059414487612433,605.0,338.0,267.0,SDD2,solexs
1783384837.0,1783384999.0,1783385102.0,62.0,34.89789884911836,20.517210769475643,265.0,162.0,103.0,SDD2,solexs
1783386707.0,1783386813.0,1783387753.0,67.0,29.619258789990496,30.002052822087492,1046.0,106.0,940.0,SDD2,solexs
1783388834.0,1783388980.0,1783389590.0,60.0,24.326470277689786,32.34607070278286,756.0,146.0,610.0,SDD2,solexs
1783391209.0,1783391367.0,1783392185.0,59.0,24.051208953647976,31.61546645135487,976.0,158.0,818.0,SDD2,solexs
1783393634.0,1783393661.0,1783394253.0,38.0,16.721201562664977,22.572612968857538,619.0,27.0,592.0,SDD2,solexs
1783395401.0,1783395551.0,1783396493.0,54.0,16.0407559919755,42.03542340542929,1092.0,150.0,942.0,SDD2,solexs
1783406630.0,1783406939.0,1783407377.0,33.0,15.148822721993453,20.562168051173085,747.0,309.0,438.0,SDD2,solexs
1783409045.0,1783409796.0,1783410418.0,49.0,23.080825678386653,24.04599781765256,1373.0,751.0,622.0,SDD2,solexs
1783411684.0,1783411787.0,1783412377.0,58.0,31.450902755780803,21.473181260573803,693.0,103.0,590.0,SDD2,solexs
1783416298.0,1783416377.0,1783417050.0,49.0,22.61218456340407,24.516164088679385,752.0,79.0,673.0,SDD2,solexs
1783418284.0,1783418400.0,1783418521.0,39.0,20.889874353288985,17.71952536834873,237.0,116.0,121.0,SDD2,solexs
1783419684.0,1783419746.0,1783420351.0,38.0,16.774522225741734,23.027412393452458,667.0,62.0,605.0,SDD2,solexs
1783426009.0,1783426309.0,1783426872.0,55.0,15.421708372927885,45.07189302825001,863.0,300.0,563.0,SDD2,solexs
1783429079.0,1783429180.0,1783429413.0,43.0,16.802660753880264,28.58137725638865,334.0,101.0,233.0,SDD2,solexs
1783433723.0,1783433982.0,1783435169.0,2964.0,17.659803611023122,3227.339303543138,1446.0,259.0,1187.0,SDD2,solexs
1783436704.0,1783436737.0,1783438158.0,54.0,25.31844578186041,24.18454332999289,1454.0,33.0,1421.0,SDD2,solexs
1783438703.0,1783438713.0,1783439120.0,50.0,22.135994087213597,26.485552465896156,417.0,10.0,407.0,SDD2,solexs
1783439865.0,1783440017.0,1783441312.0,41.0,16.34922394678492,25.481409082546367,1447.0,152.0,1295.0,SDD2,solexs
1783443222.0,1783443241.0,1783443305.0,34.0,13.005543237250553,25.999274096235844,83.0,19.0,64.0,SDD2,solexs
1783447989.0,1783447988.0,1783448052.0,22.0,9.51694646816598,18.09618458623703,63.0,-1.0,64.0,SDD2,solexs
1783457938.0,1783458012.0,1783458182.0,27.0,9.134938232499206,26.324921035220708,244.0,74.0,170.0,SDD2,solexs
1783464433.0,1783464600.0,1783465082.0,63.0,7.993136944356454,87.0108176115914,649.0,167.0,482.0,SDD2,solexs
1783496240.0,1783496489.0,1783498665.0,37.0,8.441452856087,44.0743854212539,2425.0,249.0,2176.0,SDD2,solexs
1783503959.0,1783504460.0,1783505768.0,88.0,9.027029880688415,119.54114715943989,1809.0,501.0,1308.0,SDD2,solexs
1783506901.0,1783507273.0,1783508484.0,33.0,9.51694646816598,34.12793408106058,1583.0,372.0,1211.0,SDD2,solexs
1783509790.0,1783509968.0,1783510194.0,34.0,9.51694646816598,35.49210574295259,404.0,178.0,226.0,SDD2,solexs
1783510779.0,1783510996.0,1783510960.0,24.0,10.36511456023651,18.67708506652637,181.0,217.0,-36.0,SDD2,solexs
1783511844.0,1783511889.0,1783511966.0,39.0,11.135994087213597,37.34169742586763,122.0,45.0,77.0,SDD2,solexs
1783513847.0,1783514091.0,1783514949.0,36.0,12.421708372927885,29.958417239085172,1102.0,244.0,858.0,SDD2,solexs
1783516221.0,1783516278.0,1783516426.0,40.0,13.088375039594549,33.26687866608398,205.0,57.0,148.0,SDD2,solexs
1783520282.0,1783520692.0,1783521559.0,46.0,14.9633090486749,35.04532357803158,1277.0,410.0,867.0,SDD2,solexs
1783526347.0,1783526485.0,1783526609.0,30.0,10.659803611023122,26.491178307287434,262.0,138.0,124.0,SDD2,solexs
1783527993.0,1783528483.0,1783528969.0,30.0,11.299334811529931,24.88600668812523,976.0,490.0,486.0,SDD2,solexs
1783533172.0,1783533401.0,1783536134.0,921.0,15.183613134832644,1329.866558384533,2962.0,229.0,2733.0,SDD2,solexs
1783537315.0,1783537411.0,1783538891.0,33.0,11.42455918065674,25.39836796094195,1576.0,96.0,1480.0,SDD2,solexs
1783552193.0,1783552286.0,1783552912.0,25.0,6.9928201879421374,28.695413776990492,719.0,93.0,626.0,SDD2,solexs
1783556525.0,1783556416.0,1783556976.0,20.0,6.7134410305142,23.824597891234188,451.0,-109.0,560.0,SDD2,solexs
1783563851.0,1783564042.0,1783567462.0,653.0,8.739837398373982,1145.5011767954693,3611.0,191.0,3420.0,SDD2,solexs
1783568336.0,1783568288.0,1783568466.0,15.0,5.199239784605636,19.0819323098223,130.0,-48.0,178.0,SDD2,solexs
1783570254.0,1783570292.0,1783570398.0,23.0,4.707422658642169,37.70494408029772,144.0,38.0,106.0,SDD2,solexs
1783573656.0,1783573738.0,1783574054.0,18.0,4.46932742054693,28.62287782207481,398.0,82.0,316.0,SDD2,solexs
1783580022.0,1783581079.0,1783584193.0,113.0,14.929468905078659,143.59711302020304,4171.0,1057.0,3114.0,SDD2,solexs
1783604258.0,1783605019.0,1783605441.0,26.0,5.516946468165978,38.999614383626856,1183.0,761.0,422.0,SDD2,solexs
1783611644.0,1783611945.0,1783612555.0,21.0,5.277531411677751,30.768519231575638,911.0,301.0,610.0,SDD2,solexs
1783640856.0,1783640874.0,1783641002.0,18.0,4.9570267131242725,26.244934124202015,146.0,18.0,128.0,SDD2,solexs
1783651382.0,1783651363.0,1783651597.0,20.0,7.707422658642169,19.801740259419283,215.0,-19.0,234.0,SDD2,solexs
1783660584.0,1783660845.0,1783660846.0,17.0,5.619047619047617,21.290238772574387,262.0,261.0,1.0,SDD2,solexs
1783693893.0,1783695666.0,1783700447.0,290.0,19.435645655157845,244.0464084457295,6554.0,1773.0,4781.0,SDD2,solexs
1783725963.0,1783726091.0,1783726312.0,30.0,5.850279801499312,44.6517806236784,349.0,128.0,221.0,SDD2,solexs
1783729073.0,1783729100.0,1783729145.0,25.0,6.184668989547037,33.827395428851055,72.0,27.0,45.0,SDD2,solexs
1783740938.0,1783741060.0,1783741680.0,36.0,5.993136944356454,54.81614540997047,742.0,122.0,620.0,SDD2,solexs
1783744651.0,1783744687.0,1783744798.0,18.0,5.897898849118359,22.285742919217004,147.0,36.0,111.0,SDD2,solexs
1783747578.0,1783747803.0,1783748306.0,32.0,6.639108858621052,43.64727668275031,728.0,225.0,503.0,SDD2,solexs
1783775932.0,1783776389.0,1783777212.0,40.0,5.740365325731178,64.13243178347113,1280.0,457.0,823.0,SDD2,solexs
1783779105.0,1783779309.0,1783779831.0,24.0,7.454123112659696,26.714070375870122,726.0,204.0,522.0,SDD2,solexs
1783791525.0,1783792044.0,1783792524.0,21.0,6.957185091331431,23.47488595705551,999.0,519.0,480.0,SDD2,solexs
1783800399.0,1783800734.0,1783802120.0,34.0,7.604687994931895,42.738944839061475,1721.0,335.0,1386.0,SDD2,solexs
1783816393.0,1783817821.0,1783823328.0,312.0,33.36822933164396,324.8658716297297,6935.0,1428.0,5507.0,SDD2,solexs
1783824432.0,1783824602.0,1783824857.0,42.0,19.38681237461725,22.8710995192333,425.0,170.0,255.0,SDD2,solexs
1783827115.0,1783827498.0,1783827615.0,33.0,14.467110125646709,22.03501676533308,500.0,383.0,117.0,SDD2,solexs
1783832836.0,1783832948.0,1783833356.0,29.0,9.721254355400696,27.029548230663316,520.0,112.0,408.0,SDD2,solexs
1783841019.0,1783843802.0,1783849055.0,646.0,41.625805089219725,176.46247743760617,8036.0,2783.0,5253.0,SDD2,solexs
1783863528.0,1783863508.0,1783863748.0,21.0,7.08837503959455,23.367890836236832,220.0,-20.0,240.0,SDD2,solexs
1783864198.0,1783864626.0,1783866437.0,121.0,9.688311688311686,166.73168968972902,2239.0,428.0,1811.0,SDD2,solexs
1783870116.0,1783870332.0,1783871802.0,39.0,8.326470277689788,47.53880763461552,1686.0,216.0,1470.0,SDD2,solexs
1783876249.0,1783876501.0,1783877683.0,31.0,7.231232182451692,39.528971355323634,1434.0,252.0,1182.0,SDD2,solexs
1783880925.0,1783881194.0,1783881388.0,23.0,6.831485587583147,27.537411742894168,463.0,269.0,194.0,SDD2,solexs
1783886172.0,1783886329.0,1783886955.0,29.0,7.328212437968533,36.132152923206746,783.0,157.0,626.0,SDD2,solexs
1783890323.0,1783890582.0,1783890583.0,25.0,10.239151092809628,20.23527286547618,260.0,259.0,1.0,SDD2,solexs
1783896699.0,1783897797.0,1783899949.0,43.0,9.29701193115827,49.02897592786341,3250.0,1098.0,2152.0,SDD2,solexs
1783931953.0,1783932014.0,1783932060.0,18.0,4.897898849118359,26.475918762162713,107.0,61.0,46.0,SDD2,solexs
1783941891.0,1783942517.0,1783943046.0,27.0,8.821138211382113,27.015903368138204,1155.0,626.0,529.0,SDD2,solexs
1783957712.0,1783957894.0,1783958718.0,27.0,6.224474712279589,38.12140734011397,1006.0,182.0,824.0,SDD2,solexs
1783964332.0,1783964767.0,1783965838.0,60.0,9.343997465948686,77.16900052007502,1506.0,435.0,1071.0,SDD2,solexs
1783966669.0,1783966776.0,1783969381.0,48.0,14.231232182451691,40.03215409639797,2712.0,107.0,2605.0,SDD2,solexs
1783970504.0,1783970526.0,1783970766.0,23.0,8.16967585260268,22.84959156413965,262.0,22.0,240.0,SDD2,solexs
1783975564.0,1783975804.0,1783976316.0,22.0,6.1708372927885105,28.57791070012077,752.0,240.0,512.0,SDD2,solexs
1783982989.0,1783982992.0,1783983132.0,21.0,4.993136944356454,32.020150394829685,143.0,3.0,140.0,SDD2,solexs
1783990006.0,1783990965.0,1783991585.0,23.0,5.949741315594973,29.68772056955009,1579.0,959.0,620.0,SDD2,solexs
1784010350.0,1784010792.0,1784011004.0,19.0,4.7257945306725775,29.031221679479962,654.0,442.0,212.0,SDD2,solexs
1784022907.0,1784022971.0,1784023207.0,64.0,5.08235666772252,117.61444688796243,300.0,64.0,236.0,SDD2,solexs
1784083419.0,1784085540.0,1784086986.0,45.0,15.535635096610704,29.797842440344557,3567.0,2121.0,1446.0,SDD2,solexs
1784093655.0,1784093872.0,1784095299.0,34.0,10.011614401858303,30.44874325548361,1644.0,217.0,1427.0,SDD2,solexs
1784104695.0,1784105170.0,1784106337.0,149.0,5.4090381163551875,288.26752019743,1642.0,475.0,1167.0,SDD2,solexs
1784139031.0,1784139297.0,1784140323.0,56.0,4.651884700665187,105.85734052253295,1292.0,266.0,1026.0,SDD2,solexs
1784146809.0,1784152329.0,1784155238.0,458.0,121.61218456340409,95.90463881251661,8429.0,5520.0,2909.0,SDD2,solexs
1784156008.0,1784156434.0,1784161672.0,175.0,37.1554218139584,63.669162433287795,5664.0,426.0,5238.0,SDD2,solexs
1784236673.0,1784237702.0,1784239371.0,286.0,10.407031992397844,416.77371949161886,2698.0,1029.0,1669.0,SDD2,solexs
1784244947.0,1784246607.0,1784248600.0,76.0,17.009080350543762,55.393615980500634,3653.0,1660.0,1993.0,SDD2,solexs
1784259693.0,1784260167.0,1784260840.0,15.0,3.1359940872135974,29.961167648686857,1147.0,474.0,673.0,SDD2,solexs
1784337327.0,1784337617.0,1784342610.0,90.0,14.156583254144227,166.77960194189708,5283.0,290.0,4993.0,SDD2,solexs
1784346177.0,1784346361.0,1784346869.0,28.0,8.659803611023122,29.391507115683954,692.0,184.0,508.0,SDD2,solexs
1784347197.0,1784347522.0,1784349193.0,93.0,8.77288565093443,111.79444136935975,1996.0,325.0,1671.0,SDD2,solexs
1784367056.0,1784368063.0,1784369024.0,48.0,12.40629289409777,44.812623383108004,1968.0,1007.0,961.0,SDD2,solexs
1784370148.0,1784370361.0,1784370809.0,44.0,13.56171470805617,36.50287085456218,661.0,213.0,448.0,SDD2,solexs
1784376834.0,1784376895.0,1784377718.0,30.0,11.256678281068524,25.442436184015488,884.0,61.0,823.0,SDD2,solexs
1784379959.0,1784380726.0,1784381199.0,39.0,15.58483792630134,25.974996828868118,1240.0,767.0,473.0,SDD2,solexs
1784382623.0,1784382714.0,1784383335.0,40.0,15.959771935381692,26.44597867003034,712.0,91.0,621.0,SDD2,solexs
1784389707.0,1784391413.0,1784393688.0,71.0,20.135835709006436,44.57409238053228,3981.0,1706.0,2275.0,SDD2,solexs
1784395455.0,1784395684.0,1784397081.0,51.0,14.968746700454016,38.231488018315275,1626.0,229.0,1397.0,SDD2,solexs
1784410997.0,1784411545.0,1784413290.0,65.0,10.377784816809205,83.08040635577669,2293.0,548.0,1745.0,SDD2,solexs
1784420082.0,1784420578.0,1784421009.0,28.0,10.056910569105689,25.19196255093106,927.0,496.0,431.0,SDD2,solexs
1784423139.0,1784423100.0,1784423558.0,27.0,10.421708372927883,22.689084992801973,419.0,-39.0,458.0,SDD2,solexs
1784436465.0,1784436670.0,1784436789.0,29.0,9.89789884911836,27.15342596845824,324.0,205.0,119.0,SDD2,solexs
1784444850.0,1784444813.0,1784445536.0,27.0,11.737831274416639,20.621410643974873,686.0,-37.0,723.0,SDD2,solexs
1784485727.0,1784488138.0,1784490698.0,74.0,17.639320029563933,46.91023918253459,4971.0,2411.0,2560.0,SDD2,solexs
1784492811.0,1784492873.0,1784492958.0,31.0,13.612184563404075,21.076384121544244,147.0,62.0,85.0,SDD2,solexs
1784501636.0,1784501931.0,1784502375.0,34.0,14.822352444303664,22.471071750906635,739.0,295.0,444.0,SDD2,solexs
1784505357.0,1784505517.0,1784506254.0,45.0,13.70742265864217,37.798836342015115,897.0,160.0,737.0,SDD2,solexs
1784508516.0,1784508610.0,1784509243.0,32.0,13.326470277689786,22.876198039244986,727.0,94.0,633.0,SDD2,solexs
1784511738.0,1784512457.0,1784512738.0,29.0,11.53236194699609,23.333338052591444,1000.0,719.0,281.0,SDD2,solexs
1784513686.0,1784513773.0,1784513938.0,30.0,11.183613134832644,25.162869407832368,252.0,87.0,165.0,SDD2,solexs
1784514733.0,1784514861.0,1784515114.0,29.0,12.277531411677751,21.70195301375831,381.0,128.0,253.0,SDD2,solexs
1784515419.0,1784515537.0,1784515766.0,34.0,14.511297645443985,22.91666446730499,347.0,118.0,229.0,SDD2,solexs
1784516309.0,1784516361.0,1784516640.0,42.0,17.69728645338401,25.91926888222493,331.0,52.0,279.0,SDD2,solexs
1784521162.0,1784521166.0,1784521393.0,30.0,13.850279801499312,19.17362091269305,231.0,4.0,227.0,SDD2,solexs
1784523294.0,1784523869.0,1784524056.0,41.0,14.123112659698023,31.596551963049926,762.0,575.0,187.0,SDD2,solexs
1784529538.0,1784529634.0,1784530014.0,48.0,17.700137261112868,31.7510263739974,476.0,96.0,380.0,SDD2,solexs
1784531365.0,1784531483.0,1784531978.0,40.0,16.08837503959455,26.3427372455773,613.0,118.0,495.0,SDD2,solexs
1784533400.0,1784533588.0,1784534687.0,84.0,16.21206841938549,75.58076605954727,1287.0,188.0,1099.0,SDD2,solexs
1784535207.0,1784535267.0,1784536030.0,50.0,20.0407559919755,29.928765114819765,823.0,60.0,763.0,SDD2,solexs
1784536633.0,1784538932.0,1784539444.0,69.0,20.0407559919755,52.51618023886769,2811.0,2299.0,512.0,SDD2,solexs
1784541706.0,1784542358.0,1784542598.0,53.0,18.13958399324253,36.16557019955085,892.0,652.0,240.0,SDD2,solexs
1784545480.0,1784545896.0,1784547269.0,51.0,18.654577130186887,31.377857032567093,1789.0,416.0,1373.0,SDD2,solexs
1784549625.0,1784551388.0,1784552639.0,135.0,25.30081300813008,87.2959961078825,3014.0,1763.0,1251.0,SDD2,solexs
1784553435.0,1784554002.0,1784555930.0,127.0,50.0196916904234,53.04649988918908,2495.0,567.0,1928.0,SDD2,solexs
1784556668.0,1784557274.0,1784557602.0,104.0,50.37408932530884,33.78983525172976,934.0,606.0,328.0,SDD2,solexs
1784557945.0,1784558217.0,1784560312.0,1919.0,37.94847428993771,1151.4642284860763,2367.0,272.0,2095.0,SDD2,solexs
1784560620.0,1784560810.0,1784563445.0,442.0,19.344208636891562,315.59227596888627,2825.0,190.0,2635.0,SDD2,solexs
1784563804.0,1784564093.0,1784564342.0,45.0,18.421708372927885,27.6934529341637,538.0,289.0,249.0,SDD2,solexs
1784565092.0,1784565431.0,1784566259.0,50.0,18.421708372927885,32.9032409300851,1167.0,339.0,828.0,SDD2,solexs
1784566947.0,1784567850.0,1784570637.0,159.0,19.802660753880264,135.2807548584508,3690.0,903.0,2787.0,SDD2,solexs
1784571671.0,1784572636.0,1784573125.0,40.0,16.546721571111814,25.96277217374202,1454.0,965.0,489.0,SDD2,solexs
1784574732.0,1784575210.0,1784577428.0,713.0,16.989335867384646,772.8999982508489,2696.0,478.0,2218.0,SDD2,solexs
1784579168.0,1784579109.0,1784579328.0,32.0,15.183613134832644,19.300125044728585,160.0,-59.0,219.0,SDD2,solexs
1784580774.0,1784580921.0,1784581212.0,37.0,15.202090592334493,25.01740597756063,438.0,147.0,291.0,SDD2,solexs
1784582440.0,1784583658.0,1784585474.0,124.0,22.63477985429205,98.19263196864559,3034.0,1218.0,1816.0,SDD2,solexs
1784585839.0,1784586299.0,1784588762.0,2492.0,31.61218456340407,2146.4233159139835,2923.0,460.0,2463.0,SDD2,solexs
1784589139.0,1784589863.0,1784592064.0,459.0,31.61218456340407,339.9459566079283,2925.0,724.0,2201.0,SDD2,solexs
1784592508.0,1784593224.0,1784594120.0,94.0,23.802660753880264,64.34619864673338,1612.0,716.0,896.0,SDD2,solexs
1784594625.0,1784595028.0,1784596533.0,385.0,24.259845845211697,330.67147371088316,1908.0,403.0,1505.0,SDD2,solexs
1784596947.0,1784597414.0,1784600269.0,112.0,38.94551789673741,52.35198128628327,3322.0,467.0,2855.0,SDD2,solexs
1784600783.0,1784601201.0,1784602959.0,69.0,22.541547883011297,39.40515565563835,2176.0,418.0,1758.0,SDD2,solexs
1784605667.0,1784606705.0,1784608061.0,238.0,24.021328265230704,200.85626579195312,2394.0,1038.0,1356.0,SDD2,solexs
1784608894.0,1784609126.0,1784611693.0,71.0,21.43279484742899,36.57985122874905,2799.0,232.0,2567.0,SDD2,solexs
1784617168.0,1784617249.0,1784617287.0,31.0,13.04218139583993,22.25144370569219,119.0,81.0,38.0,SDD2,solexs
1784618953.0,1784619099.0,1784619597.0,37.0,12.993136944356454,29.784711994332273,644.0,146.0,498.0,SDD2,solexs
1784622288.0,1784622927.0,1784623719.0,51.0,14.703832752613238,42.70011741948139,1431.0,639.0,792.0,SDD2,solexs
1784626291.0,1784627530.0,1784632245.0,391.0,32.70773941505649,301.80952399088386,5954.0,1239.0,4715.0,SDD2,solexs
1784633891.0,1784634107.0,1784635363.0,230.0,27.946784922394677,173.615816196582,1472.0,216.0,1256.0,SDD2,solexs
1784635880.0,1784636044.0,1784636035.0,57.0,29.993136944356454,22.053534067995102,155.0,164.0,-9.0,SDD2,solexs
1784637136.0,1784637411.0,1784637888.0,55.0,29.993136944356454,20.420354085369418,752.0,275.0,477.0,SDD2,solexs
1784639393.0,1784640576.0,1784641597.0,70.0,34.3151726322458,26.95897390737246,2204.0,1183.0,1021.0,SDD2,solexs
1784642521.0,1784643265.0,1784643975.0,270.0,38.34061873086263,167.2290780136228,1454.0,744.0,710.0,SDD2,solexs
1784644386.0,1784650114.0,1784650905.0,289.0,56.516946468165976,138.29833586093918,6519.0,5728.0,791.0,SDD2,solexs
1784651333.0,1784651458.0,1784651957.0,88.0,52.1359940872136,22.212884883911528,624.0,125.0,499.0,SDD2,solexs
1784653467.0,1784654769.0,1784656035.0,1284.0,60.250554323725055,701.7050498999312,2568.0,1302.0,1266.0,SDD2,solexs
1784656407.0,1784656727.0,1784658022.0,278.0,100.2312321824517,75.8460809498432,1615.0,320.0,1295.0,SDD2,solexs
1784658375.0,1784658657.0,1784662683.0,194.0,40.23123218245169,70.44344768923321,4308.0,282.0,4026.0,SDD2,solexs
1784663380.0,1784663591.0,1784664933.0,66.0,31.183613134832644,27.88274200351942,1553.0,211.0,1342.0,SDD2,solexs
1784665464.0,1784666051.0,1784667704.0,122.0,29.39225002639637,69.88817445942335,2240.0,587.0,1653.0,SDD2,solexs
1784668755.0,1784669196.0,1784670836.0,74.0,19.95475662548833,46.74434824715949,2081.0,441.0,1640.0,SDD2,solexs
1784671536.0,1784672162.0,1784672785.0,58.0,17.89789884911836,42.391726177854665,1249.0,626.0,623.0,SDD2,solexs
1784673342.0,1784674517.0,1784676548.0,85.0,21.14729173265758,62.50570533024246,3206.0,1175.0,2031.0,SDD2,solexs
1784678749.0,1784679061.0,1784679661.0,95.0,15.135994087213597,91.074820922998,912.0,312.0,600.0,SDD2,solexs
1784680386.0,1784680418.0,1784680524.0,42.0,15.135994087213597,30.88021372812327,138.0,32.0,106.0,SDD2,solexs
1784680933.0,1784681471.0,1784681633.0,35.0,15.135994087213597,22.78559329827408,700.0,538.0,162.0,SDD2,solexs
1784682315.0,1784682382.0,1784682813.0,119.0,17.326470277689786,109.2365183913679,498.0,67.0,431.0,SDD2,solexs
1784686396.0,1784686902.0,1784687505.0,47.0,14.855717453278427,37.290403240182876,1109.0,506.0,603.0,SDD2,solexs
1784690301.0,1784691486.0,1784694670.0,360.0,22.08103684932953,372.14669054640143,4369.0,1185.0,3184.0,SDD2,solexs
1784696069.0,1784696130.0,1784697136.0,43.0,16.859940872135994,26.924224492474714,1067.0,61.0,1006.0,SDD2,solexs
1784698712.0,1784699827.0,1784700551.0,47.0,17.683401963889768,29.886649567821486,1839.0,1115.0,724.0,SDD2,solexs
1784701893.0,1784702079.0,1784704348.0,2659.0,25.30419174321613,2261.037380655434,2455.0,186.0,2269.0,SDD2,solexs
1784706380.0,1784706436.0,1784706995.0,86.0,14.20119311582726,82.75103347349058,615.0,56.0,559.0,SDD2,solexs
1784709970.0,1784711036.0,1784711143.0,40.0,14.108172315489387,27.905164933008336,1173.0,1066.0,107.0,SDD2,solexs
1784721089.0,1784721404.0,1784721310.0,30.0,12.469327420546932,22.099594115447204,221.0,315.0,-94.0,SDD2,solexs
1784722419.0,1784722719.0,1784723481.0,128.0,14.993136944356454,130.5189476537166,1062.0,300.0,762.0,SDD2,solexs
1784725252.0,1784725689.0,1784726292.0,62.0,18.564565515785027,45.06092664714429,1040.0,437.0,603.0,SDD2,solexs
1784728823.0,1784728751.0,1784728986.0,31.0,13.993136944356454,20.332073466888293,163.0,-72.0,235.0,SDD2,solexs
1784732655.0,1784732679.0,1784732985.0,32.0,11.421708372927885,27.23069850747135,330.0,24.0,306.0,SDD2,solexs
1784735504.0,1784735610.0,1784737304.0,169.0,11.70742265864217,205.5855460624973,1800.0,106.0,1694.0,SDD2,solexs
1784742517.0,1784742589.0,1784742723.0,31.0,11.993136944356454,24.544774536285594,206.0,72.0,134.0,SDD2,solexs
1784746139.0,1784746268.0,1784747562.0,270.0,11.876359412944778,341.5680544263463,1423.0,129.0,1294.0,SDD2,solexs
1784748008.0,1784748071.0,1784749028.0,36.0,14.593601520430788,24.48402072570554,1020.0,63.0,957.0,SDD2,solexs
1784753370.0,1784753669.0,1784753912.0,37.0,15.176327737303346,24.9559439705181,542.0,299.0,243.0,SDD2,solexs
1784756805.0,1784757487.0,1784758471.0,43.0,14.088375039594549,34.43957614495595,1666.0,682.0,984.0,SDD2,solexs
1784760908.0,1784762124.0,1784762989.0,58.0,16.672526660331535,44.353264327130056,2081.0,1216.0,865.0,SDD2,solexs
1784764395.0,1784764433.0,1784764485.0,34.0,14.65864217083729,22.590882126837577,90.0,38.0,52.0,SDD2,solexs
1784767416.0,1784767765.0,1784767786.0,29.0,13.231232182451691,19.387089318389297,370.0,349.0,21.0,SDD2,solexs
1784770786.0,1784771480.0,1784772451.0,39.0,12.641378946256994,32.87308672131023,1665.0,694.0,971.0,SDD2,solexs
1784775071.0,1784775237.0,1784775489.0,68.0,13.51694646816598,66.27307788505921,418.0,166.0,252.0,SDD2,solexs
1784776097.0,1784777208.0,1784778517.0,310.0,15.59550205891669,344.302605905918,2420.0,1111.0,1309.0,SDD2,solexs
1784780529.0,1784781061.0,1784782403.0,54.0,15.702776897898847,41.374011498880115,1874.0,532.0,1342.0,SDD2,solexs
1784783748.0,1784783861.0,1784784500.0,31.0,10.584098828001267,27.017435063982866,752.0,113.0,639.0,SDD2,solexs
1784788985.0,1784789058.0,1784789264.0,41.0,10.045348959983105,43.66230600903939,279.0,73.0,206.0,SDD2,solexs
1784795265.0,1784795595.0,1784795978.0,24.0,9.428360257628547,21.248167784073633,713.0,330.0,383.0,SDD2,solexs
1784800803.0,1784800902.0,1784801474.0,41.0,9.702829690634566,45.343855648673085,671.0,99.0,572.0,SDD2,solexs
1784818073.0,1784819385.0,1784821686.0,102.0,19.457713018688626,73.80671637878008,3613.0,1312.0,2301.0,SDD2,solexs
1784822668.0,1784822723.0,1784823288.0,44.0,12.842466476612817,37.74124565479268,620.0,55.0,565.0,SDD2,solexs
1784825108.0,1784825507.0,1784826366.0,68.0,11.961461302924715,73.84704565710283,1258.0,399.0,859.0,SDD2,solexs
1784827955.0,1784827983.0,1784828117.0,31.0,11.942244747122793,24.55952039826474,162.0,28.0,134.0,SDD2,solexs
1784838105.0,1784838115.0,1784838720.0,31.0,12.183613134832644,24.174930452014525,615.0,10.0,605.0,SDD2,solexs
1784841455.0,1784842433.0,1784843954.0,45.0,13.399324252982787,37.78984471180365,2499.0,978.0,1521.0,SDD2,solexs
1784894401.0,1784894405.0,1784895599.0,24.0,7.135994087213597,28.232445787728203,1198.0,4.0,1194.0,SDD2,solexs
1784926441.0,1784927098.0,1784928303.0,105.0,15.326470277689786,106.53115927138147,1862.0,657.0,1205.0,SDD2,solexs
1784929244.0,1784930628.0,1784932307.0,133.0,21.631770668356033,108.56669390099701,3063.0,1384.0,1679.0,SDD2,solexs
1784932771.0,1784932901.0,1784933518.0,40.0,17.421708372927885,23.966928878139438,747.0,130.0,617.0,SDD2,solexs
1784934775.0,1784935173.0,1784935380.0,33.0,12.353394572906767,26.299306079171107,605.0,398.0,207.0,SDD2,solexs
1784943134.0,1784943627.0,1784945182.0,63.0,10.858515468271563,76.74826254245454,2048.0,493.0,1555.0,SDD2,solexs
1784948627.0,1784948796.0,1784948962.0,28.0,12.378576707844998,19.851435437988844,335.0,169.0,166.0,SDD2,solexs
1784950040.0,1784951649.0,1784953373.0,72.0,18.138633723999575,55.54982670013518,3333.0,1609.0,1724.0,SDD2,solexs
1784958049.0,1784958239.0,1784959100.0,61.0,13.148189209164817,57.01845866986249,1051.0,190.0,861.0,SDD2,solexs
1784978653.0,1784979550.0,1784980096.0,40.0,10.988332805405975,38.74769187031185,1443.0,897.0,546.0,SDD2,solexs
1784982622.0,1784982897.0,1784983200.0,27.0,9.802660753880264,24.5642930504627,578.0,275.0,303.0,SDD2,solexs
1784991701.0,1784991674.0,1784992613.0,29.0,11.135994087213597,24.62577651050906,912.0,-27.0,939.0,SDD2,solexs
1784995836.0,1784995953.0,1784996047.0,25.0,9.22933164396579,23.233950651994974,211.0,117.0,94.0,SDD2,solexs
1784998819.0,1784999099.0,1784999372.0,28.0,10.088375039594549,25.21966861223006,553.0,280.0,273.0,SDD2,solexs
1785006214.0,1785006378.0,1785007057.0,28.0,10.114560236511455,24.769645994954523,843.0,164.0,679.0,SDD2,solexs
1785012871.0,1785013054.0,1785013303.0,27.0,9.802660753880264,24.5642930504627,432.0,183.0,249.0,SDD2,solexs
1785014849.0,1785015364.0,1785016493.0,57.0,10.798014993136942,65.49316997304224,1644.0,515.0,1129.0,SDD2,solexs
1785035015.0,1785036380.0,1785036707.0,53.0,9.582092704043921,49.267855343514476,1692.0,1365.0,327.0,SDD2,solexs
1785040297.0,1785040803.0,1785042704.0,49.0,19.61218456340407,29.17708796381664,2407.0,506.0,1901.0,SDD2,solexs
1785043346.0,1785043537.0,1785043830.0,62.0,17.877943195016364,46.632123407279074,484.0,191.0,293.0,SDD2,solexs
1785046538.0,1785046727.0,1785047826.0,46.0,13.2326047935804,39.10852790181206,1288.0,189.0,1099.0,SDD2,solexs
1785050971.0,1785051071.0,1785052106.0,201.0,10.284658430999894,268.5282727988501,1135.0,100.0,1035.0,SDD2,solexs
1785056645.0,1785056726.0,1785057083.0,24.0,9.606799704360679,20.474523441105152,438.0,81.0,357.0,SDD2,solexs
1785060558.0,1785060932.0,1785062040.0,63.0,11.70742265864217,66.9785619541847,1482.0,374.0,1108.0,SDD2,solexs
1785071423.0,1785071389.0,1785072037.0,27.0,11.997888290571218,19.769638076179255,614.0,-34.0,648.0,SDD2,solexs
1785073995.0,1785074293.0,1785075349.0,45.0,14.564565515785027,34.85525199621145,1354.0,298.0,1056.0,SDD2,solexs
1785079404.0,1785079677.0,1785081298.0,2151.0,12.696230598669622,2694.96496595143,1894.0,273.0,1621.0,SDD2,solexs
1785089329.0,1785089473.0,1785089889.0,31.0,11.135994087213597,26.620569231236566,560.0,144.0,416.0,SDD2,solexs
1785096118.0,1785096678.0,1785098396.0,53.0,12.336289726533625,53.14135305985996,2278.0,560.0,1718.0,SDD2,solexs
1785112766.0,1785113269.0,1785114694.0,45.0,14.564565515785027,36.7391494669123,1928.0,503.0,1425.0,SDD2,solexs
1785116103.0,1785116144.0,1785116234.0,31.0,13.744113609967266,20.80756762829311,131.0,41.0,90.0,SDD2,solexs
1785119908.0,1785120139.0,1785121812.0,579.0,13.851124485270823,691.1077384869374,1904.0,231.0,1673.0,SDD2,solexs
1785147821.0,1785148018.0,1785148831.0,28.0,10.421708372927883,24.351303017963808,1010.0,197.0,813.0,SDD2,solexs
1785159561.0,1785159764.0,1785160429.0,45.0,12.46795480941822,40.69289306712797,868.0,203.0,665.0,SDD2,solexs
1785164110.0,1785165084.0,1785165281.0,37.0,14.099091964945623,27.239838169988296,1171.0,974.0,197.0,SDD2,solexs
1785171241.0,1785171202.0,1785171379.0,27.0,10.47196705733291,22.89637394898609,138.0,-39.0,177.0,SDD2,solexs
1785172759.0,1785173134.0,1785174137.0,115.0,11.292788512300707,139.28039876861735,1378.0,375.0,1003.0,SDD2,solexs
1785181289.0,1785181689.0,1785182830.0,157.0,13.105796642382007,179.51552144831027,1541.0,400.0,1141.0,SDD2,solexs
1785191846.0,1785193123.0,1785193904.0,133.0,13.227431105479884,130.75977678309124,2058.0,1277.0,781.0,SDD2,solexs
1785194318.0,1785194731.0,1785196206.0,67.0,20.82821243796853,43.887634310227845,1888.0,413.0,1475.0,SDD2,solexs
1785197996.0,1785199558.0,1785200051.0,54.0,20.59339034948791,29.17915433119055,2055.0,1562.0,493.0,SDD2,solexs
1785200935.0,1785201186.0,1785203226.0,46.0,18.234346953859145,26.53726871813703,2291.0,251.0,2040.0,SDD2,solexs
1785204762.0,1785204876.0,1785205368.0,51.0,13.724949846901065,44.384317785387495,606.0,114.0,492.0,SDD2,solexs
1785208425.0,1785208733.0,1785210421.0,251.0,13.81416957026713,290.0491710615935,1996.0,308.0,1688.0,SDD2,solexs
1785215613.0,1785215600.0,1785216230.0,32.0,15.772621687255832,18.508390712964793,617.0,-13.0,630.0,SDD2,solexs
1785222278.0,1785222497.0,1785223063.0,31.0,11.755041706261217,25.10266815328638,785.0,219.0,566.0,SDD2,solexs
1785237497.0,1785237619.0,1785238096.0,37.0,12.421708372927885,31.099534024209174,599.0,122.0,477.0,SDD2,solexs
1785245597.0,1785246588.0,1785246644.0,33.0,11.438602048358144,27.68647196670687,1047.0,991.0,56.0,SDD2,solexs
1785258015.0,1785258060.0,1785258407.0,31.0,10.628127969591382,27.987881108485055,392.0,45.0,347.0,SDD2,solexs
1785260476.0,1785260827.0,1785261425.0,53.0,11.33101045296167,55.789186868029034,949.0,351.0,598.0,SDD2,solexs
1785273764.0,1785273785.0,1785274425.0,30.0,10.60780276633935,26.456227398641335,661.0,21.0,640.0,SDD2,solexs
1785279838.0,1785280241.0,1785280866.0,37.0,12.411572167669725,31.26001165331101,1028.0,403.0,625.0,SDD2,solexs
1785281973.0,1785282335.0,1785282999.0,51.0,15.421708372927885,40.51667943258079,1026.0,362.0,664.0,SDD2,solexs
1785284438.0,1785284522.0,1785286364.0,47.0,12.655791363108435,37.47321377588822,1926.0,84.0,1842.0,SDD2,solexs
1785289968.0,1785290695.0,1785291043.0,59.0,14.440819343258369,51.7976650571657,1075.0,727.0,348.0,SDD2,solexs
1785292061.0,1785292595.0,1785292724.0,31.0,12.828423608911413,22.75446665551449,663.0,534.0,129.0,SDD2,solexs
1785296103.0,1785296172.0,1785296273.0,27.0,10.70742265864217,22.267031118836535,170.0,69.0,101.0,SDD2,solexs
1785299771.0,1785299885.0,1785300186.0,38.0,10.231232182451691,38.82465782738775,415.0,114.0,301.0,SDD2,solexs
1785303693.0,1785304304.0,1785307893.0,62.0,17.073065146235876,51.14299128860068,4200.0,611.0,3589.0,SDD2,solexs
1785313357.0,1785313435.0,1785313444.0,26.0,10.374089325308836,21.696283328354426,87.0,78.0,9.0,SDD2,solexs
1785318052.0,1785319310.0,1785321429.0,61.0,15.528983211910038,50.25567247503799,3377.0,1258.0,2119.0,SDD2,solexs
1785324845.0,1785325288.0,1785327062.0,39.0,12.486009925034313,33.40891128061356,2217.0,443.0,1774.0,SDD2,solexs
1785329059.0,1785329475.0,1785330256.0,45.0,13.65383803188681,38.84449439119331,1197.0,416.0,781.0,SDD2,solexs
1785335061.0,1785335114.0,1785335522.0,30.0,12.469327420546932,22.201998139141782,461.0,53.0,408.0,SDD2,solexs
1785341666.0,1785341843.0,1785342636.0,58.0,11.423397740470907,62.2861853614773,970.0,177.0,793.0,SDD2,solexs
1785345730.0,1785345823.0,1785346335.0,37.0,11.374089325308834,33.9809869541068,605.0,93.0,512.0,SDD2,solexs
1785353154.0,1785353594.0,1785353870.0,43.0,10.916798648505964,43.09152137296696,716.0,440.0,276.0,SDD2,solexs
1785356140.0,1785357581.0,1785357903.0,50.0,16.508974765072324,32.335733191374196,1763.0,1441.0,322.0,SDD2,solexs
1785358627.0,1785358861.0,1785359902.0,42.0,18.82414739731813,22.749294082483345,1275.0,234.0,1041.0,SDD2,solexs
1785361095.0,1785361606.0,1785362510.0,35.0,13.242846584309996,25.92745359837328,1415.0,511.0,904.0,SDD2,solexs
1785366538.0,1785366738.0,1785367067.0,28.0,9.107591595396473,27.954519097476446,529.0,200.0,329.0,SDD2,solexs
1785375696.0,1785375642.0,1785376014.0,27.0,9.95607644388132,24.508313251210183,318.0,-54.0,372.0,SDD2,solexs
1785385431.0,1785385672.0,1785385894.0,27.0,11.040755991975502,21.479684935788452,463.0,241.0,222.0,SDD2,solexs
1785386478.0,1785386475.0,1785386922.0,29.0,11.802343997465947,22.187149119541356,444.0,-3.0,447.0,SDD2,solexs
1785390526.0,1785391486.0,1785395203.0,157.0,15.698131137155524,201.68149459484084,4677.0,960.0,3717.0,SDD2,solexs
1785397667.0,1785397771.0,1785397814.0,28.0,10.658008658008656,23.792114445546453,147.0,104.0,43.0,SDD2,solexs
1785424366.0,1785430556.0,1785445255.0,1082.0,108.93701826628657,180.1651009059921,20889.0,6190.0,14699.0,SDD2,solexs
1785446271.0,1785446340.0,1785447899.0,72.0,35.703938338084676,25.708591362930445,1628.0,69.0,1559.0,SDD2,solexs
1785449457.0,1785450145.0,1785451881.0,82.0,28.99989441452856,42.15776062718116,2424.0,688.0,1736.0,SDD2,solexs
1785461071.0,1785461377.0,1785462112.0,53.0,16.48537641220568,39.67769433112997,1041.0,306.0,735.0,SDD2,solexs
1785463892.0,1785465588.0,1785466430.0,81.0,22.11614401858304,49.878450370021795,2538.0,1696.0,842.0,SDD2,solexs
1785466996.0,1785467847.0,1785468815.0,111.0,30.883750395945516,64.71831687229584,1819.0,851.0,968.0,SDD2,solexs
1785469287.0,1785469672.0,1785471692.0,84.0,27.583518107908347,43.47067141904214,2405.0,385.0,2020.0,SDD2,solexs
1785472438.0,1785473701.0,1785474777.0,78.0,25.45982472811741,46.119942743101085,2339.0,1263.0,1076.0,SDD2,solexs
1785475827.0,1785475707.0,1785476171.0,48.0,24.945517896737407,20.605288477512456,344.0,-120.0,464.0,SDD2,solexs
1785477652.0,1785478253.0,1785479258.0,78.0,16.762960616619154,64.96525885481654,1606.0,601.0,1005.0,SDD2,solexs
1785480186.0,1785480404.0,1785484120.0,82.0,16.326470277689786,72.68741187482345,3934.0,218.0,3716.0,SDD2,solexs
1785486630.0,1785486836.0,1785487440.0,41.0,11.51694646816598,38.85248350328211,810.0,206.0,604.0,SDD2,solexs
1785492155.0,1785492648.0,1785494152.0,38.0,13.469327420546932,29.69260507874304,1997.0,493.0,1504.0,SDD2,solexs
1785496267.0,1785498433.0,1785499881.0,189.0,12.35782916270721,194.48108877844223,3614.0,2166.0,1448.0,SDD2,solexs
1785505931.0,1785506177.0,1785506921.0,56.0,10.89789884911836,61.099884061363575,990.0,246.0,744.0,SDD2,solexs
1785521277.0,1785521501.0,1785522473.0,53.0,10.217083729278851,57.7439256996167,1196.0,224.0,972.0,SDD2,solexs
1785525154.0,1785528767.0,1785530576.0,53.0,17.3710273466371,35.82363607659831,5422.0,3613.0,1809.0,SDD2,solexs
1785539099.0,1785539217.0,1785539358.0,29.0,10.89789884911836,24.522943573867714,259.0,118.0,141.0,SDD2,solexs
1785551090.0,1785551133.0,1785551332.0,29.0,8.612184563404075,31.069125334122976,242.0,43.0,199.0,SDD2,solexs
1785563250.0,1785563292.0,1785563404.0,25.0,7.945517896737407,27.05779663778139,154.0,42.0,112.0,SDD2,solexs
1785577468.0,1785577384.0,1785577989.0,31.0,11.050575440819342,26.22217302093282,521.0,-84.0,605.0,SDD2,solexs
1785590966.0,1785591002.0,1785591372.0,34.0,8.040755991975502,41.353600033637335,406.0,36.0,370.0,SDD2,solexs
1785596292.0,1785596325.0,1785596382.0,27.0,9.060606060606059,26.65660767732656,90.0,33.0,57.0,SDD2,solexs
1785601352.0,1785601387.0,1785601947.0,26.0,9.692323936226373,23.227313791173394,595.0,35.0,560.0,SDD2,solexs
1785609070.0,1785609369.0,1785609458.0,28.0,11.830429732868755,21.04861447385927,388.0,299.0,89.0,SDD2,solexs
1785614817.0,1785615007.0,1785617408.0,78.0,12.990233343891878,93.31288898568367,2591.0,190.0,2401.0,SDD2,solexs
1785618639.0,1785618774.0,1785618836.0,41.0,10.135994087213597,43.35449352334389,197.0,135.0,62.0,SDD2,solexs
1785620220.0,1785620346.0,1785621252.0,26.0,10.156266497729911,22.25560231716992,1032.0,126.0,906.0,SDD2,solexs
1785623223.0,1785623967.0,1785625848.0,96.0,13.392725161017843,101.54421442448736,2625.0,744.0,1881.0,SDD2,solexs
1785630298.0,1785630753.0,1785633007.0,190.0,11.481205786083834,261.97162292447456,2709.0,455.0,2254.0,SDD2,solexs
1785635822.0,1785636126.0,1785637416.0,60.0,10.080667300179494,72.3660646534942,1594.0,304.0,1290.0,SDD2,solexs
1785644421.0,1785644491.0,1785644587.0,22.0,8.564565515785027,20.529288297489888,166.0,70.0,96.0,SDD2,solexs
1785648287.0,1785648916.0,1785653230.0,323.0,12.150459296800758,472.2201037287786,4943.0,629.0,4314.0,SDD2,solexs
1785681994.0,1785682714.0,1785684397.0,36.0,9.302819132087423,40.93571863200623,2403.0,720.0,1683.0,SDD2,solexs
1785689231.0,1785689487.0,1785689614.0,24.0,7.183613134832645,28.059260416808957,383.0,256.0,127.0,SDD2,solexs
1785698060.0,1785698099.0,1785698232.0,23.0,6.183613134832645,30.24311578694979,172.0,39.0,133.0,SDD2,solexs
1785718093.0,1785718103.0,1785718491.0,24.0,8.225213810579664,24.65818532442974,398.0,10.0,388.0,SDD2,solexs
1785748738.0,1785748940.0,1785749761.0,34.0,10.89789884911836,31.296451071552134,1023.0,202.0,821.0,SDD2,solexs
1785755002.0,1785754940.0,1785755457.0,27.0,9.815647766867277,24.15625664459314,455.0,-62.0,517.0,SDD2,solexs
1785756728.0,1785756822.0,1785757574.0,42.0,9.802660753880264,45.98995608377629,846.0,94.0,752.0,SDD2,solexs
1785759222.0,1785759330.0,1785759609.0,28.0,10.10426565304614,25.040669222531342,387.0,108.0,279.0,SDD2,solexs
1785779191.0,1785779321.0,1785779664.0,25.0,6.897898849118359,30.799722660232085,473.0,130.0,343.0,SDD2,solexs
1785781310.0,1785781375.0,1785781528.0,18.0,6.796959138422551,19.191137313336547,218.0,65.0,153.0,SDD2,solexs
1785802648.0,1785802719.0,1785802887.0,24.0,6.409354872769505,31.09831602873426,239.0,71.0,168.0,SDD2,solexs
1785844624.0,1785844684.0,1785845121.0,50.0,5.3740893253088355,86.08939370210607,497.0,60.0,437.0,SDD2,solexs
1785852288.0,1785852537.0,1785853349.0,40.0,8.659803611023122,47.62803782584939,1061.0,249.0,812.0,SDD2,solexs
1785857581.0,1785857678.0,1785857876.0,35.0,9.469116249604053,37.20937156361234,295.0,97.0,198.0,SDD2,solexs
1785859922.0,1785859938.0,1785860174.0,29.0,9.945517896737407,27.050122772114033,252.0,16.0,236.0,SDD2,solexs
1785867316.0,1785867466.0,1785867960.0,31.0,7.421708372927883,38.70574135161683,644.0,150.0,494.0,SDD2,solexs
1785909734.0,1785911068.0,1785913840.0,62.0,8.637102734663708,79.4690380753517,4106.0,1334.0,2772.0,SDD2,solexs
1785916064.0,1785916103.0,1785916125.0,17.0,5.332910991447576,22.60934018109065,61.0,39.0,22.0,SDD2,solexs
1785943640.0,1785943860.0,1785944248.0,29.0,5.1680920705310935,47.80129528503159,608.0,220.0,388.0,SDD2,solexs
1786019241.0,1786019788.0,1786020157.0,24.0,4.089325308837503,43.79249942664764,916.0,547.0,369.0,SDD2,solexs
1786040214.0,1786040361.0,1786040623.0,19.0,4.358621053743004,31.517377796852163,409.0,147.0,262.0,SDD2,solexs
1786044410.0,1786044509.0,1786045050.0,31.0,4.0407559919755025,59.97791916584205,640.0,99.0,541.0,SDD2,solexs
1786179341.0,1786179459.0,1786179910.0,26.0,5.516946468165978,38.999614383626856,569.0,118.0,451.0,SDD2,solexs
1786287927.0,1786290487.0,1786291363.0,47.0,6.709481575335232,53.7842223104357,3436.0,2560.0,876.0,SDD2,solexs
1786293403.0,1786293584.0,1786295665.0,85.0,7.230598669623058,128.49207944445138,2262.0,181.0,2081.0,SDD2,solexs
1786297903.0,1786298702.0,1786299686.0,50.0,5.508182874036532,88.32672748270703,1783.0,799.0,984.0,SDD2,solexs
1786300234.0,1786300238.0,1786300403.0,17.0,6.3740893253088355,18.77583403877553,169.0,4.0,165.0,SDD2,solexs
1786301525.0,1786301674.0,1786301880.0,25.0,6.231232182451693,33.62511611589818,355.0,149.0,206.0,SDD2,solexs
1786303130.0,1786303779.0,1786304491.0,32.0,5.883011297645442,47.99213494864457,1361.0,649.0,712.0,SDD2,solexs
1786307509.0,1786308818.0,1786309931.0,50.0,6.211804455706893,73.54395078365823,2422.0,1309.0,1113.0,SDD2,solexs
1786585741.0,1786585807.0,1786586152.0,13.0,2.7142857142857144,27.920402435861323,411.0,66.0,345.0,SDD2,solexs
1786587295.0,1786587764.0,1786588739.0,22.0,4.190476190476191,40.604675066277665,1444.0,469.0,975.0,SDD2,solexs
1786590120.0,1786590118.0,1786590315.0,12.0,2.852549889135255,23.616536748532965,195.0,-2.0,197.0,SDD2,solexs
1786618642.0,1786618768.0,1786618830.0,20.0,3.27304402914159,41.19955406557801,188.0,126.0,62.0,SDD2,solexs
1786640926.0,1786640944.0,1786641017.0,12.0,3.2857142857142856,21.499674993932363,91.0,18.0,73.0,SDD2,solexs
1786645688.0,1786646058.0,1786647541.0,33.0,3.9581881533101044,66.13111469939857,1853.0,370.0,1483.0,SDD2,solexs
1786656135.0,1786656542.0,1786656860.0,16.0,3.262538274733397,31.697153819118398,725.0,407.0,318.0,SDD2,solexs
1786662616.0,1786662650.0,1786663038.0,15.0,3.1904761904761907,29.567842075531207,422.0,34.0,388.0,SDD2,solexs
1786664293.0,1786665232.0,1786666113.0,20.0,3.4011192059972544,39.71097310594454,1820.0,939.0,881.0,SDD2,solexs
1786672150.0,1786672327.0,1786672348.0,13.0,3.568788934642593,22.173589402620053,198.0,177.0,21.0,SDD2,solexs
1786682163.0,1786682237.0,1786682459.0,17.0,4.523703938338085,26.603510930390506,296.0,74.0,222.0,SDD2,solexs
1786686557.0,1786687086.0,1786687174.0,26.0,8.340724316334072,26.64759820496245,617.0,529.0,88.0,SDD2,solexs
1786689812.0,1786690707.0,1786696286.0,185.0,16.83602576285503,231.37688492571783,6474.0,895.0,5579.0,SDD2,solexs
1786699176.0,1786699359.0,1786699363.0,18.0,5.970963995354239,22.12052587962821,187.0,183.0,4.0,SDD2,solexs
1786701033.0,1786701171.0,1786701857.0,54.0,5.7142857142857135,90.33429976639944,824.0,138.0,686.0,SDD2,solexs
1786702746.0,1786702919.0,1786703551.0,27.0,5.632773730334706,39.50386235787394,805.0,173.0,632.0,SDD2,solexs
1786707489.0,1786707708.0,1786708176.0,37.0,4.4087741526765925,69.02201690457127,687.0,219.0,468.0,SDD2,solexs
1786744314.0,1786744557.0,1786746250.0,204.0,4.813641642909936,387.4563183671884,1936.0,243.0,1693.0,SDD2,solexs
1786753674.0,1786753956.0,1786754702.0,40.0,4.666666666666666,74.1511437503082,1028.0,282.0,746.0,SDD2,solexs
1786756264.0,1786756414.0,1786756607.0,15.0,3.5851018899799385,26.92871921409866,343.0,150.0,193.0,SDD2,solexs
1786758631.0,1786758655.0,1786758858.0,15.0,3.5511561609122584,27.092909430516634,227.0,24.0,203.0,SDD2,solexs
1786763798.0,1786763885.0,1786764048.0,25.0,3.571428571428571,50.709255283711,250.0,87.0,163.0,SDD2,solexs
1786767529.0,1786767676.0,1786768287.0,29.0,4.177805933903494,54.575622613983136,758.0,147.0,611.0,SDD2,solexs
1786772113.0,1786772205.0,1786772403.0,17.0,3.380952380952381,33.12395677463337,290.0,92.0,198.0,SDD2,solexs
1786773626.0,1786773765.0,1786773994.0,20.0,3.380952380952381,40.42049270750716,368.0,139.0,229.0,SDD2,solexs
1786777018.0,1786777209.0,1786777570.0,18.0,3.1432794847428998,37.31593789285187,552.0,191.0,361.0,SDD2,solexs
1786779486.0,1786779575.0,1786779859.0,17.0,3.0476190476190474,35.74234017174003,373.0,89.0,284.0,SDD2,solexs
1786781791.0,1786781892.0,1786782275.0,147.0,3.2396790201668253,355.8100100570867,484.0,101.0,383.0,SDD2,solexs
1786785946.0,1786786110.0,1786786530.0,37.0,4.0476190476190474,73.43606059273895,584.0,164.0,420.0,SDD2,solexs
1786789710.0,1786789839.0,1786790143.0,18.0,4.247650723260479,29.86932461000701,433.0,129.0,304.0,SDD2,solexs
1786795469.0,1786795550.0,1786795668.0,23.0,4.842360891141379,36.946389182436235,199.0,81.0,118.0,SDD2,solexs
1786800959.0,1786801154.0,1786801505.0,94.0,4.882205513784461,180.37294630041652,546.0,195.0,351.0,SDD2,solexs
1786804996.0,1786805300.0,1786806378.0,156.0,5.315383803188681,293.11096958518766,1382.0,304.0,1078.0,SDD2,solexs
1786814080.0,1786814174.0,1786814712.0,28.0,5.102945834653152,46.014236119614274,632.0,94.0,538.0,SDD2,solexs
1786816235.0,1786816191.0,1786816375.0,18.0,5.142857142857142,25.354627641855497,140.0,-44.0,184.0,SDD2,solexs
1786817418.0,1786817442.0,1786817713.0,17.0,5.335075493612079,22.423829567144427,295.0,24.0,271.0,SDD2,solexs
1786820073.0,1786820026.0,1786820136.0,15.0,4.714285714285714,21.185635908113987,63.0,-47.0,110.0,SDD2,solexs
1786823624.0,1786823645.0,1786823730.0,18.0,5.9523809523809526,22.08365049188243,106.0,21.0,85.0,SDD2,solexs
1786828090.0,1786828206.0,1786828459.0,18.0,4.735561186780699,27.28035729690256,369.0,116.0,253.0,SDD2,solexs
1786831203.0,1786831116.0,1786831639.0,16.0,4.571428571428571,23.904572186687872,436.0,-87.0,523.0,SDD2,solexs
1786833541.0,1786833676.0,1786833689.0,18.0,6.392777953753564,20.35685990723863,148.0,135.0,13.0,SDD2,solexs
1786834028.0,1786834470.0,1786834788.0,22.0,6.600464576074332,26.865363501123042,760.0,442.0,318.0,SDD2,solexs
1786837119.0,1786837409.0,1786838398.0,26.0,6.936490338929363,33.50102152207321,1279.0,290.0,989.0,SDD2,solexs
1786932821.0,1786933363.0,1786934907.0,98.0,13.560342096927464,108.78022673764848,2086.0,542.0,1544.0,SDD2,solexs
1786937157.0,1786938445.0,1786939240.0,44.0,5.456340407559921,73.79334828790424,2083.0,1288.0,795.0,SDD2,solexs
1787019641.0,1787019636.0,1787020773.0,30.0,6.456340407559921,41.437711035635054,1132.0,-5.0,1137.0,SDD2,solexs
1787021815.0,1787021876.0,1787021986.0,31.0,13.017843944673215,22.29769137975288,171.0,61.0,110.0,SDD2,solexs
1787034285.0,1787034310.0,1787034388.0,32.0,16.07538802660754,17.762460468962654,103.0,25.0,78.0,SDD2,solexs
1787035307.0,1787035384.0,1787035878.0,198.0,17.02776897898849,196.13182234089533,571.0,77.0,494.0,SDD2,solexs
1787036293.0,1787036925.0,1787037462.0,60.0,17.204519058177596,46.232091410847154,1169.0,632.0,537.0,SDD2,solexs
1787044223.0,1787044280.0,1787044339.0,36.0,16.832647027768978,20.893726893084906,116.0,57.0,59.0,SDD2,solexs
1787052379.0,1787052563.0,1787052569.0,42.0,21.565410199556542,19.60227914014208,190.0,184.0,6.0,SDD2,solexs
1787052948.0,1787052857.0,1787053071.0,41.0,21.955865272938446,18.203619575357035,123.0,-91.0,214.0,SDD2,solexs
1787056942.0,1787058304.0,1787058302.0,65.0,32.84109386548411,22.754531021816558,1360.0,1362.0,-2.0,SDD2,solexs
1787059388.0,1787059875.0,1787059881.0,74.0,44.0412839193327,20.023470749145915,493.0,487.0,6.0,SDD2,solexs
1787060999.0,1787061048.0,1787062176.0,75.0,39.67305458768874,23.169467793758013,1177.0,49.0,1128.0,SDD2,solexs
1787071368.0,1787072371.0,1787072900.0,101.0,35.397634885439764,48.14787254664541,1532.0,1003.0,529.0,SDD2,solexs
1787073620.0,1787074685.0,1787077081.0,123.0,46.16846161968114,49.24166750840631,3461.0,1065.0,2396.0,SDD2,solexs
1787078021.0,1787078506.0,1787078832.0,69.0,30.789673740893253,30.795921241078084,811.0,485.0,326.0,SDD2,solexs
1787080084.0,1787080183.0,1787080380.0,55.0,27.694435645655158,23.20265113662913,296.0,99.0,197.0,SDD2,solexs
1787082900.0,1787084197.0,1787084440.0,79.0,31.86295005807201,35.16313244628261,1540.0,1297.0,243.0,SDD2,solexs
1787085656.0,1787085699.0,1787085772.0,66.0,38.59655791363109,19.712562435660313,116.0,43.0,73.0,SDD2,solexs
1787086313.0,1787086953.0,1787087182.0,139.0,32.31348326470278,83.93298057989905,869.0,640.0,229.0,SDD2,solexs
1787088698.0,1787089075.0,1787089570.0,75.0,32.47608489071904,33.38935173597369,872.0,377.0,495.0,SDD2,solexs
1787090576.0,1787090648.0,1787090923.0,71.0,34.31348326470278,28.008449861356528,347.0,72.0,275.0,SDD2,solexs
1787091872.0,1787093005.0,1787093407.0,103.0,25.586949635730125,68.2559198864153,1535.0,1133.0,402.0,SDD2,solexs
1787094847.0,1787094982.0,1787095170.0,49.0,25.07538802660754,21.366631969015675,323.0,135.0,188.0,SDD2,solexs
1787095989.0,1787096194.0,1787097537.0,121.0,27.980149931369446,79.04803193452658,1548.0,205.0,1343.0,SDD2,solexs
1787098189.0,1787099856.0,1787104224.0,175.0,46.079611445465105,76.32231557022077,6035.0,1667.0,4368.0,SDD2,solexs
1787106551.0,1787106634.0,1787106940.0,64.0,23.26586421708373,37.72084640618392,389.0,83.0,306.0,SDD2,solexs
1787108061.0,1787108214.0,1787109413.0,215.0,23.26586421708373,177.76851459136128,1352.0,153.0,1199.0,SDD2,solexs
1787110500.0,1787111059.0,1787113174.0,144.0,26.027768978988494,103.41328137096589,2674.0,559.0,2115.0,SDD2,solexs
1787113688.0,1787115259.0,1787116766.0,285.0,21.78217717242108,216.44194188952866,3078.0,1571.0,1507.0,SDD2,solexs
1787121198.0,1787121275.0,1787122240.0,45.0,14.633407243163342,35.975467522926564,1042.0,77.0,965.0,SDD2,solexs
1787128575.0,1787128947.0,1787132376.0,116.0,20.806673001794955,101.20527415326522,3801.0,372.0,3429.0,SDD2,solexs
1787137466.0,1787137549.0,1787137882.0,48.0,17.84637313905607,31.909429447175526,416.0,83.0,333.0,SDD2,solexs
1787139083.0,1787139415.0,1787139677.0,67.0,17.8372927885123,52.05786072836077,594.0,332.0,262.0,SDD2,solexs
1787141684.0,1787141757.0,1787141924.0,53.0,17.31348326470278,38.35543669804597,240.0,73.0,167.0,SDD2,solexs
1787142606.0,1787142649.0,1787142844.0,44.0,17.31348326470278,28.6823455178978,238.0,43.0,195.0,SDD2,solexs
1787146288.0,1787146778.0,1787147769.0,283.0,20.86337239995777,262.1034205277529,1481.0,490.0,991.0,SDD2,solexs
1787148267.0,1787148406.0,1787148932.0,194.0,32.11149825783972,127.10640227961004,665.0,139.0,526.0,SDD2,solexs
1787150779.0,1787150853.0,1787151053.0,65.0,31.568577763699718,26.590241963273087,274.0,74.0,200.0,SDD2,solexs
1787152479.0,1787152584.0,1787153469.0,358.0,31.50395945517897,260.1419233144457,990.0,105.0,885.0,SDD2,solexs
1787154652.0,1787157494.0,1787158019.0,163.0,32.18076232710379,102.29333270795256,3367.0,2842.0,525.0,SDD2,solexs
1787159658.0,1787159851.0,1787160044.0,100.0,30.361102312321826,56.52077631056835,386.0,193.0,193.0,SDD2,solexs
1787160369.0,1787160513.0,1787160850.0,67.0,30.361102312321826,29.73710109195875,481.0,144.0,337.0,SDD2,solexs
1787161924.0,1787162477.0,1787163218.0,86.0,37.134199134199136,35.96777658223423,1294.0,553.0,741.0,SDD2,solexs
1787164052.0,1787165351.0,1787170275.0,599.0,48.980149931369446,310.5855465878698,6223.0,1299.0,4924.0,SDD2,solexs
1787171823.0,1787171999.0,1787172337.0,43.0,17.408721359940873,27.42985717321169,514.0,176.0,338.0,SDD2,solexs
1787172975.0,1787173014.0,1787173194.0,38.0,16.345000527927358,23.86799853692772,219.0,39.0,180.0,SDD2,solexs
1787176518.0,1787176817.0,1787177671.0,63.0,18.649614613029247,46.65181892707378,1153.0,299.0,854.0,SDD2,solexs
1787178003.0,1787178494.0,1787179858.0,62.0,22.328318023439977,34.097642800740054,1855.0,491.0,1364.0,SDD2,solexs
1787183379.0,1787183656.0,1787184745.0,84.0,18.31348326470278,68.64450099671056,1366.0,277.0,1089.0,SDD2,solexs
1787186491.0,1787187775.0,1787189478.0,85.0,25.694435645655158,51.48995167934006,2987.0,1284.0,1703.0,SDD2,solexs
1787191034.0,1787191014.0,1787191127.0,42.0,19.88491183613135,22.16575683385209,93.0,-20.0,113.0,SDD2,solexs
1787197217.0,1787197400.0,1787197787.0,58.0,16.75884278323303,45.201771284212136,570.0,183.0,387.0,SDD2,solexs
1787198801.0,1787198868.0,1787199158.0,153.0,18.361102312321826,140.51936218480287,357.0,67.0,290.0,SDD2,solexs
1787200853.0,1787201313.0,1787203162.0,154.0,18.963150670467744,138.79152808184318,2309.0,460.0,1849.0,SDD2,solexs
1787205757.0,1787205768.0,1787205886.0,42.0,18.64681659803611,24.185704267598847,129.0,11.0,118.0,SDD2,solexs
1787207307.0,1787207444.0,1787207627.0,55.0,16.932530883750395,41.37214743705586,320.0,137.0,183.0,SDD2,solexs
1787209322.0,1787209783.0,1787210299.0,50.0,17.123007074226585,35.532445786986436,977.0,461.0,516.0,SDD2,solexs
1787211327.0,1787213135.0,1787216933.0,1344.0,32.18963150670468,577.9576313119157,5606.0,1808.0,3798.0,SDD2,solexs
1787220067.0,1787221172.0,1787221864.0,105.0,21.59449899693802,81.90936384467811,1797.0,1105.0,692.0,SDD2,solexs
1787225019.0,1787226088.0,1787229056.0,6219.0,177.44081934325837,6127.26488136093,4037.0,1069.0,2968.0,SDD2,solexs
1787229428.0,1787229743.0,1787235330.0,315.0,44.932953225636155,97.93089873923856,5902.0,315.0,5587.0,SDD2,solexs
1787238161.0,1787238912.0,1787239397.0,73.0,20.88491183613135,50.999057665816345,1236.0,751.0,485.0,SDD2,solexs
1787241301.0,1787242302.0,1787245227.0,2204.0,40.769929257734134,2123.5934151442993,3926.0,1001.0,2925.0,SDD2,solexs
1787246394.0,1787246534.0,1787247546.0,97.0,39.78967374089326,40.28424197498617,1152.0,140.0,1012.0,SDD2,solexs
1787247985.0,1787248266.0,1787249696.0,108.0,30.84452539330588,55.613657266623704,1711.0,281.0,1430.0,SDD2,solexs
1787250229.0,1787250455.0,1787251184.0,50.0,22.85835709006441,25.042022546011466,955.0,226.0,729.0,SDD2,solexs
1787252923.0,1787253186.0,1787253976.0,48.0,17.88491183613135,31.5466143658065,1053.0,263.0,790.0,SDD2,solexs
1787254962.0,1787256528.0,1787256986.0,79.0,19.437968535529514,51.83353309188295,2024.0,1566.0,458.0,SDD2,solexs
1787259809.0,1787260132.0,1787262084.0,116.0,23.150881638686517,85.38988734832479,2275.0,323.0,1952.0,SDD2,solexs
1787264372.0,1787264472.0,1787264507.0,37.0,16.07538802660754,23.339507023893145,135.0,100.0,35.0,SDD2,solexs
1787265149.0,1787265635.0,1787266251.0,52.0,16.599197550417063,38.933354498417835,1102.0,486.0,616.0,SDD2,solexs
1787266675.0,1787266797.0,1787267144.0,52.0,21.442825467215712,29.316981523389035,469.0,122.0,347.0,SDD2,solexs
1787269204.0,1787269427.0,1787270316.0,158.0,20.648822721993454,135.65272329933813,1112.0,223.0,889.0,SDD2,solexs
1787271441.0,1787271944.0,1787274243.0,107.0,29.361102312321826,64.07788671554088,2802.0,503.0,2299.0,SDD2,solexs
1787275253.0,1787275490.0,1787276039.0,59.0,26.408721359940873,28.362382517191083,786.0,237.0,549.0,SDD2,solexs
1787276419.0,1787278789.0,1787283141.0,362.0,28.63224580297751,161.59023352149975,6722.0,2370.0,4352.0,SDD2,solexs
1787284221.0,1787284432.0,1787284627.0,41.0,15.932530883750397,28.085560915738064,406.0,211.0,195.0,SDD2,solexs
1787288751.0,1787288961.0,1787289283.0,57.0,15.21623904550734,47.97831105710451,532.0,210.0,322.0,SDD2,solexs
1787290982.0,1787291699.0,1787292800.0,67.0,20.33164396579031,47.063199499344954,1818.0,717.0,1101.0,SDD2,solexs
1787293766.0,1787294092.0,1787295464.0,327.0,24.361102312321826,274.21504337502705,1698.0,326.0,1372.0,SDD2,solexs
1787296052.0,1787296290.0,1787296758.0,64.0,22.218245169464684,39.64120037046255,706.0,238.0,468.0,SDD2,solexs
1787297356.0,1787297579.0,1787299780.0,77.0,17.698764649984163,51.975186985103036,2424.0,223.0,2201.0,SDD2,solexs
1787303242.0,1787307444.0,1787324842.0,1039.0,191.14000633512825,140.78169012071632,21600.0,4202.0,17398.0,SDD2,solexs
1787325926.0,1787326234.0,1787329088.0,115.0,52.393728222996515,35.76634317428761,3162.0,308.0,2854.0,SDD2,solexs
1787334566.0,1787334797.0,1787336076.0,158.0,28.479885967690848,103.71333452913917,1510.0,231.0,1279.0,SDD2,solexs
1787336848.0,1787337109.0,1787337363.0,81.0,23.923028191320874,52.20137275921816,515.0,261.0,254.0,SDD2,solexs
1787343531.0,1787343606.0,1787343791.0,46.0,18.09027557808046,29.331814827379514,260.0,75.0,185.0,SDD2,solexs
1787345469.0,1787345978.0,1787348286.0,190.0,28.469010664132618,169.6720010140002,2817.0,509.0,2308.0,SDD2,solexs
1787361609.0,1787361888.0,1787362376.0,37.0,14.25520008446838,27.066791474062796,767.0,279.0,488.0,SDD2,solexs
1787375383.0,1787375431.0,1787375655.0,37.0,12.834230809840566,30.438177875640275,272.0,48.0,224.0,SDD2,solexs
1787388230.0,1787388519.0,1787388850.0,43.0,18.651356773307995,25.15498044566709,620.0,289.0,331.0,SDD2,solexs
1787390937.0,1787392287.0,1787395405.0,62.0,23.77541970224897,33.84892878519044,4468.0,1350.0,3118.0,SDD2,solexs
1787405086.0,1787405154.0,1787405394.0,35.0,11.913103157005597,30.069739574234646,308.0,68.0,240.0,SDD2,solexs
1787422020.0,1787422915.0,1787423842.0,51.0,10.7455390138317,53.22878424201793,1822.0,895.0,927.0,SDD2,solexs
1787429276.0,1787429356.0,1787429595.0,30.0,10.746172526660333,26.307810404688652,319.0,80.0,239.0,SDD2,solexs
1787459332.0,1787459743.0,1787460030.0,36.0,11.913525498891353,31.046509212658272,698.0,411.0,287.0,SDD2,solexs
1787461414.0,1787461456.0,1787461936.0,29.0,10.295639320029565,25.444929581818233,522.0,42.0,480.0,SDD2,solexs
1787466689.0,1787467867.0,1787470953.0,208.0,20.46499841621793,232.095427198022,4264.0,1178.0,3086.0,SDD2,solexs
1787479524.0,1787479713.0,1787480078.0,71.0,12.30239679020167,75.153994366109,554.0,189.0,365.0,SDD2,solexs
1787486956.0,1787487069.0,1787487059.0,28.0,11.694435645655158,21.323632961456784,103.0,113.0,-10.0,SDD2,solexs
1787488709.0,1787488790.0,1787489077.0,33.0,13.766761693590963,23.301992338783432,368.0,81.0,287.0,SDD2,solexs
1787490193.0,1787490188.0,1787490275.0,31.0,14.07538802660754,20.174534847434487,82.0,-5.0,87.0,SDD2,solexs
1787490793.0,1787490924.0,1787491163.0,72.0,13.61060078133249,70.59864559727221,370.0,131.0,239.0,SDD2,solexs
1787492464.0,1787492528.0,1787492633.0,36.0,13.456340407559921,27.483746449866505,169.0,64.0,105.0,SDD2,solexs
1787495437.0,1787495518.0,1787495714.0,29.0,11.837292788512302,22.308717122868554,277.0,81.0,196.0,SDD2,solexs
1787496231.0,1787496304.0,1787496895.0,35.0,11.493189737092177,30.605423817978455,664.0,73.0,591.0,SDD2,solexs
1787500099.0,1787500108.0,1787500179.0,25.0,11.561081195227537,17.6794749558303,80.0,9.0,71.0,SDD2,solexs
1787502109.0,1787502551.0,1787503505.0,48.0,11.361102312321826,48.61241104624555,1396.0,442.0,954.0,SDD2,solexs
1787506547.0,1787506547.0,1787506957.0,30.0,13.008869179600888,20.49091438536485,410.0,0.0,410.0,SDD2,solexs
1787508580.0,1787508776.0,1787509746.0,39.0,12.613240418118469,33.05836157757431,1166.0,196.0,970.0,SDD2,solexs
1787513458.0,1787513752.0,1787514966.0,125.0,14.186991869918701,130.76968109637943,1508.0,294.0,1214.0,SDD2,solexs
1787521980.0,1787522570.0,1787525280.0,143.0,16.26934853764122,140.7294009339784,3300.0,590.0,2710.0,SDD2,solexs
1787529220.0,1787529284.0,1787529288.0,25.0,10.64681659803611,19.672218775081873,68.0,64.0,4.0,SDD2,solexs
1787616017.0,1787616004.0,1787616168.0,22.0,9.874635611623251,17.25048435933566,151.0,-13.0,164.0,SDD2,solexs
1787617182.0,1787617102.0,1787618367.0,22.0,7.372611128708689,22.014643555223618,1185.0,-80.0,1265.0,SDD2,solexs
1787619920.0,1787621114.0,1787627249.0,1236.0,41.80324147397318,1742.075464112672,7329.0,1194.0,6135.0,SDD2,solexs
1787627957.0,1787630556.0,1787634082.0,595.0,31.714285714285715,329.7151799856298,6125.0,2599.0,3526.0,SDD2,solexs
1787635152.0,1787635774.0,1787636287.0,47.0,16.47091120261852,33.73333397188181,1135.0,622.0,513.0,SDD2,solexs
1787637179.0,1787637317.0,1787638496.0,51.0,16.38095238095238,38.25256308409632,1317.0,138.0,1179.0,SDD2,solexs
1787639637.0,1787639984.0,1787641387.0,1213.0,19.07243163340724,1226.0378541253858,1750.0,347.0,1403.0,SDD2,solexs
1787641823.0,1787642916.0,1787645996.0,321.0,34.676697286453376,177.3314287864441,4173.0,1093.0,3080.0,SDD2,solexs
1787647757.0,1787648065.0,1787648201.0,49.0,24.681448632668143,21.850931362636707,444.0,308.0,136.0,SDD2,solexs
1787649000.0,1787652135.0,1787660456.0,5067.0,68.65864217083728,1647.8116820553,11456.0,3135.0,8321.0,SDD2,solexs
1787661404.0,1787662669.0,1787667617.0,243.0,45.85471439129976,120.36030061412835,6213.0,1265.0,4948.0,SDD2,solexs
1787668552.0,1787669073.0,1787669868.0,41.0,19.20483581459191,22.154936309551303,1316.0,521.0,795.0,SDD2,solexs
1787672287.0,1787672461.0,1787673579.0,47.0,14.967585260268187,35.289625850939565,1292.0,174.0,1118.0,SDD2,solexs
1787683631.0,1787683947.0,1787684723.0,37.0,8.285714285714285,43.498152244900936,1092.0,316.0,776.0,SDD2,solexs
1787685942.0,1787685990.0,1787686372.0,24.0,7.358885017421602,27.134841304805683,430.0,48.0,382.0,SDD2,solexs
1787691131.0,1787691178.0,1787692423.0,20.0,5.333333333333333,25.521714871094012,1292.0,47.0,1245.0,SDD2,solexs
1787693514.0,1787693598.0,1787694091.0,19.0,5.333333333333333,26.46538619908402,577.0,84.0,493.0,SDD2,solexs
1787698878.0,1787698987.0,1787699419.0,23.0,4.666666666666666,37.9321560182658,541.0,109.0,432.0,SDD2,solexs
1787704243.0,1787705712.0,1787706465.0,38.0,6.941294477879843,48.6707131856006,2222.0,1469.0,753.0,SDD2,solexs
1787709317.0,1787709718.0,1787710415.0,24.0,7.41632351388449,27.298552110296516,1098.0,401.0,697.0,SDD2,solexs
1787725834.0,1787726033.0,1787728596.0,1513.0,10.402069475240207,2963.1630796349505,2762.0,199.0,2563.0,SDD2,solexs
1787729532.0,1787729578.0,1787730813.0,24.0,7.514623587794319,23.80134612441014,1281.0,46.0,1235.0,SDD2,solexs
1787744659.0,1787746463.0,1787750034.0,598.0,14.317125963467426,689.474721640825,5375.0,1804.0,3571.0,SDD2,solexs
1787751420.0,1787751839.0,1787753003.0,33.0,8.38095238095238,37.17863406624082,1583.0,419.0,1164.0,SDD2,solexs
1787756479.0,1787756841.0,1787757341.0,22.0,6.9523809523809526,25.522076447086093,862.0,362.0,500.0,SDD2,solexs
1787759706.0,1787760377.0,1787760796.0,27.0,10.284236089114138,23.255249693465643,1090.0,671.0,419.0,SDD2,solexs
1787761903.0,1787761973.0,1787762839.0,23.0,7.972547777425826,22.44363924221585,936.0,70.0,866.0,SDD2,solexs
1787766248.0,1787766331.0,1787766956.0,29.0,5.634885439763488,42.45112520506655,708.0,83.0,625.0,SDD2,solexs
1787771299.0,1787771495.0,1787773271.0,43.0,5.571428571428571,74.15424332027942,1972.0,196.0,1776.0,SDD2,solexs
1787774089.0,1787774217.0,1787774645.0,21.0,5.290993559286242,29.745222254288986,556.0,128.0,428.0,SDD2,solexs
1787780068.0,1787780420.0,1787781963.0,157.0,4.725424981522542,321.08515074470057,1895.0,352.0,1543.0,SDD2,solexs
1787783915.0,1787784699.0,1787787095.0,35.0,8.96241157216767,38.81454512986331,3180.0,784.0,2396.0,SDD2,solexs
1787787981.0,1787788067.0,1787788201.0,21.0,6.761904761904762,24.48681874848576,220.0,86.0,134.0,SDD2,solexs
1787789452.0,1787789577.0,1787790214.0,29.0,6.369337979094077,39.489675474080144,762.0,125.0,637.0,SDD2,solexs
1787792623.0,1787792693.0,1787793052.0,19.0,6.206472389399218,23.166052867401547,429.0,70.0,359.0,SDD2,solexs
1787794590.0,1787794895.0,1787798356.0,263.0,6.476190476190476,450.798925096708,3766.0,305.0,3461.0,SDD2,solexs
1787800402.0,1787800558.0,1787800989.0,30.0,7.19047619047619,38.1332643182001,587.0,156.0,431.0,SDD2,solexs
1787802161.0,1787802591.0,1787803511.0,53.0,7.043395628761481,76.46448932100441,1350.0,430.0,920.0,SDD2,solexs
1787804891.0,1787805053.0,1787806639.0,22.0,5.851546827156583,27.48347048653527,1748.0,162.0,1586.0,SDD2,solexs
1787808528.0,1787810022.0,1787810642.0,46.0,4.523809523809524,94.38345305991672,2114.0,1494.0,620.0,SDD2,solexs
1787812073.0,1787812654.0,1787813802.0,35.0,4.184141062189843,69.67664432204457,1729.0,581.0,1148.0,SDD2,solexs
1787814273.0,1787814461.0,1787814884.0,48.0,4.428571428571429,92.59445295963472,611.0,188.0,423.0,SDD2,solexs
1787819404.0,1787819329.0,1787819623.0,18.0,4.571428571428571,28.08787231935825,219.0,-75.0,294.0,SDD2,solexs
1787821455.0,1787821698.0,1787822143.0,25.0,5.260057016154577,38.60916581220115,688.0,243.0,445.0,SDD2,solexs
1787823150.0,1787823809.0,1787823822.0,16.0,4.476190476190476,24.358850481043888,672.0,659.0,13.0,SDD2,solexs
1787824532.0,1787824566.0,1787824659.0,16.0,4.476190476190476,24.358850481043888,127.0,34.0,93.0,SDD2,solexs
1787828520.0,1787828743.0,1787828724.0,15.0,4.278428888184985,23.07781336285299,204.0,223.0,-19.0,SDD2,solexs
1787832633.0,1787834105.0,1787836853.0,34.0,6.536690951325097,39.282805896549704,4220.0,1472.0,2748.0,SDD2,solexs
1787853344.0,1787853573.0,1787853688.0,16.0,4.285714285714286,25.305749393783078,344.0,229.0,115.0,SDD2,solexs
1787865064.0,1787865424.0,1787865567.0,15.0,3.8571428571428568,25.37340189666186,503.0,360.0,143.0,SDD2,solexs
1787875544.0,1787875787.0,1787876144.0,16.0,3.3675430260796113,31.007966704643778,600.0,243.0,357.0,SDD2,solexs
1787878319.0,1787878552.0,1787879060.0,17.0,3.6847217822827574,31.416493662348547,741.0,233.0,508.0,SDD2,solexs
1787889316.0,1787889348.0,1787889418.0,15.0,3.333333333333333,28.577380332470415,102.0,32.0,70.0,SDD2,solexs
1787890612.0,1787890929.0,1787892459.0,38.0,3.622901488755147,84.20635018994113,1847.0,317.0,1530.0,SDD2,solexs
1787911446.0,1787911629.0,1787911627.0,14.0,3.714285714285714,23.867767588744652,181.0,183.0,-2.0,SDD2,solexs
1787919411.0,1787919498.0,1787919596.0,20.0,4.857142857142857,30.727864889579767,185.0,87.0,98.0,SDD2,solexs
1787920603.0,1787921154.0,1787921473.0,19.0,4.40639847956921,31.398021368014273,870.0,551.0,319.0,SDD2,solexs
1787941716.0,1787941742.0,1787941833.0,11.0,3.714285714285714,16.906335375360797,117.0,26.0,91.0,SDD2,solexs
1787988237.0,1787988393.0,1787988689.0,18.0,3.571428571428571,34.14423189103207,452.0,156.0,296.0,SDD2,solexs
1787992397.0,1787992670.0,1787993634.0,16.0,4.274363847534579,25.330269142668403,1237.0,273.0,964.0,SDD2,solexs
1787995584.0,1787995864.0,1787996491.0,19.0,4.365167352972231,31.524886923847035,907.0,280.0,627.0,SDD2,solexs
1788004566.0,1788005506.0,1788007064.0,44.0,6.476190476190476,66.79132976060929,2498.0,940.0,1558.0,SDD2,solexs
1788009594.0,1788009877.0,1788010346.0,37.0,5.428571428571429,60.59913893033253,752.0,283.0,469.0,SDD2,solexs
1788011773.0,1788011896.0,1788012662.0,33.0,5.619047619047619,51.65735811378865,889.0,123.0,766.0,SDD2,solexs
1788014752.0,1788014991.0,1788016265.0,30.0,6.0,43.976348288018826,1513.0,239.0,1274.0,SDD2,solexs
1788028562.0,1788028914.0,1788029331.0,30.0,4.0476190476190474,57.688917518720984,769.0,352.0,417.0,SDD2,solexs
1788032432.0,1788032518.0,1788032762.0,14.0,3.8095238095238093,23.349314255251187,330.0,86.0,244.0,SDD2,solexs
1788052574.0,1788052848.0,1788053834.0,153.0,3.333333333333333,346.0071065302538,1260.0,274.0,986.0,SDD2,solexs
1788055220.0,1788055298.0,1788055370.0,15.0,3.333333333333333,28.577380332470415,150.0,78.0,72.0,SDD2,solexs
1788056110.0,1788056093.0,1788056256.0,13.0,3.779326364692218,21.36813801874762,146.0,-17.0,163.0,SDD2,solexs
1788057469.0,1788057574.0,1788057584.0,13.0,3.510452961672473,22.699254959349076,115.0,105.0,10.0,SDD2,solexs
1788062183.0,1788062317.0,1788062507.0,14.0,3.124379685355295,27.386849327711843,324.0,134.0,190.0,SDD2,solexs
1788070999.0,1788071173.0,1788071581.0,18.0,4.220040122479146,29.82474747889516,582.0,174.0,408.0,SDD2,solexs
1788073950.0,1788074738.0,1788075083.0,21.0,3.8867595818815333,38.635269150861426,1133.0,788.0,345.0,SDD2,solexs
1788082624.0,1788082776.0,1788083042.0,16.0,5.146552634357512,21.598614358121072,418.0,152.0,266.0,SDD2,solexs
1788089556.0,1788089589.0,1788089880.0,20.0,4.817337134410305,31.474210921136425,324.0,33.0,291.0,SDD2,solexs
1788091488.0,1788091988.0,1788092528.0,23.0,7.018371872030408,27.07233909449692,1040.0,500.0,540.0,SDD2,solexs
1788094281.0,1788094693.0,1788096087.0,31.0,7.24611973392461,37.1538708878179,1806.0,412.0,1394.0,SDD2,solexs
1788104535.0,1788104549.0,1788104906.0,15.0,4.476190476190476,22.245065935168178,371.0,14.0,357.0,SDD2,solexs
1788107197.0,1788108942.0,1788112777.0,86.0,7.378101573223525,106.94370916570008,5580.0,1745.0,3835.0,SDD2,solexs
1788115019.0,1788115045.0,1788115122.0,14.0,4.118361313483264,21.726941060787233,103.0,26.0,77.0,SDD2,solexs
1788119634.0,1788120102.0,1788121134.0,18.0,4.167775314116778,28.900484361802114,1500.0,468.0,1032.0,SDD2,solexs
1788125902.0,1788126215.0,1788127082.0,24.0,3.621159328476401,47.90681769254668,1180.0,313.0,867.0,SDD2,solexs
1788128694.0,1788128575.0,1788129043.0,16.0,4.1287614824200185,24.271283716267696,349.0,-119.0,468.0,SDD2,solexs
1788129512.0,1788129691.0,1788129844.0,16.0,3.6009925034315278,29.265368272780808,332.0,179.0,153.0,SDD2,solexs
1788143395.0,1788143472.0,1788143746.0,17.0,4.162126491394784,28.292655069574444,351.0,77.0,274.0,SDD2,solexs
1788145957.0,1788147200.0,1788147681.0,35.0,5.1426459719142645,53.535299397505206,1724.0,1243.0,481.0,SDD2,solexs
1788148346.0,1788148500.0,1788148608.0,18.0,4.904761904761905,26.44353014706863,262.0,154.0,108.0,SDD2,solexs
1788152990.0,1788153000.0,1788153590.0,16.0,4.964945623482208,22.28335147156286,600.0,10.0,590.0,SDD2,solexs
1788154600.0,1788154735.0,1788155557.0,18.0,6.142857142857142,21.394879382398386,957.0,135.0,822.0,SDD2,solexs
1788158257.0,1788159168.0,1788160238.0,26.0,5.356087002428466,39.976765620074694,1981.0,911.0,1070.0,SDD2,solexs
1788177746.0,1788178040.0,1788178972.0,34.0,4.97930524759793,59.03394428796416,1226.0,294.0,932.0,SDD2,solexs
1788183062.0,1788189363.0,1788191230.0,112.0,5.4627811213177075,129.6119632001415,8168.0,6301.0,1867.0,SDD2,solexs
1788199485.0,1788200746.0,1788202018.0,37.0,7.147450110864745,50.08780422890656,2533.0,1261.0,1272.0,SDD2,solexs
1788203137.0,1788203519.0,1788206009.0,27.0,6.817759476296061,30.815029748425456,2872.0,382.0,2490.0,SDD2,solexs
1788209601.0,1788209914.0,1788210754.0,17.0,3.918857565199028,29.787071664868982,1153.0,313.0,840.0,SDD2,solexs
1788213512.0,1788213822.0,1788214336.0,19.0,3.761904761904762,35.03939199024681,824.0,310.0,514.0,SDD2,solexs
1788244633.0,1788244632.0,1788245209.0,17.0,4.806778587266392,25.503952376783893,576.0,-1.0,577.0,SDD2,solexs
1788248100.0,1788248159.0,1788248326.0,19.0,5.761904761904762,24.66365638906293,226.0,59.0,167.0,SDD2,solexs
1788265451.0,1788266558.0,1788269256.0,43.0,6.777531411677752,67.75914783794906,3805.0,1107.0,2698.0,SDD2,solexs
1788286750.0,1788286895.0,1788287098.0,17.0,3.476190476190476,32.438611800618204,348.0,145.0,203.0,SDD2,solexs
1788287609.0,1788287704.0,1788288174.0,22.0,3.095238095238095,48.055066093902916,565.0,95.0,470.0,SDD2,solexs
1788294531.0,1788294999.0,1788295702.0,18.0,4.13472706155633,31.25384020808385,1171.0,468.0,703.0,SDD2,solexs
1788296832.0,1788297009.0,1788297754.0,365.0,5.285714285714286,699.7144481003011,922.0,177.0,745.0,SDD2,solexs
1788302131.0,1788302684.0,1788303823.0,33.0,5.129553373455812,56.554671966687344,1692.0,553.0,1139.0,SDD2,solexs
1788304899.0,1788306022.0,1788308428.0,74.0,10.410252349276739,100.53493148520741,3529.0,1123.0,2406.0,SDD2,solexs
1788308987.0,1788309073.0,1788310059.0,23.0,5.971914264597191,28.44051531691617,1072.0,86.0,986.0,SDD2,solexs
1788313138.0,1788313200.0,1788313256.0,16.0,3.209798331749551,31.945582902040105,118.0,62.0,56.0,SDD2,solexs
1788354917.0,1788355195.0,1788355951.0,48.0,3.714285714285714,103.82906267450369,1034.0,278.0,756.0,SDD2,solexs
1788363469.0,1788364038.0,1788365440.0,54.0,4.488543976348854,112.05298162054345,1971.0,569.0,1402.0,SDD2,solexs
1788366184.0,1788366687.0,1788369099.0,61.0,6.175483053531834,80.14072353228352,2915.0,503.0,2412.0,SDD2,solexs
1788375823.0,1788376767.0,1788385696.0,2045.0,52.324516946468165,4481.1967585847115,9873.0,944.0,8929.0,SDD2,solexs
1788386367.0,1788386781.0,1788390696.0,65.0,12.545771301868863,45.42903301354517,4329.0,414.0,3915.0,SDD2,solexs
1788393203.0,1788393487.0,1788394237.0,25.0,5.796642382008236,35.07673517836527,1034.0,284.0,750.0,SDD2,solexs
1788398485.0,1788399297.0,1788400102.0,25.0,4.619047619047619,42.409509775417845,1617.0,812.0,805.0,SDD2,solexs
1788407745.0,1788408029.0,1788408376.0,18.0,3.9785133565621367,31.39819933150816,631.0,284.0,347.0,SDD2,solexs
1788412243.0,1788412375.0,1788412443.0,13.0,3.3809523809523805,23.39524219746833,200.0,132.0,68.0,SDD2,solexs
1788414112.0,1788414182.0,1788414385.0,22.0,3.6190476190476186,43.210158464025746,273.0,70.0,203.0,SDD2,solexs
1788415018.0,1788415498.0,1788415445.0,15.0,3.9855347904128386,24.724562506403778,427.0,480.0,-53.0,SDD2,solexs
1788417130.0,1788417170.0,1788417516.0,17.0,3.8095238095238093,30.223177797684947,386.0,40.0,346.0,SDD2,solexs
1788419077.0,1788419153.0,1788419233.0,22.0,4.469221835075492,37.08253861222666,156.0,76.0,80.0,SDD2,solexs
1788419714.0,1788419635.0,1788420153.0,17.0,4.333333333333333,27.21236521349845,439.0,-79.0,518.0,SDD2,solexs
1788423990.0,1788424093.0,1788424143.0,19.0,4.333333333333333,31.50905445773505,153.0,103.0,50.0,SDD2,solexs
1788426062.0,1788425987.0,1788426174.0,12.0,4.333333333333333,16.470642102906957,112.0,-75.0,187.0,SDD2,solexs
1788428301.0,1788428554.0,1788429386.0,96.0,5.578133248864956,171.31886286391435,1085.0,253.0,832.0,SDD2,solexs
1788431263.0,1788431463.0,1788431662.0,21.0,7.154154788301129,23.15057133500833,399.0,200.0,199.0,SDD2,solexs
1788434265.0,1788434292.0,1788434388.0,21.0,6.9393939393939394,23.845300320857085,123.0,27.0,96.0,SDD2,solexs
1788435925.0,1788436781.0,1788437985.0,221.0,7.151303980572274,361.8333941473444,2060.0,856.0,1204.0,SDD2,solexs
1788438860.0,1788440678.0,1788440969.0,43.0,9.644124168514413,43.33304166566458,2109.0,1818.0,291.0,SDD2,solexs
1788442473.0,1788442715.0,1788444307.0,31.0,8.17854503220357,30.470065166307727,1834.0,242.0,1592.0,SDD2,solexs
1788446561.0,1788446822.0,1788449638.0,375.0,9.952380952380953,593.7324174239504,3077.0,261.0,2816.0,SDD2,solexs
1788452249.0,1788453040.0,1788454573.0,428.0,9.974342730440291,623.3569986330587,2324.0,791.0,1533.0,SDD2,solexs
1788455580.0,1788458020.0,1788459159.0,90.0,42.857142857142854,31.109081069268736,3579.0,2440.0,1139.0,SDD2,solexs
1788460029.0,1788460156.0,1788462895.0,130.0,42.75377468060395,59.60051835757793,2866.0,127.0,2739.0,SDD2,solexs
1788463714.0,1788463900.0,1788464806.0,84.0,39.047619047619044,32.17143393509506,1092.0,186.0,906.0,SDD2,solexs
1788465539.0,1788465923.0,1788471607.0,167.0,42.666666666666664,85.12521414559458,6068.0,384.0,5684.0,SDD2,solexs
1788472596.0,1788473131.0,1788473470.0,52.0,24.333333333333336,25.082512236443222,874.0,535.0,339.0,SDD2,solexs
1788473910.0,1788476269.0,1788477824.0,78.0,27.747650723260477,39.44320069279575,3914.0,2359.0,1555.0,SDD2,solexs
1788478628.0,1788479045.0,1788481012.0,72.0,22.26206314011192,43.34243247421951,2384.0,417.0,1967.0,SDD2,solexs
1788481470.0,1788481583.0,1788481593.0,37.0,19.142857142857146,18.252551885142783,123.0,113.0,10.0,SDD2,solexs
1788481987.0,1788482361.0,1788482923.0,47.0,19.142857142857146,28.47398094082274,936.0,374.0,562.0,SDD2,solexs
1788483503.0,1788483908.0,1788484478.0,40.0,15.15637208320135,28.473199239186123,975.0,405.0,570.0,SDD2,solexs
1788487862.0,1788487892.0,1788488014.0,28.0,13.904761904761905,16.904628684829206,152.0,30.0,122.0,SDD2,solexs
1788489700.0,1788489906.0,1788491982.0,45.0,15.233766233766232,33.130345177040624,2282.0,206.0,2076.0,SDD2,solexs
1788494730.0,1788497811.0,1788500621.0,85.0,15.857142857142858,71.17181792574024,5891.0,3081.0,2810.0,SDD2,solexs
1788502261.0,1788502513.0,1788503110.0,41.0,12.710062295428148,35.33573267081052,849.0,252.0,597.0,SDD2,solexs
1788504831.0,1788504901.0,1788505694.0,26.0,9.103737725688944,24.415543692450886,863.0,70.0,793.0,SDD2,solexs
1788508159.0,1788508405.0,1788509844.0,786.0,7.904761904761904,1237.6657095076632,1685.0,246.0,1439.0,SDD2,solexs
1788513154.0,1788513445.0,1788514678.0,35.0,13.498257839721255,26.27263744769294,1524.0,291.0,1233.0,SDD2,solexs
1788517938.0,1788518038.0,1788518297.0,32.0,12.666666666666666,24.293526680918344,359.0,100.0,259.0,SDD2,solexs
1788518740.0,1788519306.0,1788519613.0,30.0,12.285714285714285,22.601561113871167,873.0,566.0,307.0,SDD2,solexs
1788520434.0,1788520744.0,1788525644.0,372.0,20.572801182557278,448.3840578874427,5210.0,310.0,4900.0,SDD2,solexs
1788526849.0,1788527084.0,1788528060.0,84.0,12.620789779326364,87.65869915940004,1211.0,235.0,976.0,SDD2,solexs
1788530172.0,1788531116.0,1788532094.0,30.0,10.858304297328687,25.942093863943388,1922.0,944.0,978.0,SDD2,solexs
1788535024.0,1788535565.0,1788539260.0,51.0,10.523809523809524,55.79922144217707,4236.0,541.0,3695.0,SDD2,solexs
1788541159.0,1788541169.0,1788541426.0,24.0,8.239573434695386,24.556674936201354,267.0,10.0,257.0,SDD2,solexs
1788542517.0,1788542493.0,1788542651.0,21.0,8.023651145602365,20.168011768599843,134.0,-24.0,158.0,SDD2,solexs
1788543281.0,1788543312.0,1788543861.0,19.0,6.384119945095555,21.811826805444724,580.0,31.0,549.0,SDD2,solexs
1788548736.0,1788550239.0,1788553406.0,336.0,8.019850068630557,329.4469865255909,4670.0,1503.0,3167.0,SDD2,solexs
1788556008.0,1788556664.0,1788557799.0,40.0,8.053267870341042,51.09446928715067,1791.0,656.0,1135.0,SDD2,solexs
1788558637.0,1788559463.0,1788559592.0,18.0,5.761904761904762,22.98302844751889,955.0,826.0,129.0,SDD2,solexs
1788561538.0,1788561719.0,1788563829.0,23.0,5.238095238095237,34.707061047862965,2291.0,181.0,2110.0,SDD2,solexs
1788580211.0,1788580408.0,1788580644.0,18.0,3.2771090697919965,36.323960488427964,433.0,197.0,236.0,SDD2,solexs
1788601602.0,1788602551.0,1788603253.0,23.0,5.619047619047619,32.79119254179627,1651.0,949.0,702.0,SDD2,solexs
1788603841.0,1788604978.0,1788607623.0,331.0,5.755780804561292,543.4149409642899,3782.0,1137.0,2645.0,SDD2,solexs
1788609523.0,1788609720.0,1788611957.0,56.0,4.502692429521698,110.0310493996811,2434.0,197.0,2237.0,SDD2,solexs
1788617452.0,1788617465.0,1788618269.0,15.0,3.89441452856087,24.98199159554853,817.0,13.0,804.0,SDD2,solexs
1788621033.0,1788621513.0,1788624800.0,537.0,10.01441241685144,1192.2887601097366,3767.0,480.0,3287.0,SDD2,solexs
1788629788.0,1788630288.0,1788633115.0,445.0,7.013673318551367,709.8649301424144,3327.0,500.0,2827.0,SDD2,solexs
1788641793.0,1788641816.0,1788641950.0,12.0,3.095238095238095,22.635509721813214,157.0,23.0,134.0,SDD2,solexs
1788643835.0,1788643987.0,1788644421.0,15.0,3.953225636152465,24.600246406928367,586.0,152.0,434.0,SDD2,solexs
1788669366.0,1788669394.0,1788669600.0,12.0,3.3789462569950377,21.03274157169821,234.0,28.0,206.0,SDD2,solexs
1788670243.0,1788671209.0,1788673007.0,22.0,4.095238095238095,38.71162383542917,2764.0,966.0,1798.0,SDD2,solexs
1788681596.0,1788681652.0,1788681924.0,15.0,3.571428571428571,27.04493615131253,328.0,56.0,272.0,SDD2,solexs
1788691001.0,1788691313.0,1788693590.0,242.0,4.476190476190476,565.2089395030667,2589.0,312.0,2277.0,SDD2,solexs
1788700848.0,1788701711.0,1788703484.0,43.0,5.073909830007391,82.74820135303501,2636.0,863.0,1773.0,SDD2,solexs
1788710684.0,1788711152.0,1788711601.0,26.0,5.556435434484214,38.72997247416438,917.0,468.0,449.0,SDD2,solexs
1788757201.0,1788757228.0,1788757386.0,12.0,3.385281385281385,21.112367561071768,185.0,27.0,158.0,SDD2,solexs
1788761248.0,1788761990.0,1788763556.0,25.0,4.375673107380424,46.14359185662234,2308.0,742.0,1566.0,SDD2,solexs
1788768257.0,1788771643.0,1788774878.0,84.0,10.585524231865694,70.65668718639014,6621.0,3386.0,3235.0,SDD2,solexs
1788776871.0,1788777059.0,1788777800.0,19.0,5.921655580192166,23.122402548509946,929.0,188.0,741.0,SDD2,solexs
1788792921.0,1788793204.0,1788793808.0,22.0,2.714285714285714,52.35075456723999,887.0,283.0,604.0,SDD2,solexs
1788809586.0,1788809727.0,1788810567.0,37.0,3.3233027135466155,81.45745057744426,981.0,141.0,840.0,SDD2,solexs
1788870060.0,1788870206.0,1788870572.0,110.0,3.761904761904762,244.9578576394085,512.0,146.0,366.0,SDD2,solexs
1788889185.0,1788889393.0,1788889932.0,123.0,3.244271988174427,296.54199043854976,747.0,208.0,539.0,SDD2,solexs
1788897901.0,1788898116.0,1788898311.0,16.0,3.1428571428571423,32.43374865704013,410.0,215.0,195.0,SDD2,solexs
1788898635.0,1788898904.0,1788898959.0,17.0,3.5473550839404497,31.70614239458249,324.0,269.0,55.0,SDD2,solexs
1788899865.0,1788900187.0,1788901403.0,49.0,3.6666666666666665,105.87585640596714,1538.0,322.0,1216.0,SDD2,solexs
1788902806.0,1788904064.0,1788905311.0,37.0,6.142857142857142,54.64044270545339,2505.0,1258.0,1247.0,SDD2,solexs
1788905962.0,1788906246.0,1788907360.0,107.0,5.045824094604582,187.18416090676675,1398.0,284.0,1114.0,SDD2,solexs
1788910028.0,1788910687.0,1788913004.0,158.0,14.337556752190897,336.0655507625314,2976.0,659.0,2317.0,SDD2,solexs
1788913573.0,1788913866.0,1788915099.0,35.0,10.015415478830112,33.214844503065756,1526.0,293.0,1233.0,SDD2,solexs
1788916070.0,1788916052.0,1788917179.0,21.0,5.39320029563932,27.381809305760754,1109.0,-18.0,1127.0,SDD2,solexs
1788929089.0,1788929230.0,1788929301.0,14.0,2.333333333333333,34.15650255319867,212.0,141.0,71.0,SDD2,solexs
1788933495.0,1788934026.0,1788936153.0,62.0,3.1773835920177382,158.29054933199646,2658.0,531.0,2127.0,SDD2,solexs
1788944077.0,1788944913.0,1788948424.0,139.0,10.533417801710485,336.2873255198745,4347.0,836.0,3511.0,SDD2,solexs
1788949604.0,1788949907.0,1788951459.0,137.0,9.508974765072326,183.8351585719648,1855.0,303.0,1552.0,SDD2,solexs
1789000180.0,1789001037.0,1789004649.0,45.0,4.784500052792735,92.05602910932055,4469.0,857.0,3612.0,SDD2,solexs
1789026224.0,1789026369.0,1789026760.0,18.0,2.571428571428571,43.02822993603817,536.0,145.0,391.0,SDD2,solexs
1789048108.0,1789048440.0,1789048421.0,16.0,3.571428571428571,29.411368064552377,313.0,332.0,-19.0,SDD2,solexs
1789059475.0,1789060269.0,1789061628.0,52.0,4.580244958293738,102.89313767669161,2153.0,794.0,1359.0,SDD2,solexs
1789063261.0,1789063603.0,1789065242.0,39.0,7.210537430049625,46.87132822176322,1981.0,342.0,1639.0,SDD2,solexs
1789066909.0,1789066991.0,1789067106.0,17.0,4.19047619047619,27.98441897963411,197.0,82.0,115.0,SDD2,solexs
1789070583.0,1789070807.0,1789071194.0,24.0,3.4285714285714284,49.68472027264951,611.0,224.0,387.0,SDD2,solexs
1789078180.0,1789078304.0,1789078374.0,11.0,2.221428571428571,26.34041835189197,194.0,124.0,70.0,SDD2,solexs
1789083302.0,1789083336.0,1789083596.0,15.0,2.4285714285714284,36.07648271439466,294.0,34.0,260.0,SDD2,solexs
1789089129.0,1789089330.0,1789089383.0,19.0,2.5238095238095237,46.38136379471093,254.0,201.0,53.0,SDD2,solexs
1789095114.0,1789095576.0,1789096311.0,19.0,3.9780382219406603,33.40633583628252,1197.0,462.0,735.0,SDD2,solexs
1789135241.0,1789135362.0,1789135647.0,15.0,2.3102101150881635,37.53690469495446,406.0,121.0,285.0,SDD2,solexs
1789163278.0,1789163310.0,1789164071.0,16.0,2.6666666666666665,36.51483716701108,793.0,32.0,761.0,SDD2,solexs
1789165838.0,1789166204.0,1789167305.0,23.0,3.397001372611128,51.77671741037012,1467.0,366.0,1101.0,SDD2,solexs
1789168277.0,1789168469.0,1789169099.0,25.0,5.436595924400802,36.633977237661036,822.0,192.0,630.0,SDD2,solexs
1789169897.0,1789169943.0,1789170093.0,15.0,3.6190476190476186,26.754476354668792,196.0,46.0,150.0,SDD2,solexs
1789190521.0,1789190679.0,1789191614.0,15.0,2.761904761904762,32.93248305344863,1093.0,158.0,935.0,SDD2,solexs
1789192008.0,1789192151.0,1789192575.0,16.0,4.7142857142857135,23.24535051029174,567.0,143.0,424.0,SDD2,solexs
1789198641.0,1789198731.0,1789199266.0,18.0,3.129078238834336,38.071666149822136,625.0,90.0,535.0,SDD2,solexs
1789213724.0,1789214348.0,1789215169.0,30.0,2.8590961883644805,73.13217766253324,1445.0,624.0,821.0,SDD2,solexs
1789220338.0,1789220757.0,1789221989.0,17.0,2.8487224157955864,38.141965577727326,1651.0,419.0,1232.0,SDD2,solexs
1789229409.0,1789229576.0,1789231211.0,35.0,2.5238095238095237,96.06586695414138,1802.0,167.0,1635.0,SDD2,solexs
1789233392.0,1789233634.0,1789236611.0,312.0,5.134040755991975,741.1517043309557,3219.0,242.0,2977.0,SDD2,solexs
1789237709.0,1789237869.0,1789238519.0,24.0,4.904761904761905,38.55947486899825,810.0,160.0,650.0,SDD2,solexs
1789252306.0,1789252204.0,1789252465.0,12.0,2.621428571428571,25.74507609211781,159.0,-102.0,261.0,SDD2,solexs
1789254053.0,1789255464.0,1789256075.0,36.0,2.992925773413578,78.10553022938956,2022.0,1411.0,611.0,SDD2,solexs
1789269588.0,1789269765.0,1789269834.0,16.0,2.714285714285714,36.06385314632089,246.0,177.0,69.0,SDD2,solexs
1789279502.0,1789279637.0,1789279926.0,15.0,2.5189525921233233,35.47104687331393,424.0,135.0,289.0,SDD2,solexs
1789296397.0,1789296551.0,1789296968.0,18.0,2.825836764861155,40.468376023602126,571.0,154.0,417.0,SDD2,solexs
1789306482.0,1789306653.0,1789306707.0,12.0,2.714285714285714,25.205918865708146,225.0,171.0,54.0,SDD2,solexs
1789322206.0,1789322437.0,1789323333.0,33.0,2.529722310210115,86.59630981734253,1127.0,231.0,896.0,SDD2,solexs
1789326793.0,1789329673.0,1789332542.0,59.0,12.560975609756095,48.82360824460448,5749.0,2880.0,2869.0,SDD2,solexs
1789333531.0,1789333973.0,1789334873.0,29.0,7.095238095238095,36.776470585829735,1342.0,442.0,900.0,SDD2,solexs
1789374788.0,1789374827.0,1789375493.0,13.0,2.8578819554429304,26.229335314945676,705.0,39.0,666.0,SDD2,solexs
1789381546.0,1789383886.0,1789384187.0,29.0,5.761904761904761,30.903131395334814,2641.0,2340.0,301.0,SDD2,solexs
1789384972.0,1789385029.0,1789385737.0,29.0,11.856878893464259,21.664266385472374,765.0,57.0,708.0,SDD2,solexs
1789387454.0,1789387731.0,1789388308.0,28.0,7.87382536163024,31.29893037638725,854.0,277.0,577.0,SDD2,solexs
1789396321.0,1789396470.0,1789397572.0,37.0,2.8571428571428568,82.4720389014093,1251.0,149.0,1102.0,SDD2,solexs
1789484610.0,1789485499.0,1789485742.0,19.0,2.3108436279167983,47.112126687048566,1132.0,889.0,243.0,SDD2,solexs
1789605416.0,1789605686.0,1789607564.0,17.0,3.03273149614613,30.585061546533343,2148.0,270.0,1878.0,SDD2,solexs
