flare_id,start,peak,end,solexs_peak_cps,solexs_bg_cps,solexs_excess_sigma,hard_detected,hard_peak_cps,hard_lead_s,hardness_ratio,class_proxy,duration_s,rise_s,decay_s,detectors,goes_flux_proxy
F1707700732,2024-02-12 01:18:52,2024-02-12 01:23:04,2024-02-12 01:23:53,84.0,52.45391194171682,19.24459202308329,False,0.0,,,C,301.0,252.0,49.0,solexs,1.864519939124312e-06
F1707701894,2024-02-12 01:38:14,2024-02-12 01:49:20,2024-02-12 02:15:47,331.0,82.06366803927779,124.23853003643863,False,0.0,,,C,2253.0,666.0,1587.0,solexs,6.17318953754321e-06
F1707704923,2024-02-12 02:28:43,2024-02-12 02:28:54,2024-02-12 02:34:25,112.0,71.48173371344103,21.0771760898646,False,0.0,,,C,342.0,11.0,331.0,solexs,2.396870333739284e-06
F1707708649,2024-02-12 03:30:49,2024-02-12 03:47:49,2024-02-12 04:51:30,4835.0,91.84716503009184,2620.5377496919596,False,0.0,,,M,4841.0,1020.0,3821.0,solexs,6.415547748250004e-05
F1707716994,2024-02-12 05:49:54,2024-02-12 05:54:16,2024-02-12 06:20:30,427.0,56.71940660965051,225.4235120272729,False,0.0,,,C,1836.0,262.0,1574.0,solexs,7.710252685080365e-06
F1707722108,2024-02-12 07:15:08,2024-02-12 07:16:13,2024-02-12 07:19:52,86.0,52.68076232710379,20.530508078665665,False,0.0,,,C,284.0,65.0,219.0,solexs,1.9032193884271946e-06
F1707727217,2024-02-12 08:40:17,2024-02-12 08:43:57,2024-02-12 08:52:54,123.0,63.55780804561292,33.51901115374179,False,0.0,,,C,757.0,220.0,537.0,solexs,2.601155524350953e-06
F1707735744,2024-02-12 11:02:24,2024-02-12 11:12:49,2024-02-12 11:46:09,174.0,84.13335445042762,53.06129024345006,False,0.0,,,C,2625.0,625.0,2000.0,solexs,3.521160933068989e-06
F1707741590,2024-02-12 12:39:50,2024-02-12 13:06:57,2024-02-12 13:37:28,596.0,98.90988280012671,192.1377283529154,False,0.0,,,M,3458.0,1627.0,1831.0,solexs,1.0315778428249692e-05
F1707748027,2024-02-12 14:27:07,2024-02-12 14:28:56,2024-02-12 14:37:12,188.0,95.11508816386865,42.6615120382645,False,0.0,,,C,605.0,109.0,496.0,solexs,3.76727908933918e-06
F1707748979,2024-02-12 14:42:59,2024-02-12 14:43:49,2024-02-12 14:46:13,161.0,103.85392250026396,25.35170704761935,False,0.0,,,C,194.0,50.0,144.0,solexs,3.290362551361519e-06
F1707752181,2024-02-12 15:36:21,2024-02-12 15:47:06,2024-02-12 16:21:53,769.0,194.22875092387287,215.1954617242636,False,0.0,,,M,2732.0,645.0,2087.0,solexs,1.2886382631639934e-05
F1707757328,2024-02-12 17:02:08,2024-02-12 17:05:33,2024-02-12 17:16:10,279.0,186.3532361946996,30.220753968553367,False,0.0,,,C,842.0,205.0,637.0,solexs,5.31751450454178e-06
F1707759245,2024-02-12 17:34:05,2024-02-12 17:35:20,2024-02-12 17:48:08,258.0,153.3756731073804,36.98606936520599,False,0.0,,,C,843.0,75.0,768.0,solexs,4.966364460577649e-06
F1707762641,2024-02-12 18:30:41,2024-02-12 18:54:13,2024-02-12 19:02:50,320.0,165.89298912469644,48.60636193025788,False,0.0,,,C,1929.0,1412.0,517.0,solexs,5.993699979706104e-06
F1707765310,2024-02-12 19:15:10,2024-02-12 19:23:31,2024-02-12 19:31:45,292.0,198.05791363108438,29.85238947990935,False,0.0,,,C,995.0,501.0,494.0,solexs,5.533200295677539e-06
F1707768020,2024-02-12 20:00:20,2024-02-12 21:16:47,2024-02-12 23:21:41,1783.0,328.23207686622317,207.20903401335673,False,0.0,,,M,12081.0,4587.0,7494.0,solexs,2.6852823895109173e-05
F1710374401,2024-03-14 00:00:01,2024-03-14 00:00:56,2024-03-14 00:53:21,298.0,52.82842360891142,114.38419494078848,False,0.0,,,C,3200.0,55.0,3145.0,solexs,5.632333786210034e-06
F1710382239,2024-03-14 02:10:39,2024-03-14 02:14:55,2024-03-14 02:36:01,200.0,27.343152782177178,151.10366757944715,False,0.0,,,C,1522.0,256.0,1266.0,solexs,3.976385371029576e-06
F1710385062,2024-03-14 02:57:42,2024-03-14 03:03:43,2024-03-14 03:06:58,54.0,24.080350543765185,27.488756090606053,False,0.0,,,C,556.0,361.0,195.0,solexs,1.2677737827074654e-06
F1710388844,2024-03-14 04:00:44,2024-03-14 04:02:47,2024-03-14 04:11:07,75.0,21.163815858937816,51.825759812287856,False,0.0,,,C,623.0,123.0,500.0,solexs,1.6888743435205183e-06
F1710395905,2024-03-14 05:58:25,2024-03-14 06:03:52,2024-03-14 06:34:13,666.0,27.040228064618315,605.1644496903832,False,0.0,,,M,2148.0,327.0,1821.0,solexs,1.1365991719645465e-05
F1710412059,2024-03-14 10:27:39,2024-03-14 10:57:17,2024-03-14 11:47:22,229.0,50.127494456762754,102.90531441898376,False,0.0,,,C,4783.0,1778.0,3005.0,solexs,4.475365164440158e-06
F1710423468,2024-03-14 13:37:48,2024-03-14 13:38:20,2024-03-14 13:43:09,56.0,25.350754936120797,27.281677158767955,False,0.0,,,C,321.0,32.0,289.0,solexs,1.3086723271328416e-06
F1710438849,2024-03-14 17:54:09,2024-03-14 17:58:18,2024-03-14 18:14:09,156.0,29.815858937810166,106.9911819712462,False,0.0,,,C,1200.0,249.0,951.0,solexs,3.2009720445099504e-06
F1710449669,2024-03-14 20:54:29,2024-03-14 20:57:52,2024-03-14 21:01:22,72.0,30.398162812796965,33.744565422182276,False,0.0,,,C,413.0,203.0,210.0,solexs,1.6297435634242153e-06
F1710471335,2024-03-15 02:55:35,2024-03-15 03:51:42,2024-03-15 04:00:09,247.0,98.00095026924295,52.04792381602495,False,0.0,,,C,3874.0,3367.0,507.0,solexs,4.7809931002985524e-06
F1710477569,2024-03-15 04:39:29,2024-03-15 04:41:31,2024-03-15 04:43:00,238.0,180.68387709851123,19.069183703846054,False,0.0,,,C,211.0,122.0,89.0,solexs,4.628546032287847e-06
F1710479653,2024-03-15 05:14:13,2024-03-15 05:15:22,2024-03-15 05:18:48,275.0,175.49340090803508,33.59204829273533,False,0.0,,,C,275.0,69.0,206.0,solexs,5.250895250997346e-06
F1710481981,2024-03-15 05:53:01,2024-03-15 06:28:52,2024-03-15 07:51:33,307.0,176.70066518847005,38.968847742635134,False,0.0,,,C,7112.0,2151.0,4961.0,solexs,5.780561248627297e-06
F1710534594,2024-03-15 20:29:54,2024-03-15 20:36:14,2024-03-15 20:43:32,59.0,27.096927462781128,27.447437134933715,False,0.0,,,C,818.0,380.0,438.0,solexs,1.3696754273924648e-06
F1710591731,2024-03-16 12:22:11,2024-03-16 12:30:22,2024-03-16 12:35:11,83.0,31.18889240840461,41.212067324840206,False,0.0,,,C,780.0,491.0,289.0,solexs,1.845126475599689e-06
F1710593478,2024-03-16 12:51:18,2024-03-16 12:52:13,2024-03-16 13:09:07,76.0,37.45470383275262,26.481242615627337,False,0.0,,,C,1069.0,55.0,1014.0,solexs,1.7085173645996588e-06
F1710598536,2024-03-16 14:15:36,2024-03-16 14:16:37,2024-03-16 14:24:21,92.0,25.58863900327316,58.71293415676598,False,0.0,,,C,525.0,61.0,464.0,solexs,2.018644687188779e-06
F1710602933,2024-03-16 15:28:53,2024-03-16 15:33:51,2024-03-16 15:39:52,71.0,28.636258050892202,35.409455124668185,False,0.0,,,C,659.0,298.0,361.0,solexs,1.6099643235762207e-06
F1710606311,2024-03-16 16:25:11,2024-03-16 16:34:47,2024-03-16 18:48:38,2802.0,135.44066096505122,1911.4759164039724,False,0.0,,,M,8607.0,576.0,8031.0,solexs,3.984592683194502e-05
F1710616149,2024-03-16 19:09:09,2024-03-16 19:16:01,2024-03-16 20:03:17,497.0,72.9738148030831,215.34853413889778,False,0.0,,,C,3248.0,412.0,2836.0,solexs,8.802932365321421e-06
F1710621848,2024-03-16 20:44:08,2024-03-16 20:45:28,2024-03-16 20:48:52,91.0,46.54746066941189,29.11050398486018,False,0.0,,,C,284.0,80.0,204.0,solexs,1.9994751810491056e-06
F1710622828,2024-03-16 21:00:28,2024-03-16 21:02:01,2024-03-16 21:09:18,72.0,36.92197233660649,25.79072524319008,False,0.0,,,C,530.0,93.0,437.0,solexs,1.6297435634242153e-06
F1710624812,2024-03-16 21:33:32,2024-03-16 21:55:17,2024-03-16 22:38:01,780.0,44.39135254988914,396.17268616780933,False,0.0,,,M,3869.0,1305.0,2564.0,solexs,1.3047166717536702e-05
F1710631464,2024-03-16 23:24:24,2024-03-16 23:27:31,2024-03-16 23:29:50,77.0,36.01721043184459,30.539468701739615,False,0.0,,,C,326.0,187.0,139.0,solexs,1.7281275999348735e-06
F1710633710,2024-03-17 00:01:50,2024-03-17 00:03:45,2024-03-17 00:04:11,71.0,41.879104635202204,20.09952129197076,False,0.0,,,C,141.0,115.0,26.0,solexs,1.6099643235762207e-06
F1710635714,2024-03-17 00:35:14,2024-03-17 00:42:40,2024-03-17 00:54:40,139.0,45.57332910991448,63.05455736130168,False,0.0,,,C,1166.0,446.0,720.0,solexs,2.89423389068372e-06
F1710641936,2024-03-17 02:18:56,2024-03-17 02:28:20,2024-03-17 02:42:13,100.0,57.89087741526767,25.199388859264637,False,0.0,,,C,1397.0,564.0,833.0,solexs,2.1710750989871012e-06
F1710647249,2024-03-17 03:47:29,2024-03-17 03:59:43,2024-03-17 04:50:55,387.0,52.72980677858727,205.59136012416343,False,0.0,,,C,3806.0,734.0,3072.0,solexs,7.075786176355379e-06
F1710653737,2024-03-17 05:35:37,2024-03-17 05:46:07,2024-03-17 06:11:28,194.0,49.974817865061766,94.55484079608127,False,0.0,,,C,2151.0,630.0,1521.0,solexs,3.872037520951274e-06
F1710658134,2024-03-17 06:48:54,2024-03-17 06:51:44,2024-03-17 07:03:27,99.0,46.2611656636047,33.90677774975694,False,0.0,,,C,873.0,170.0,703.0,solexs,2.152108495287001e-06
F1710660991,2024-03-17 07:36:31,2024-03-17 07:43:38,2024-03-17 08:00:57,133.0,43.527716186252775,60.839246713968365,False,0.0,,,C,1466.0,427.0,1039.0,solexs,2.7848593615840564e-06
F1710672019,2024-03-17 10:40:19,2024-03-17 10:43:27,2024-03-17 11:03:01,220.0,57.9203885545349,94.35263771917506,False,0.0,,,C,1362.0,188.0,1174.0,solexs,4.32141789852278e-06
F1710677197,2024-03-17 12:06:37,2024-03-17 12:12:45,2024-03-17 12:38:50,298.0,48.22157111181502,161.79368777353787,False,0.0,,,C,1933.0,368.0,1565.0,solexs,5.632333786210034e-06
F1710680276,2024-03-17 12:57:56,2024-03-17 13:23:04,2024-03-17 13:28:52,140.0,48.11244852708268,50.134647266060284,False,0.0,,,C,1856.0,1508.0,348.0,solexs,2.9124040646451466e-06
F1710682669,2024-03-17 13:37:49,2024-03-17 13:43:06,2024-03-17 13:54:18,130.0,51.77911519374935,48.61389398995753,False,0.0,,,C,989.0,317.0,672.0,solexs,2.729938457433488e-06
F1710689525,2024-03-17 15:32:05,2024-03-17 15:42:25,2024-03-17 16:28:43,275.0,57.31781226903179,156.45257784242423,False,0.0,,,C,3398.0,620.0,2778.0,solexs,5.250895250997346e-06
F1710697495,2024-03-17 17:44:55,2024-03-17 17:46:22,2024-03-17 18:00:26,112.0,47.979622004012256,40.13559515091559,False,0.0,,,C,931.0,87.0,844.0,solexs,2.396870333739284e-06
F1710702567,2024-03-17 19:09:27,2024-03-17 19:09:50,2024-03-17 19:13:01,69.0,42.4988913525499,18.20836957033569,False,0.0,,,C,214.0,23.0,191.0,solexs,1.5702990755445013e-06
F1710704496,2024-03-17 19:41:36,2024-03-17 19:44:29,2024-03-17 19:57:18,107.0,46.87435328898744,39.452046386549334,False,0.0,,,C,942.0,173.0,769.0,solexs,2.3031821878898074e-06
F1710709066,2024-03-17 20:57:46,2024-03-17 21:12:24,2024-03-17 22:27:44,265.0,69.09777214655264,124.32998558086871,False,0.0,,,C,5398.0,878.0,4520.0,solexs,5.0838038954437925e-06
F1710720001,2024-03-18 00:00:01,2024-03-18 00:01:43,2024-03-18 00:04:21,79.0,40.099461514095665,27.466625424059973,False,0.0,,,C,260.0,102.0,158.0,solexs,1.767251618210135e-06
F1710723236,2024-03-18 00:53:56,2024-03-18 00:58:31,2024-03-18 01:18:18,107.0,42.591912152887765,45.3435341604685,False,0.0,,,C,1462.0,275.0,1187.0,solexs,2.3031821878898074e-06
F1710732284,2024-03-18 03:24:44,2024-03-18 03:32:29,2024-03-18 04:02:46,2209.0,42.06757470172106,1564.8568058638234,False,0.0,,,M,2282.0,465.0,1817.0,solexs,3.237592331238707e-05
F1710734920,2024-03-18 04:08:40,2024-03-18 04:13:56,2024-03-18 04:36:04,681.0,72.7231548938866,288.60058351038435,False,0.0,,,M,1644.0,316.0,1328.0,solexs,1.1589167125018431e-05
F1710736986,2024-03-18 04:43:06,2024-03-18 04:44:46,2024-03-18 05:09:55,240.0,72.54101995565411,87.92889404326421,False,0.0,,,C,1609.0,100.0,1509.0,solexs,4.66248547699143e-06
F1710740332,2024-03-18 05:38:52,2024-03-18 05:51:28,2024-03-18 06:08:59,138.0,48.4541231126597,56.18466729212354,False,0.0,,,C,1807.0,756.0,1051.0,solexs,2.87604711373161e-06
F1710746890,2024-03-18 07:28:10,2024-03-18 07:33:52,2024-03-18 07:38:30,79.0,41.3040861577447,26.197678619599454,False,0.0,,,C,620.0,342.0,278.0,solexs,1.767251618210135e-06
F1710753027,2024-03-18 09:10:27,2024-03-18 09:12:18,2024-03-18 09:14:55,68.0,37.668989547038336,22.021413927413025,False,0.0,,,C,268.0,111.0,157.0,solexs,1.5504119088381037e-06
F1710761692,2024-03-18 11:34:52,2024-03-18 11:36:58,2024-03-18 11:49:05,122.0,38.65895892725162,60.320069068092884,False,0.0,,,C,853.0,126.0,727.0,solexs,2.5826830930729243e-06
F1710767606,2024-03-18 13:13:26,2024-03-18 13:20:02,2024-03-18 13:30:25,128.0,61.54012247914687,38.242539791382555,False,0.0,,,C,1019.0,396.0,623.0,solexs,2.693235253925439e-06
F1710769918,2024-03-18 13:51:58,2024-03-18 14:06:19,2024-03-18 14:48:45,282.0,73.41162496040545,107.79115831103273,False,0.0,,,C,3407.0,861.0,2546.0,solexs,5.3673993349489945e-06
F1710774623,2024-03-18 15:10:23,2024-03-18 15:13:39,2024-03-18 15:18:12,154.0,56.77911519374935,57.70059038828742,False,0.0,,,C,469.0,196.0,273.0,solexs,3.1651145143986145e-06
F1710775746,2024-03-18 15:29:06,2024-03-18 15:30:53,2024-03-18 15:34:24,93.0,54.82673424136839,23.055690032988625,False,0.0,,,C,318.0,107.0,211.0,solexs,2.0377877587561498e-06
F1710777131,2024-03-18 15:52:11,2024-03-18 16:07:42,2024-03-18 16:38:21,121.0,59.82673424136839,36.51573559166453,False,0.0,,,C,2770.0,931.0,1839.0,solexs,2.5641914293234197e-06
F1710780293,2024-03-18 16:44:53,2024-03-18 16:54:02,2024-03-18 17:08:41,89.0,13.160067574701728,93.49402900411194,False,0.0,,,C,1428.0,549.0,879.0,solexs,1.961055546865932e-06
F1710811552,2024-03-19 01:25:52,2024-03-19 01:26:28,2024-03-19 01:27:13,62.0,13.160067574701728,60.20894155235984,False,0.0,,,C,81.0,36.0,45.0,solexs,1.430285829877857e-06
F1710820737,2024-03-19 03:58:57,2024-03-19 03:59:15,2024-03-19 04:23:05,73.0,13.160067574701728,73.76953273640699,False,0.0,,,C,1448.0,18.0,1430.0,solexs,1.6494879576016124e-06
F1710825143,2024-03-19 05:12:23,2024-03-19 05:16:55,2024-03-19 05:39:37,283.0,40.92197233660649,169.23574258500838,False,0.0,,,C,1634.0,272.0,1362.0,solexs,5.384012610183049e-06
F1710827912,2024-03-19 05:58:32,2024-03-19 05:59:40,2024-03-19 06:01:27,91.0,44.8267342413684,30.84160993620144,False,0.0,,,C,175.0,68.0,107.0,solexs,1.9994751810491056e-06
F1710828984,2024-03-19 06:16:24,2024-03-19 06:18:07,2024-03-19 06:33:49,238.0,43.9638369760321,128.5356756901328,False,0.0,,,C,1045.0,103.0,942.0,solexs,4.628546032287847e-06
F1710833110,2024-03-19 07:25:10,2024-03-19 07:27:54,2024-03-19 07:38:38,95.0,40.83929891246965,38.33308348183098,False,0.0,,,C,808.0,164.0,644.0,solexs,2.0759958714220978e-06
F1710834603,2024-03-19 07:50:03,2024-03-19 07:52:04,2024-03-19 08:05:19,117.0,40.77753141167776,51.23749384811262,False,0.0,,,C,916.0,121.0,795.0,solexs,2.4900288169770968e-06
F1710842395,2024-03-19 09:59:55,2024-03-19 10:00:43,2024-03-19 10:08:55,151.0,33.05596029986275,91.90462573469883,False,0.0,,,C,540.0,48.0,492.0,solexs,3.111217002308013e-06
F1710844027,2024-03-19 10:27:07,2024-03-19 10:44:04,2024-03-19 10:51:34,94.0,45.8674902333439,31.11824515289106,False,0.0,,,C,1467.0,1017.0,450.0,solexs,2.0569047158729886e-06
F1710847945,2024-03-19 11:32:25,2024-03-19 11:37:12,2024-03-19 11:59:55,172.0,55.86273888712914,71.88172232369382,False,0.0,,,C,1650.0,287.0,1363.0,solexs,3.4858000709107275e-06
F1710851836,2024-03-19 12:37:16,2024-03-19 12:54:01,2024-03-19 13:36:39,331.0,64.11244852708268,149.06378118584917,False,0.0,,,C,3563.0,1005.0,2558.0,solexs,6.17318953754321e-06
F1710856166,2024-03-19 13:49:26,2024-03-19 13:49:26,2024-03-19 13:52:50,75.0,43.54101995565411,21.321135815867482,False,0.0,,,C,204.0,0.0,204.0,solexs,1.6888743435205183e-06
F1710859337,2024-03-19 14:42:17,2024-03-19 15:12:12,2024-03-19 15:20:07,103.0,42.616619153204525,37.6505138366338,False,0.0,,,C,2270.0,1795.0,475.0,solexs,2.227831596015032e-06
F1710863747,2024-03-19 15:55:47,2024-03-19 16:00:40,2024-03-19 16:06:31,124.0,45.302924717558874,52.28901609920421,False,0.0,,,C,644.0,293.0,351.0,solexs,2.6196088992824826e-06
F1710865639,2024-03-19 16:27:19,2024-03-19 16:28:46,2024-03-19 16:45:37,134.0,47.1000950269243,56.39202168200142,False,0.0,,,C,1098.0,87.0,1011.0,solexs,2.8031312311171826e-06
F1710869037,2024-03-19 17:23:57,2024-03-19 17:26:00,2024-03-19 17:34:26,466.0,43.92197233660649,284.8176017598256,False,0.0,,,C,629.0,123.0,506.0,solexs,8.321618497123667e-06
F1710872043,2024-03-19 18:14:03,2024-03-19 18:14:26,2024-03-19 18:15:20,91.0,55.7314961461303,21.12767381914744,False,0.0,,,C,77.0,23.0,54.0,solexs,1.9994751810491056e-06
F1710878057,2024-03-19 19:54:17,2024-03-19 19:58:41,2024-03-19 20:23:10,332.0,42.96959138422554,197.18683795098377,False,0.0,,,C,1733.0,264.0,1469.0,solexs,6.189468867172223e-06
F1710892805,2024-03-20 00:00:05,2024-03-20 00:00:23,2024-03-20 00:09:59,134.0,76.93337556752192,28.59542549909053,False,0.0,,,C,594.0,18.0,576.0,solexs,2.8031312311171826e-06
F1710896166,2024-03-20 00:56:06,2024-03-20 01:12:27,2024-03-20 02:01:13,321.0,74.77911519374935,125.17745264792201,False,0.0,,,C,3907.0,981.0,2926.0,solexs,6.0100492006988376e-06
F1710901325,2024-03-20 02:22:05,2024-03-20 02:24:56,2024-03-20 02:47:37,205.0,48.44578186041601,100.58930019571744,False,0.0,,,C,1532.0,171.0,1361.0,solexs,4.063038298990703e-06
F1710903163,2024-03-20 02:52:43,2024-03-20 02:53:17,2024-03-20 02:58:18,71.0,44.77911519374935,17.518033919064617,False,0.0,,,C,335.0,34.0,301.0,solexs,1.6099643235762207e-06
F1710916554,2024-03-20 06:35:54,2024-03-20 06:38:20,2024-03-20 06:40:26,76.0,35.26755358462677,30.66005160173746,False,0.0,,,C,272.0,146.0,126.0,solexs,1.7085173645996588e-06
F1710918992,2024-03-20 07:16:32,2024-03-20 07:35:53,2024-03-20 08:45:26,5699.0,68.29342202512936,3303.7294066461377,False,0.0,,,M,5334.0,1161.0,4173.0,solexs,7.405787857892175e-05
F1710926860,2024-03-20 09:27:40,2024-03-20 09:32:00,2024-03-20 09:33:25,78.0,45.20768662232078,21.811267875057602,False,0.0,,,C,345.0,260.0,85.0,solexs,1.747705529001579e-06
F1710928243,2024-03-20 09:50:43,2024-03-20 09:53:27,2024-03-20 10:33:20,348.0,47.412311265969805,198.47289726531895,False,0.0,,,C,2557.0,164.0,2393.0,solexs,6.449105712570086e-06
F1710936483,2024-03-20 12:08:03,2024-03-20 12:23:31,2024-03-20 12:34:35,119.0,40.40692640692641,52.81302483604793,False,0.0,,,C,1592.0,928.0,664.0,solexs,2.5271496843410326e-06
F1710941294,2024-03-20 13:28:14,2024-03-20 13:36:31,2024-03-20 13:48:37,153.0,38.251979727589486,83.93841814830219,False,0.0,,,C,1223.0,497.0,726.0,solexs,3.1471636149652157e-06
F1710946030,2024-03-20 14:47:10,2024-03-20 14:52:24,2024-03-20 15:07:22,162.0,41.679020166825055,85.93513204249919,False,0.0,,,C,1212.0,314.0,898.0,solexs,3.3081980442063483e-06
F1710950078,2024-03-20 15:54:38,2024-03-20 15:57:25,2024-03-20 16:00:43,101.0,65.93353394572907,19.33791718237562,False,0.0,,,C,365.0,167.0,198.0,solexs,2.1900176390466558e-06
F1710951734,2024-03-20 16:22:14,2024-03-20 16:26:16,2024-03-20 16:45:05,114.0,57.7992292260585,31.927614677339804,False,0.0,,,C,1371.0,242.0,1129.0,solexs,2.434195807911221e-06
F1710957123,2024-03-20 17:52:03,2024-03-20 17:56:54,2024-03-20 17:57:19,76.0,42.58863900327316,22.89614062511774,False,0.0,,,C,316.0,291.0,25.0,solexs,1.7085173645996588e-06
F1710959871,2024-03-20 18:37:51,2024-03-20 18:43:50,2024-03-20 18:46:50,79.0,37.11244852708268,30.749649385926315,False,0.0,,,C,539.0,359.0,180.0,solexs,1.767251618210135e-06
F1710960836,2024-03-20 18:53:56,2024-03-20 18:54:40,2024-03-20 18:56:03,77.0,37.099725477774264,29.290789478442612,False,0.0,,,C,127.0,44.0,83.0,solexs,1.7281275999348735e-06
F1710964326,2024-03-20 19:52:06,2024-03-20 19:56:46,2024-03-20 20:04:48,77.0,37.105163129553375,29.319180021591393,False,0.0,,,C,762.0,280.0,482.0,solexs,1.7281275999348735e-06
F1710968178,2024-03-20 20:56:18,2024-03-20 20:58:03,2024-03-20 21:01:38,103.0,47.68387709851125,35.82456706650278,False,0.0,,,C,320.0,105.0,215.0,solexs,2.227831596015032e-06
F1710969855,2024-03-20 21:24:15,2024-03-20 21:33:14,2024-03-20 22:01:15,143.0,50.54418751979728,59.42833580136279,False,0.0,,,C,2220.0,539.0,1681.0,solexs,2.9668162944589497e-06
F1710975114,2024-03-20 22:51:54,2024-03-20 22:55:36,2024-03-20 23:53:42,1403.0,75.16006757470173,793.0772101490137,False,0.0,,,M,3708.0,222.0,3486.0,solexs,2.1782674229263893e-05
F1710979462,2024-03-21 00:04:22,2024-03-21 00:07:05,2024-03-21 00:39:36,162.0,46.22183507549362,62.1894792900037,False,0.0,,,C,2114.0,163.0,1951.0,solexs,3.3081980442063483e-06
F1710983853,2024-03-21 01:17:33,2024-03-21 01:18:39,2024-03-21 01:21:24,63.0,31.326364692218355,25.282708606032877,False,0.0,,,C,231.0,66.0,165.0,solexs,1.4504057872703728e-06
F1710985634,2024-03-21 01:47:14,2024-03-21 01:47:54,2024-03-21 01:48:15,69.0,31.30292471755887,30.13215524724056,False,0.0,,,C,61.0,40.0,21.0,solexs,1.5702990755445013e-06
F1710987869,2024-03-21 02:24:29,2024-03-21 02:26:54,2024-03-21 02:27:52,61.0,31.683877098511253,23.291763490707286,False,0.0,,,C,203.0,145.0,58.0,solexs,1.4101246304740755e-06
F1710990934,2024-03-21 03:15:34,2024-03-21 03:19:08,2024-03-21 03:22:28,84.0,43.65758631612292,27.289139120389645,False,0.0,,,C,414.0,214.0,200.0,solexs,1.864519939124312e-06
F1710992893,2024-03-21 03:48:13,2024-03-21 03:53:41,2024-03-21 03:56:48,113.0,61.459349593495936,29.66464915784581,False,0.0,,,C,515.0,328.0,187.0,solexs,2.4155435544771974e-06
F1710993823,2024-03-21 04:03:43,2024-03-21 04:07:24,2024-03-21 04:12:19,85.0,48.871608066730026,23.09988277600757,False,0.0,,,C,516.0,221.0,295.0,solexs,1.883884114052155e-06
F1710996180,2024-03-21 04:43:00,2024-03-21 04:45:20,2024-03-21 04:46:30,83.0,48.77911519374935,21.913480692424603,False,0.0,,,C,210.0,140.0,70.0,solexs,1.845126475599689e-06
F1710999984,2024-03-21 05:46:24,2024-03-21 05:46:12,2024-03-21 05:47:40,66.0,42.44578186041601,16.168376799942706,False,0.0,,,C,76.0,-12.0,88.0,solexs,1.5105254568059737e-06
F1711000473,2024-03-21 05:54:33,2024-03-21 06:01:10,2024-03-21 06:02:42,81.0,44.83555062823356,24.055593292415324,False,0.0,,,C,489.0,397.0,92.0,solexs,1.8062500804429226e-06
F1711004686,2024-03-21 07:04:46,2024-03-21 07:23:28,2024-03-21 07:25:22,94.0,40.16228486960195,34.229987099679214,False,0.0,,,C,1236.0,1122.0,114.0,solexs,2.0569047158729886e-06
F1711008346,2024-03-21 08:05:46,2024-03-21 08:19:17,2024-03-21 08:26:52,114.0,70.37535635096611,22.75010015157094,False,0.0,,,C,1266.0,811.0,455.0,solexs,2.434195807911221e-06
F1711020421,2024-03-21 11:27:01,2024-03-21 11:32:17,2024-03-21 11:53:52,530.0,39.031358885017426,356.0337747564037,False,0.0,,,C,1611.0,316.0,1295.0,solexs,9.311130438766075e-06
F1711024858,2024-03-21 12:40:58,2024-03-21 12:41:22,2024-03-21 12:42:42,85.0,50.25530566993982,21.918585997001564,False,0.0,,,C,104.0,24.0,80.0,solexs,1.883884114052155e-06
F1711036054,2024-03-21 15:47:34,2024-03-21 16:00:28,2024-03-21 16:21:17,108.0,48.41759053954176,38.52916052145387,False,0.0,,,C,2023.0,774.0,1249.0,solexs,2.3219634943465185e-06
F1711042895,2024-03-21 17:41:35,2024-03-21 18:16:50,2024-03-21 18:58:20,290.0,89.98653785239152,99.75132088631722,False,0.0,,,C,4605.0,2115.0,2490.0,solexs,5.500098550062271e-06
F1711048809,2024-03-21 19:20:09,2024-03-21 19:22:49,2024-03-21 19:33:07,166.0,111.0647238939922,23.163425561659913,False,0.0,,,C,778.0,160.0,618.0,solexs,3.379401260093193e-06
F1711052755,2024-03-21 20:25:55,2024-03-21 20:34:40,2024-03-21 20:38:51,151.0,88.39816281279697,29.77696681881572,False,0.0,,,C,776.0,525.0,251.0,solexs,3.111217002308013e-06
F1711054865,2024-03-21 21:01:05,2024-03-21 21:04:29,2024-03-21 21:14:46,151.0,76.9835286664555,37.40712945132329,False,0.0,,,C,821.0,204.0,617.0,solexs,3.111217002308013e-06
F1711056242,2024-03-21 21:24:02,2024-03-21 21:24:51,2024-03-21 21:29:39,112.0,62.98252560447683,27.429037451370167,False,0.0,,,C,337.0,49.0,288.0,solexs,2.396870333739284e-06
F1711059229,2024-03-21 22:13:49,2024-03-21 22:15:03,2024-03-21 22:17:16,96.0,59.54101995565411,21.13057804742135,False,0.0,,,C,207.0,74.0,133.0,solexs,2.0950615312854577e-06
F1711060667,2024-03-21 22:37:47,2024-03-21 22:38:11,2024-03-21 22:39:59,91.0,61.754091437018275,16.576142073820982,False,0.0,,,C,132.0,24.0,108.0,solexs,1.9994751810491056e-06
F1711066432,2024-03-22 00:13:52,2024-03-22 00:19:00,2024-03-22 00:26:22,133.0,64.54101995565411,38.05769724597821,False,0.0,,,C,750.0,308.0,442.0,solexs,2.7848593615840564e-06
F1711068538,2024-03-22 00:48:58,2024-03-22 00:58:31,2024-03-22 01:13:45,145.0,65.53948896631823,44.18336207851581,False,0.0,,,C,1487.0,573.0,914.0,solexs,3.0030104956661693e-06
F1711070739,2024-03-22 01:25:39,2024-03-22 01:28:43,2024-03-22 01:41:55,133.0,49.20504698553479,51.630171787814454,False,0.0,,,C,976.0,184.0,792.0,solexs,2.7848593615840564e-06
F1711073788,2024-03-22 02:16:28,2024-03-22 02:17:36,2024-03-22 02:19:36,98.0,47.750184774575025,32.52365864414269,False,0.0,,,C,188.0,68.0,120.0,solexs,2.1331175538364294e-06
F1711078891,2024-03-22 03:41:31,2024-03-22 03:42:35,2024-03-22 03:50:31,99.0,48.82673424136839,32.111347398308354,False,0.0,,,C,540.0,64.0,476.0,solexs,2.152108495287001e-06
F1711079856,2024-03-22 03:57:36,2024-03-22 03:59:45,2024-03-22 04:03:07,91.0,52.23387181923768,24.03043904368146,False,0.0,,,C,331.0,129.0,202.0,solexs,1.9994751810491056e-06
F1711081911,2024-03-22 04:31:51,2024-03-22 04:55:14,2024-03-22 04:59:32,154.0,51.77911519374935,63.52977558154171,False,0.0,,,C,1661.0,1403.0,258.0,solexs,3.1651145143986145e-06
F1711084068,2024-03-22 05:07:48,2024-03-22 05:15:15,2024-03-22 05:36:24,325.0,51.77911519374935,169.805431921579,False,0.0,,,C,1716.0,447.0,1269.0,solexs,6.075381663398869e-06
F1711086515,2024-03-22 05:48:35,2024-03-22 05:55:19,2024-03-22 05:59:02,138.0,87.44578186041602,24.17703077576873,False,0.0,,,C,627.0,404.0,223.0,solexs,2.87604711373161e-06
F1711089317,2024-03-22 06:35:17,2024-03-22 06:41:29,2024-03-22 06:50:02,154.0,87.87113293210855,31.56619499011521,False,0.0,,,C,885.0,372.0,513.0,solexs,3.1651145143986145e-06
F1711090986,2024-03-22 07:03:06,2024-03-22 07:16:15,2024-03-22 07:33:40,145.0,62.54260373772569,45.90497366796322,False,0.0,,,C,1834.0,789.0,1045.0,solexs,3.0030104956661693e-06
F1711095185,2024-03-22 08:13:05,2024-03-22 08:14:13,2024-03-22 08:18:52,85.0,52.641590117199875,19.917311747422346,False,0.0,,,C,347.0,68.0,279.0,solexs,1.883884114052155e-06
F1711097375,2024-03-22 08:49:35,2024-03-22 08:50:34,2024-03-22 08:58:57,89.0,52.20768662232078,22.772193671319112,False,0.0,,,C,562.0,59.0,503.0,solexs,1.961055546865932e-06
F1711099640,2024-03-22 09:27:20,2024-03-22 09:28:14,2024-03-22 09:41:52,88.0,53.110336817653895,21.516211715779487,False,0.0,,,C,872.0,54.0,818.0,solexs,1.9418047400858765e-06
F1711104635,2024-03-22 10:50:35,2024-03-22 10:53:15,2024-03-22 10:55:55,133.0,74.04255094498998,30.64170984557103,False,0.0,,,C,320.0,160.0,160.0,solexs,2.7848593615840564e-06
F1711105988,2024-03-22 11:13:08,2024-03-22 11:15:55,2024-03-22 11:32:09,203.0,74.96959138422554,66.12802582090677,False,0.0,,,C,1141.0,167.0,974.0,solexs,4.028409693349888e-06
F1711109389,2024-03-22 12:09:49,2024-03-22 12:14:47,2024-03-22 12:40:26,131.0,66.12448527082674,34.120696032603625,False,0.0,,,C,1837.0,298.0,1539.0,solexs,2.748263125002618e-06
F1711113049,2024-03-22 13:10:49,2024-03-22 13:58:18,2024-03-22 14:20:25,440.0,129.5113504381797,113.22425210982418,False,0.0,,,C,4176.0,2849.0,1327.0,solexs,7.91479894998024e-06
F1711117794,2024-03-22 14:29:54,2024-03-22 14:41:05,2024-03-22 15:10:11,328.0,100.67965367965368,88.88142630888834,False,0.0,,,C,2417.0,671.0,1746.0,solexs,6.124313993213453e-06
F1711121067,2024-03-22 15:24:27,2024-03-22 15:30:34,2024-03-22 15:39:47,148.0,76.73561397951642,36.13110016369679,False,0.0,,,C,920.0,367.0,553.0,solexs,3.0571833673858236e-06
F1711123523,2024-03-22 16:05:23,2024-03-22 16:12:45,2024-03-22 16:19:56,146.0,75.77911519374935,36.07461370972264,False,0.0,,,C,873.0,442.0,431.0,solexs,3.0210837880995258e-06
F1711124849,2024-03-22 16:27:29,2024-03-22 16:29:35,2024-03-22 16:35:54,194.0,86.92197233660649,51.363022796017745,False,0.0,,,C,505.0,126.0,379.0,solexs,3.872037520951274e-06
F1711126223,2024-03-22 16:50:23,2024-03-22 16:57:18,2024-03-22 17:21:28,224.0,87.35181079083517,65.54719217885194,False,0.0,,,C,1865.0,415.0,1450.0,solexs,4.3899357216073484e-06
F1711129134,2024-03-22 17:38:54,2024-03-22 17:44:51,2024-03-22 17:57:21,134.0,77.31189948263119,28.503190416569712,False,0.0,,,C,1107.0,357.0,750.0,solexs,2.8031312311171826e-06
F1711131339,2024-03-22 18:15:39,2024-03-22 18:21:21,2024-03-22 18:48:24,173.0,76.7161334600359,49.18711773130576,False,0.0,,,C,1965.0,342.0,1623.0,solexs,3.503486989215673e-06
F1711134336,2024-03-22 19:05:36,2024-03-22 19:08:53,2024-03-22 19:20:34,148.0,83.96959138422554,31.249296968812015,False,0.0,,,C,898.0,197.0,701.0,solexs,3.0571833673858236e-06
F1711136201,2024-03-22 19:36:41,2024-03-22 19:50:51,2024-03-22 19:57:35,144.0,86.8267342413684,27.439820405718987,False,0.0,,,C,1254.0,850.0,404.0,solexs,2.9849213724357506e-06
F1711137804,2024-03-22 20:03:24,2024-03-22 20:32:11,2024-03-22 21:54:02,3316.0,196.1164607749974,983.9584812198958,False,0.0,,,M,6638.0,1727.0,4911.0,solexs,4.615770847724016e-05
F1711145558,2024-03-22 22:12:38,2024-03-22 22:27:43,2024-03-22 22:38:17,268.0,155.5927651723544,39.833348873206965,False,0.0,,,C,1539.0,905.0,634.0,solexs,5.134014030970521e-06
F1711147615,2024-03-22 22:46:55,2024-03-22 23:58:04,2024-03-23 00:30:57,497.0,211.9695913842255,97.60942742588617,False,0.0,,,C,6242.0,4269.0,1973.0,solexs,8.802932365321421e-06
F1711154734,2024-03-23 00:45:34,2024-03-23 01:34:21,2024-03-23 06:12:42,7651.0,264.6785978249393,853.7563304005438,False,0.0,,,M,19628.0,2927.0,16701.0,solexs,9.57747802228146e-05
F1711175251,2024-03-23 06:27:31,2024-03-23 06:31:06,2024-03-23 06:30:27,239.0,167.30292471755888,24.789323282062316,False,0.0,,,C,176.0,215.0,-39.0,solexs,4.645520261643082e-06
F1711176518,2024-03-23 06:48:38,2024-03-23 07:37:14,2024-03-23 08:36:42,2238.0,223.98099461514096,311.99903863463,False,0.0,,,M,6484.0,2916.0,3568.0,solexs,3.2746691324987465e-05
F1711183315,2024-03-23 08:41:55,2024-03-23 09:06:00,2024-03-23 09:35:50,439.0,126.09001161440186,115.13503536282988,False,0.0,,,C,3235.0,1445.0,1790.0,solexs,7.899092139240522e-06
F1711187707,2024-03-23 09:55:07,2024-03-23 10:15:01,2024-03-23 10:15:40,180.0,113.39272516101784,26.802874433767528,False,0.0,,,C,1233.0,1194.0,39.0,solexs,3.626936766398165e-06
F1711189383,2024-03-23 10:23:03,2024-03-23 10:27:18,2024-03-23 10:33:27,208.0,125.01721043184459,33.19083099176687,False,0.0,,,C,624.0,255.0,369.0,solexs,4.114900984227645e-06
F1711190493,2024-03-23 10:41:33,2024-03-23 11:30:03,2024-03-23 11:51:27,644.0,129.37672896209483,166.4459274987228,False,0.0,,,M,4194.0,2910.0,1284.0,solexs,1.1037507099204336e-05
F1711195161,2024-03-23 11:59:21,2024-03-23 12:04:34,2024-03-23 12:28:13,281.0,123.615774469433,57.7315682016549,False,0.0,,,C,1732.0,313.0,1419.0,solexs,5.350778578974408e-06
F1711197590,2024-03-23 12:39:50,2024-03-23 12:46:53,2024-03-23 13:26:50,930.0,203.5629817337134,292.2855691436997,False,0.0,,,M,2820.0,423.0,2397.0,solexs,1.5212721011780312e-05
F1711200778,2024-03-23 13:32:58,2024-03-23 14:02:16,2024-03-23 16:18:24,4167.0,344.6362580508922,869.72711997977,False,0.0,,,M,9926.0,1758.0,8168.0,solexs,5.634539599472572e-05
F1711211061,2024-03-23 16:24:21,2024-03-23 16:53:25,2024-03-23 17:52:51,1838.0,157.66128180762325,369.68332009092256,False,0.0,,,M,5310.0,1744.0,3566.0,solexs,2.75745923933221e-05
F1711217108,2024-03-23 18:05:08,2024-03-23 18:20:39,2024-03-23 18:26:03,168.0,87.7314961461303,38.3250206985155,False,0.0,,,C,1255.0,931.0,324.0,solexs,3.414920936353532e-06
F1711219410,2024-03-23 18:43:30,2024-03-23 18:44:06,2024-03-23 18:46:10,127.0,87.7314961461303,18.749150049427993,False,0.0,,,C,160.0,36.0,124.0,solexs,2.6748564024043477e-06
F1711220095,2024-03-23 18:54:55,2024-03-23 18:56:40,2024-03-23 19:19:19,588.0,94.06482947946363,229.36730531241307,False,0.0,,,M,1464.0,105.0,1359.0,solexs,1.0194786727600124e-05
F1711222170,2024-03-23 19:29:30,2024-03-23 20:21:18,2024-03-23 20:43:20,502.0,165.9349593495935,113.2177683774321,False,0.0,,,C,4430.0,3108.0,1322.0,solexs,8.880200903526198e-06
F1711227105,2024-03-23 20:51:45,2024-03-23 20:56:40,2024-03-23 21:10:41,293.0,156.25530566993984,48.92243852836539,False,0.0,,,C,1136.0,295.0,841.0,solexs,5.549740365565012e-06
F1711228732,2024-03-23 21:18:52,2024-03-23 21:24:47,2024-03-23 22:01:18,275.0,112.05596029986275,59.784224335600555,False,0.0,,,C,2546.0,355.0,2191.0,solexs,5.250895250997346e-06
F1711232421,2024-03-23 22:20:21,2024-03-23 22:59:56,2024-03-23 23:20:03,439.0,73.39816281279697,175.5175311348613,False,0.0,,,C,3582.0,2375.0,1207.0,solexs,7.899092139240522e-06
F1711236538,2024-03-23 23:28:58,2024-03-23 23:49:30,2024-03-24 00:32:44,1668.0,79.12385175799811,786.8734343065722,False,0.0,,,M,3826.0,1232.0,2594.0,solexs,2.533439870510254e-05
F1711241713,2024-03-24 00:55:13,2024-03-24 01:25:21,2024-03-24 01:40:38,913.0,169.9581353605744,181.1635146194769,False,0.0,,,M,2725.0,1808.0,917.0,solexs,1.4969658440646892e-05
F1711244927,2024-03-24 01:48:47,2024-03-24 02:17:14,2024-03-24 04:49:27,1802.0,308.88712913103154,218.16622633210656,False,0.0,,,M,10840.0,1707.0,9133.0,solexs,2.7102477376991282e-05
F1711256921,2024-03-24 05:08:41,2024-03-24 05:15:33,2024-03-24 05:26:44,116.0,53.24965684721782,38.68019004859615,False,0.0,,,C,1083.0,412.0,671.0,solexs,2.4714382376907434e-06
F1711258850,2024-03-24 05:40:50,2024-03-24 06:06:01,2024-03-24 06:41:13,1850.0,77.63625805089221,868.0496208103706,False,0.0,,,M,3623.0,1511.0,2112.0,solexs,2.7731702223313097e-05
F1711264058,2024-03-24 07:07:38,2024-03-24 07:50:22,2024-03-24 08:55:59,893.0,153.88274733396688,222.98835372446163,False,0.0,,,M,6501.0,2564.0,3937.0,solexs,1.4682965042513748e-05
F1711270999,2024-03-24 09:03:19,2024-03-24 09:04:59,2024-03-24 09:06:56,200.0,133.39816281279695,25.788511927919537,False,0.0,,,C,217.0,100.0,117.0,solexs,3.976385371029576e-06
F1711271785,2024-03-24 09:16:25,2024-03-24 09:52:53,2024-03-24 10:09:04,574.0,133.40317812269035,183.1233064130006,False,0.0,,,C,3159.0,2188.0,971.0,solexs,9.982545984410981e-06
F1711275989,2024-03-24 10:26:29,2024-03-24 10:29:46,2024-03-24 10:32:57,171.0,115.49340090803506,23.098353925488173,False,0.0,,,C,388.0,197.0,191.0,solexs,3.468100093112596e-06
F1711276719,2024-03-24 10:38:39,2024-03-24 10:45:19,2024-03-24 11:02:50,228.0,123.01721043184459,42.33018524475155,False,0.0,,,C,1451.0,400.0,1051.0,solexs,4.458298381900979e-06
F1711278683,2024-03-24 11:11:23,2024-03-24 11:18:15,2024-03-24 11:59:06,538.0,155.54101995565412,137.1441821951106,False,0.0,,,C,2863.0,412.0,2451.0,solexs,9.433716378105206e-06
F1711281876,2024-03-24 12:04:36,2024-03-24 12:18:07,2024-03-24 12:53:43,659.0,163.9695913842255,183.53767568535173,False,0.0,,,M,2947.0,811.0,2136.0,solexs,1.1261625478251311e-05
F1711285431,2024-03-24 13:03:51,2024-03-24 13:13:47,2024-03-24 14:21:08,809.0,110.39436173582516,243.98629210079264,False,0.0,,,M,4637.0,596.0,4041.0,solexs,1.3469685118081848e-05
F1711291412,2024-03-24 14:43:32,2024-03-24 14:45:19,2024-03-24 15:07:50,252.0,82.11244852708268,83.84401240912386,False,0.0,,,C,1458.0,107.0,1351.0,solexs,4.865380007166541e-06
F1711293386,2024-03-24 15:16:26,2024-03-24 15:21:37,2024-03-24 15:37:24,239.0,95.77911519374935,65.44642675319253,False,0.0,,,C,1258.0,311.0,947.0,solexs,4.645520261643082e-06
F1711296429,2024-03-24 16:07:09,2024-03-24 16:15:47,2024-03-24 16:17:00,592.0,126.37704571850914,183.2265737060954,False,0.0,,,M,591.0,518.0,73.0,solexs,1.0255308524322842e-05
F1711297517,2024-03-24 16:25:17,2024-03-24 16:28:46,2024-03-24 16:45:56,211.0,124.39103579347483,34.20783896978334,False,0.0,,,C,1239.0,209.0,1030.0,solexs,4.166668790248825e-06
F1711300335,2024-03-24 17:12:15,2024-03-24 17:13:55,2024-03-24 17:22:19,170.0,105.54101995565411,28.06000755486624,False,0.0,,,C,604.0,100.0,504.0,solexs,3.4503869697215498e-06
F1711301381,2024-03-24 17:29:41,2024-03-24 17:30:38,2024-03-24 17:34:53,179.0,105.54101995565411,31.97784906926898,False,0.0,,,C,312.0,57.0,255.0,solexs,3.6093389403005274e-06
F1711302054,2024-03-24 17:40:54,2024-03-24 17:45:27,2024-03-24 18:03:50,281.0,94.11614401858304,84.94543757220035,False,0.0,,,C,1376.0,273.0,1103.0,solexs,5.350778578974408e-06
F1711305160,2024-03-24 18:32:40,2024-03-24 18:35:30,2024-03-24 18:56:02,188.0,86.7314961461303,48.629630811184,False,0.0,,,C,1402.0,170.0,1232.0,solexs,3.76727908933918e-06
F1711308111,2024-03-24 19:21:51,2024-03-24 19:30:34,2024-03-24 19:44:42,207.0,78.7314961461303,64.15508488247114,False,0.0,,,C,1371.0,523.0,848.0,solexs,4.097624040971404e-06
F1711310519,2024-03-24 20:01:59,2024-03-24 20:17:39,2024-03-24 20:36:50,204.0,74.60706366803929,65.85081413727359,False,0.0,,,C,2091.0,940.0,1151.0,solexs,4.045729383659263e-06
F1711314118,2024-03-24 21:01:58,2024-03-24 21:04:55,2024-03-24 21:06:00,111.0,70.40703199239786,21.619535975504505,False,0.0,,,C,242.0,177.0,65.0,solexs,2.378175934597758e-06
F1711315760,2024-03-24 21:29:20,2024-03-24 21:38:58,2024-03-24 21:45:07,127.0,72.16006757470173,28.871107459275777,False,0.0,,,C,947.0,578.0,369.0,solexs,2.6748564024043477e-06
F1711317654,2024-03-24 22:00:54,2024-03-24 22:05:46,2024-03-24 22:11:10,155.0,65.57755252877205,49.30999571265744,False,0.0,,,C,616.0,292.0,324.0,solexs,3.1830506217449693e-06
F1711319721,2024-03-24 22:35:21,2024-03-24 22:36:31,2024-03-24 22:38:59,99.0,60.49340090803506,22.140945386992282,False,0.0,,,C,218.0,70.0,148.0,solexs,2.152108495287001e-06
F1711324079,2024-03-24 23:47:59,2024-03-24 23:56:57,2024-03-25 00:04:10,101.0,56.82673424136839,26.205844322810563,False,0.0,,,C,971.0,538.0,433.0,solexs,2.1900176390466558e-06
F1711326016,2024-03-25 00:20:16,2024-03-25 01:02:57,2024-03-25 01:17:12,278.0,100.58863900327316,70.08921437411172,False,0.0,,,C,3416.0,2561.0,855.0,solexs,5.300871125380234e-06
F1711368336,2024-03-25 12:05:36,2024-03-25 12:09:26,2024-03-25 12:53:23,302.0,53.16006757470173,152.63084563929232,False,0.0,,,C,2867.0,230.0,2637.0,solexs,5.6982818235296674e-06
F1711372585,2024-03-25 13:16:25,2024-03-25 13:18:53,2024-03-25 13:20:18,96.0,49.64913947840778,29.533227848543074,False,0.0,,,C,233.0,148.0,85.0,solexs,2.0950615312854577e-06
F1711376205,2024-03-25 14:16:45,2024-03-25 15:29:43,2024-03-25 16:33:26,443.0,79.37947418435225,119.39049935660704,False,0.0,,,C,8201.0,4378.0,3823.0,solexs,7.961892241281505e-06
F1711385809,2024-03-25 16:56:49,2024-03-25 16:59:04,2024-03-25 17:11:15,131.0,57.08056171470806,42.85100773704394,False,0.0,,,C,866.0,135.0,731.0,solexs,2.748263125002618e-06
F1711387886,2024-03-25 17:31:26,2024-03-25 17:42:18,2024-03-25 17:45:41,97.0,50.54101995565411,29.225548314329565,False,0.0,,,C,855.0,652.0,203.0,solexs,2.114101994572128e-06
F1711389709,2024-03-25 18:01:49,2024-03-25 18:05:36,2024-03-25 18:10:03,91.0,43.64998416217929,31.970014053630226,False,0.0,,,C,494.0,227.0,267.0,solexs,1.9994751810491056e-06
F1711393490,2024-03-25 19:04:50,2024-03-25 19:27:40,2024-03-25 20:04:48,138.0,57.81511983951008,48.151241322663424,False,0.0,,,C,3598.0,1370.0,2228.0,solexs,2.87604711373161e-06
F1711397439,2024-03-25 20:10:39,2024-03-25 20:12:46,2024-03-25 20:17:34,181.0,56.35054376517792,74.26023693001734,False,0.0,,,C,415.0,127.0,288.0,solexs,3.644522185247857e-06
F1711398604,2024-03-25 20:30:04,2024-03-25 20:36:08,2024-03-25 20:40:08,82.0,46.21370499419281,23.809339435330507,False,0.0,,,C,604.0,364.0,240.0,solexs,1.82570332548203e-06
F1711399685,2024-03-25 20:48:05,2024-03-25 20:48:44,2024-03-25 20:49:51,79.0,41.35223313272094,26.181179640046643,False,0.0,,,C,106.0,39.0,67.0,solexs,1.767251618210135e-06
F1711401207,2024-03-25 21:13:27,2024-03-25 21:16:41,2024-03-25 21:53:22,136.0,47.382483370288256,61.63025444936426,False,0.0,,,C,2395.0,194.0,2201.0,solexs,2.8396232061480173e-06
F1711404730,2024-03-25 22:12:10,2024-03-25 22:12:25,2024-03-25 22:13:40,77.0,49.35054376517792,17.601740802048194,False,0.0,,,C,90.0,15.0,75.0,solexs,1.7281275999348735e-06
F1711405765,2024-03-25 22:29:25,2024-03-25 22:30:55,2024-03-25 22:35:03,273.0,43.712913103157014,154.75680250754917,False,0.0,,,C,338.0,90.0,248.0,solexs,5.217539574970143e-06
F1711407645,2024-03-25 23:00:45,2024-03-25 23:09:02,2024-03-25 23:23:37,119.0,43.30292471755887,51.4440892220594,False,0.0,,,C,1372.0,497.0,875.0,solexs,2.5271496843410326e-06
F1711409714,2024-03-25 23:35:14,2024-03-25 23:51:24,2024-03-26 00:07:05,197.0,61.926406926406926,76.69307462138377,False,0.0,,,C,1911.0,970.0,941.0,solexs,3.924261881448842e-06
F1711412066,2024-03-26 00:14:26,2024-03-26 00:14:42,2024-03-26 00:16:00,104.0,71.7314961461303,17.03879519559406,False,0.0,,,C,94.0,16.0,78.0,solexs,2.2467035329981116e-06
F1711413282,2024-03-26 00:34:42,2024-03-26 00:36:05,2024-03-26 00:52:07,1887.0,59.16006757470173,1003.2288636959879,False,0.0,,,M,1045.0,83.0,962.0,solexs,2.8215314179846934e-05
F1711415365,2024-03-26 01:09:25,2024-03-26 01:15:47,2024-03-26 01:51:42,278.0,66.6362580508922,122.894134729226,False,0.0,,,C,2537.0,382.0,2155.0,solexs,5.300871125380234e-06
F1711419858,2024-03-26 02:24:18,2024-03-26 02:26:42,2024-03-26 02:35:56,335.0,48.06482947946363,184.37037912749005,False,0.0,,,C,698.0,144.0,554.0,solexs,6.238269597344924e-06
F1711422078,2024-03-26 03:01:18,2024-03-26 03:03:40,2024-03-26 03:06:12,148.0,44.11244852708268,69.95164404996102,False,0.0,,,C,294.0,142.0,152.0,solexs,3.0571833673858236e-06
F1711422729,2024-03-26 03:12:09,2024-03-26 03:12:33,2024-03-26 03:13:32,89.0,44.11244852708268,30.224583969777928,False,0.0,,,C,83.0,24.0,59.0,solexs,1.961055546865932e-06
F1711423542,2024-03-26 03:25:42,2024-03-26 03:25:56,2024-03-26 03:31:07,89.0,44.11244852708268,30.224583969777928,False,0.0,,,C,325.0,14.0,311.0,solexs,1.961055546865932e-06
F1711425101,2024-03-26 03:51:41,2024-03-26 03:54:21,2024-03-26 03:55:58,180.0,46.307570478302196,87.87987129417768,False,0.0,,,C,257.0,160.0,97.0,solexs,3.626936766398165e-06
F1711427775,2024-03-26 04:36:15,2024-03-26 04:37:28,2024-03-26 04:40:01,114.0,42.25530566993982,49.358751233128345,False,0.0,,,C,226.0,73.0,153.0,solexs,2.434195807911221e-06
F1711431293,2024-03-26 05:34:53,2024-03-26 05:37:12,2024-03-26 05:48:10,106.0,36.51673529722311,50.202573140216984,False,0.0,,,C,797.0,139.0,658.0,solexs,2.2843785844489447e-06
F1711433962,2024-03-26 06:19:22,2024-03-26 06:21:56,2024-03-26 06:33:45,135.0,35.16006757470173,75.29990454937418,False,0.0,,,C,863.0,154.0,709.0,solexs,2.8213857978468413e-06
F1711435894,2024-03-26 06:51:34,2024-03-26 06:56:22,2024-03-26 06:59:24,100.0,39.87435328898744,42.58218400678961,False,0.0,,,C,470.0,288.0,182.0,solexs,2.1710750989871012e-06
F1711437825,2024-03-26 07:23:45,2024-03-26 07:27:06,2024-03-26 07:34:57,75.0,40.11244852708268,24.634621940122432,False,0.0,,,C,672.0,201.0,471.0,solexs,1.6888743435205183e-06
F1711440517,2024-03-26 08:08:37,2024-03-26 08:32:36,2024-03-26 08:46:14,195.0,47.53336500897477,82.8295419366467,False,0.0,,,C,2257.0,1439.0,818.0,solexs,3.889456956439725e-06
F1711443095,2024-03-26 08:51:35,2024-03-26 09:03:52,2024-03-26 09:31:48,240.0,67.90666244324782,77.48112508187018,False,0.0,,,C,2413.0,737.0,1676.0,solexs,4.66248547699143e-06
F1711446481,2024-03-26 09:48:01,2024-03-26 09:52:42,2024-03-26 09:53:04,90.0,49.58863900327316,25.66417928283332,False,0.0,,,C,303.0,281.0,22.0,solexs,1.9802789127274667e-06
F1711447649,2024-03-26 10:07:29,2024-03-26 10:16:43,2024-03-26 10:33:20,703.0,49.76375250765496,414.8529462060607,False,0.0,,,M,1551.0,554.0,997.0,solexs,1.1915367947893242e-05
F1711449520,2024-03-26 10:38:40,2024-03-26 10:42:29,2024-03-26 11:07:04,917.0,53.82673424136839,449.5928746784589,False,0.0,,,M,1704.0,229.0,1475.0,solexs,1.5026900942603141e-05
F1711451800,2024-03-26 11:16:40,2024-03-26 11:17:12,2024-03-26 11:20:16,89.0,51.58863900327316,23.293860502179367,False,0.0,,,C,216.0,32.0,184.0,solexs,1.961055546865932e-06
F1711452673,2024-03-26 11:31:13,2024-03-26 11:34:39,2024-03-26 11:47:04,154.0,50.72494984690107,64.38064472485175,False,0.0,,,C,951.0,206.0,745.0,solexs,3.1651145143986145e-06
F1711455026,2024-03-26 12:10:26,2024-03-26 13:29:51,2024-03-26 14:30:26,1374.0,175.9695913842255,257.27790592712995,False,0.0,,,M,8400.0,4765.0,3635.0,solexs,2.1389066578886255e-05
F1711463934,2024-03-26 14:38:54,2024-03-26 15:02:37,2024-03-26 15:23:24,316.0,70.44039700137262,131.51437081660475,False,0.0,,,C,2670.0,1423.0,1247.0,solexs,5.928237991282543e-06
F1711467688,2024-03-26 15:41:28,2024-03-26 15:43:05,2024-03-26 15:42:39,78.0,50.519638897687685,17.309412118832004,False,0.0,,,C,71.0,97.0,-26.0,solexs,1.747705529001579e-06
F1711470199,2024-03-26 16:23:19,2024-03-26 16:24:54,2024-03-26 16:25:50,91.0,50.06482947946363,25.87290721287708,False,0.0,,,C,151.0,95.0,56.0,solexs,1.9994751810491056e-06
F1711470785,2024-03-26 16:33:05,2024-03-26 16:58:38,2024-03-26 16:58:34,103.0,57.599619892302826,26.22310378398535,False,0.0,,,C,1529.0,1533.0,-4.0,solexs,2.227831596015032e-06
F1711472962,2024-03-26 17:09:22,2024-03-26 17:15:03,2024-03-26 17:47:37,177.0,71.3661176222152,53.73978461862513,False,0.0,,,C,2295.0,341.0,1954.0,solexs,3.574105752857958e-06
F1711476333,2024-03-26 18:05:33,2024-03-26 18:09:09,2024-03-26 18:17:37,105.0,65.35054376517792,21.93449452675424,False,0.0,,,C,724.0,216.0,508.0,solexs,2.2655524468217783e-06
F1711477633,2024-03-26 18:27:13,2024-03-26 18:29:17,2024-03-26 18:32:20,128.0,76.20768662232078,26.532667739750213,False,0.0,,,C,307.0,124.0,183.0,solexs,2.693235253925439e-06
F1711478469,2024-03-26 18:41:09,2024-03-26 19:00:32,2024-03-26 19:20:32,189.0,77.09756097560975,55.3217275470528,False,0.0,,,C,2363.0,1163.0,1200.0,solexs,3.7847679563985684e-06
F1711481977,2024-03-26 19:39:37,2024-03-26 19:53:05,2024-03-26 20:28:13,408.0,74.25530566993982,168.81183085827232,False,0.0,,,C,2916.0,808.0,2108.0,solexs,7.409867647522945e-06
F1711485985,2024-03-26 20:46:25,2024-03-26 20:48:09,2024-03-26 20:56:45,91.0,48.6362580508922,27.13660504995486,False,0.0,,,C,620.0,104.0,516.0,solexs,1.9994751810491056e-06
F1711489562,2024-03-26 21:46:02,2024-03-26 21:58:38,2024-03-26 22:37:07,1147.0,61.20768662232078,650.9199616158855,False,0.0,,,M,3065.0,756.0,2309.0,solexs,1.8269409817699095e-05
F1711493717,2024-03-26 22:55:17,2024-03-26 22:56:39,2024-03-26 23:17:12,107.0,56.837820715869505,28.67400860132466,False,0.0,,,C,1315.0,82.0,1233.0,solexs,2.3031821878898074e-06
F1711496441,2024-03-26 23:40:41,2024-03-26 23:59:49,2024-03-26 23:59:59,513.0,53.99208108964207,266.4344292689273,False,0.0,,,C,1158.0,1148.0,10.0,solexs,9.049849509148857e-06
F1711717193,2024-03-29 12:59:53,2024-03-29 13:03:50,2024-03-29 13:21:43,468.0,253.62527716186253,57.839229361821815,False,0.0,,,C,1310.0,237.0,1073.0,solexs,8.352791011809807e-06
F1711718923,2024-03-29 13:28:43,2024-03-29 13:39:29,2024-03-29 14:05:56,283.0,123.51029458346531,41.82801575739105,False,0.0,,,C,2233.0,646.0,1587.0,solexs,5.384012610183049e-06
F1711725620,2024-03-29 15:20:20,2024-03-29 15:21:13,2024-03-29 15:21:44,163.0,116.33333333333333,19.34949757361882,False,0.0,,,C,84.0,53.0,31.0,solexs,3.3260195655655916e-06
F1711727213,2024-03-29 15:46:53,2024-03-29 16:01:07,2024-03-29 16:14:54,491.0,133.5898532361947,138.2537775226057,False,0.0,,,C,1681.0,854.0,827.0,solexs,8.710079669087596e-06
F1711729388,2024-03-29 16:23:08,2024-03-29 16:29:14,2024-03-29 17:05:33,576.0,306.11519374934005,58.27074514498639,False,0.0,,,M,2545.0,366.0,2179.0,solexs,1.0012905971469188e-05
F1711732897,2024-03-29 17:21:37,2024-03-29 17:24:40,2024-03-29 17:37:33,457.0,225.7994931897371,67.04900534012381,False,0.0,,,C,956.0,183.0,773.0,solexs,8.181130739808816e-06
F1711736085,2024-03-29 18:14:45,2024-03-29 18:43:41,2024-03-29 19:04:34,610.0,289.2935276106008,81.05160984762121,False,0.0,,,M,2989.0,1736.0,1253.0,solexs,1.0527020050574844e-05
F1711740217,2024-03-29 19:23:37,2024-03-29 19:33:37,2024-03-29 20:05:29,750.0,311.4296272832858,111.68902894052607,False,0.0,,,M,2512.0,600.0,1912.0,solexs,1.2607973574055477e-05
F1711744128,2024-03-29 20:28:48,2024-03-29 20:34:35,2024-03-29 20:55:20,441.0,193.91162496040548,75.13750774920142,False,0.0,,,C,1592.0,347.0,1245.0,solexs,7.930501229524539e-06
F1711746193,2024-03-29 21:03:13,2024-03-29 21:08:06,2024-03-29 21:09:26,300.0,156.81992397846057,51.72239268277481,False,0.0,,,C,373.0,293.0,80.0,solexs,5.665321758709641e-06
F1711746942,2024-03-29 21:15:42,2024-03-29 21:15:54,2024-03-29 21:16:55,214.0,140.75081828740363,27.579225923795097,False,0.0,,,C,73.0,12.0,61.0,solexs,4.218343236037149e-06
F1711749736,2024-03-29 22:02:16,2024-03-29 22:05:08,2024-03-29 22:05:38,178.0,127.9047619047619,19.80925242355132,False,0.0,,,C,202.0,172.0,30.0,solexs,3.591728628812596e-06
F1711754554,2024-03-29 23:22:34,2024-03-29 23:23:15,2024-03-29 23:23:36,185.0,107.09523809523809,33.66618627790805,False,0.0,,,C,62.0,41.0,21.0,solexs,3.714741319214176e-06
F1711891878,2024-03-31 13:31:18,2024-03-31 14:11:22,2024-03-31 15:09:37,266.0,61.15478830112976,84.84512933344413,False,0.0,,,C,5899.0,2404.0,3495.0,solexs,5.100548585787726e-06
F1711900911,2024-03-31 16:01:51,2024-03-31 16:11:51,2024-03-31 16:30:43,117.0,58.40164713335445,34.204403407761674,False,0.0,,,C,1732.0,600.0,1132.0,solexs,2.4900288169770968e-06
F1711904292,2024-03-31 16:58:12,2024-03-31 17:00:37,2024-03-31 17:06:00,95.0,48.708161756942246,29.56734910075946,False,0.0,,,C,468.0,145.0,323.0,solexs,2.0759958714220978e-06
F1711906354,2024-03-31 17:32:34,2024-03-31 18:13:29,2024-03-31 18:37:07,172.0,57.177541970224894,62.67408936790355,False,0.0,,,C,3873.0,2455.0,1418.0,solexs,3.4858000709107275e-06
F1711914840,2024-03-31 19:54:00,2024-03-31 19:57:57,2024-03-31 20:04:38,86.0,49.83021856192588,22.914716380832445,False,0.0,,,C,638.0,237.0,401.0,solexs,1.9032193884271946e-06
F1711917922,2024-03-31 20:45:22,2024-03-31 20:51:48,2024-03-31 21:10:38,143.0,55.404181184668985,52.863027379652756,False,0.0,,,C,1516.0,386.0,1130.0,solexs,2.9668162944589497e-06
F1711920124,2024-03-31 21:22:04,2024-03-31 21:22:48,2024-03-31 21:31:29,94.0,55.28312744166403,22.8752836059472,False,0.0,,,C,565.0,44.0,521.0,solexs,2.0569047158729886e-06
F1711933254,2024-04-01 01:00:54,2024-04-01 01:31:14,2024-04-01 02:44:32,3329.0,70.74490550100305,1720.4204199273784,False,0.0,,,M,6218.0,1820.0,4398.0,solexs,4.631565251600919e-05
F1711969357,2024-04-01 11:02:37,2024-04-01 11:17:20,2024-04-01 11:21:54,36.0,11.782599514306831,31.551641843164035,False,0.0,,,B,1157.0,883.0,274.0,solexs,8.898271515792934e-07
F1712254942,2024-04-04 18:22:22,2024-04-04 18:23:08,2024-04-04 18:24:35,32.0,14.258789990497307,21.011492297902098,False,0.0,,,B,133.0,46.0,87.0,solexs,8.028733609749356e-07
F1712285563,2024-04-05 02:52:43,2024-04-05 03:05:09,2024-04-05 03:33:48,199.0,22.63731390560659,180.75956363577998,False,0.0,,,C,2465.0,746.0,1719.0,solexs,3.959021976093196e-06
F1712322159,2024-04-05 13:02:39,2024-04-05 13:06:48,2024-04-05 13:17:30,94.0,17.556488227219933,84.18079666053445,False,0.0,,,C,891.0,249.0,642.0,solexs,2.0569047158729886e-06
F1712336527,2024-04-05 17:02:07,2024-04-05 17:06:54,2024-04-05 17:12:24,52.0,17.544504276211594,36.787726552345674,False,0.0,,,C,617.0,287.0,330.0,solexs,1.2266824364751102e-06
F1712337919,2024-04-05 17:25:19,2024-04-05 17:26:54,2024-04-05 17:34:37,47.0,17.11033681765389,31.93889648134922,False,0.0,,,C,558.0,95.0,463.0,solexs,1.1230537769694857e-06
F1712340160,2024-04-05 18:02:40,2024-04-05 18:04:19,2024-04-05 18:07:17,42.0,15.687361419068736,29.710122820222104,False,0.0,,,C,277.0,99.0,178.0,solexs,1.0180132038735514e-06
F1712365702,2024-04-06 01:08:22,2024-04-06 01:22:58,2024-04-06 01:35:00,63.0,16.707739415056487,49.632681365114415,False,0.0,,,C,1598.0,876.0,722.0,solexs,1.4504057872703728e-06
F1712517884,2024-04-07 19:24:44,2024-04-07 19:25:49,2024-04-07 19:29:45,37.0,16.114243480097137,23.359851196191546,False,0.0,,,B,301.0,65.0,236.0,solexs,9.113689870620098e-07
F1712544973,2024-04-08 02:56:13,2024-04-08 03:14:07,2024-04-08 03:18:36,54.0,21.499419279907084,27.694612802789646,False,0.0,,,C,1343.0,1074.0,269.0,solexs,1.2677737827074654e-06
F1712549787,2024-04-08 04:16:27,2024-04-08 04:15:35,2024-04-08 04:19:06,38.0,19.708848062506597,18.217009500154056,False,0.0,,,B,159.0,-52.0,211.0,solexs,9.328370266861128e-07
F1712618978,2024-04-08 23:29:38,2024-04-08 23:30:26,2024-04-08 23:31:25,32.0,13.688997993876043,22.136337674299014,False,0.0,,,B,107.0,48.0,59.0,solexs,8.028733609749356e-07
F1712634566,2024-04-09 03:49:26,2024-04-09 03:57:01,2024-04-09 03:58:13,37.0,13.863953120050681,27.286848508879,False,0.0,,,B,527.0,455.0,72.0,solexs,9.113689870620098e-07
F1712700566,2024-04-09 22:09:26,2024-04-09 22:10:33,2024-04-09 22:13:31,34.0,14.32989700617195,23.14188525818238,False,0.0,,,B,245.0,67.0,178.0,solexs,8.465126929032813e-07
F1712715503,2024-04-10 02:18:23,2024-04-10 02:21:36,2024-04-10 02:27:57,113.0,14.618730862633301,115.46540398432957,False,0.0,,,C,574.0,193.0,381.0,solexs,2.4155435544771974e-06
F1712721907,2024-04-10 04:05:07,2024-04-10 04:05:32,2024-04-10 04:06:13,41.0,14.687361419068736,30.704887278371665,False,0.0,,,B,66.0,25.0,41.0,solexs,9.968196385014052e-07
F1712728265,2024-04-10 05:51:05,2024-04-10 05:52:19,2024-04-10 05:53:13,43.0,15.639742371449689,30.940005238339875,False,0.0,,,C,128.0,74.0,54.0,solexs,1.0391427984390398e-06
F1712728734,2024-04-10 05:58:54,2024-04-10 06:02:23,2024-04-10 06:15:51,59.0,16.495354239256677,47.6166297987269,False,0.0,,,C,1017.0,209.0,808.0,solexs,1.3696754273924648e-06
F1712730956,2024-04-10 06:35:56,2024-04-10 06:42:21,2024-04-10 07:12:07,103.0,29.276422764227643,56.6237316514738,False,0.0,,,C,2171.0,385.0,1786.0,solexs,2.227831596015032e-06
F1712749573,2024-04-10 11:46:13,2024-04-10 11:50:35,2024-04-10 12:05:17,239.0,21.78259951430683,213.5009140931665,False,0.0,,,C,1144.0,262.0,882.0,solexs,4.645520261643082e-06
F1712753155,2024-04-10 12:45:55,2024-04-10 12:48:40,2024-04-10 12:53:58,102.0,25.258789990497306,68.28689556347126,False,0.0,,,C,483.0,165.0,318.0,solexs,2.2089363838064796e-06
F1712755854,2024-04-10 13:30:54,2024-04-10 13:33:13,2024-04-10 13:38:09,95.0,26.544504276211594,59.427197062442985,False,0.0,,,C,435.0,139.0,296.0,solexs,2.0759958714220978e-06
F1712759497,2024-04-10 14:31:37,2024-04-10 14:34:34,2024-04-10 14:37:29,82.0,33.2452750501531,37.81054674297083,False,0.0,,,C,352.0,177.0,175.0,solexs,1.82570332548203e-06
F1712761972,2024-04-10 15:12:52,2024-04-10 15:13:16,2024-04-10 15:14:16,63.0,35.92545665716398,20.20109864916659,False,0.0,,,C,84.0,24.0,60.0,solexs,1.4504057872703728e-06
F1712767439,2024-04-10 16:43:59,2024-04-10 16:46:52,2024-04-10 16:50:05,62.0,33.92545665716398,21.55583484662259,False,0.0,,,C,366.0,173.0,193.0,solexs,1.430285829877857e-06
F1712768442,2024-04-10 17:00:42,2024-04-10 17:02:30,2024-04-10 17:05:55,79.0,35.85587583148559,32.30081558983173,False,0.0,,,C,313.0,108.0,205.0,solexs,1.767251618210135e-06
F1712769154,2024-04-10 17:12:34,2024-04-10 17:18:34,2024-04-10 17:22:23,85.0,34.449266180973495,38.517001865585286,False,0.0,,,C,589.0,360.0,229.0,solexs,1.883884114052155e-06
F1712770408,2024-04-10 17:33:28,2024-04-10 17:48:03,2024-04-10 17:54:28,96.0,34.449266180973495,46.898423627695664,False,0.0,,,C,1260.0,875.0,385.0,solexs,2.0950615312854577e-06
F1712789513,2024-04-10 22:51:53,2024-04-10 22:52:41,2024-04-10 22:55:10,60.0,22.372347165030092,35.53071462732783,False,0.0,,,C,197.0,48.0,149.0,solexs,1.38992142626712e-06
F1712790143,2024-04-10 23:02:23,2024-04-10 23:03:04,2024-04-10 23:03:36,45.0,21.54233977404709,22.606570747912482,False,0.0,,,C,73.0,41.0,32.0,solexs,1.0812166918717587e-06
F1712793523,2024-04-10 23:58:43,2024-04-11 00:00:55,2024-04-11 00:05:32,57.0,24.774205469327423,29.025804601468195,False,0.0,,,C,409.0,132.0,277.0,solexs,1.329051742096738e-06
F1712798612,2024-04-11 01:23:32,2024-04-11 01:36:12,2024-04-11 01:44:34,117.0,24.831907929468905,82.35820611819916,False,0.0,,,C,1262.0,760.0,502.0,solexs,2.4900288169770968e-06
F1712805750,2024-04-11 03:22:30,2024-04-11 03:27:11,2024-04-11 03:39:54,115.0,23.21117094287826,85.04095843805332,False,0.0,,,C,1044.0,281.0,763.0,solexs,2.452827301204531e-06
F1712808435,2024-04-11 04:07:15,2024-04-11 04:09:22,2024-04-11 04:13:14,47.0,21.734980466687784,24.23566881020823,False,0.0,,,C,359.0,127.0,232.0,solexs,1.1230537769694857e-06
F1712816340,2024-04-11 06:19:00,2024-04-11 06:24:02,2024-04-11 06:35:04,78.0,23.341357829162707,51.24162902983785,False,0.0,,,C,964.0,302.0,662.0,solexs,1.747705529001579e-06
F1712825629,2024-04-11 08:53:49,2024-04-11 08:55:24,2024-04-11 08:56:33,42.0,21.237039383380846,20.143318274260057,False,0.0,,,C,164.0,95.0,69.0,solexs,1.0180132038735514e-06
F1712829204,2024-04-11 09:53:24,2024-04-11 09:56:54,2024-04-11 10:04:19,184.0,28.78259951430683,129.3869263687709,False,0.0,,,C,655.0,210.0,445.0,solexs,3.697204766057577e-06
F1712830747,2024-04-11 10:19:07,2024-04-11 10:21:53,2024-04-11 10:30:27,63.0,35.11593284764017,21.043550324507933,False,0.0,,,C,680.0,166.0,514.0,solexs,1.4504057872703728e-06
F1712833042,2024-04-11 10:57:22,2024-04-11 11:10:36,2024-04-11 11:37:40,174.0,36.92545665716398,100.44753662839712,False,0.0,,,C,2418.0,794.0,1624.0,solexs,3.521160933068989e-06
F1712843941,2024-04-11 13:59:01,2024-04-11 14:09:53,2024-04-11 14:56:03,337.0,34.505965579136316,242.516001562268,False,0.0,,,C,3422.0,652.0,2770.0,solexs,6.270772577451838e-06
F1712849931,2024-04-11 15:38:51,2024-04-11 15:41:18,2024-04-11 15:46:02,67.0,24.687361419068736,38.084457070816434,False,0.0,,,C,431.0,147.0,284.0,solexs,1.5304875778415327e-06
F1712852054,2024-04-11 16:14:14,2024-04-11 16:20:24,2024-04-11 16:32:48,173.0,25.222890930208003,132.5568253046663,False,0.0,,,C,1114.0,370.0,744.0,solexs,3.503486989215673e-06
F1712854583,2024-04-11 16:56:23,2024-04-11 17:06:25,2024-04-11 18:03:41,4426.0,58.067469116249605,3254.729323669503,False,0.0,,,M,4038.0,602.0,3436.0,solexs,5.9391150165740365e-05
F1712862090,2024-04-11 19:01:30,2024-04-11 20:21:01,2024-04-11 20:23:09,251.0,107.38976876781756,46.82708200661655,False,0.0,,,C,4899.0,4771.0,128.0,solexs,4.848519762725243e-06
F1712868602,2024-04-11 20:50:02,2024-04-11 21:10:12,2024-04-11 21:15:03,296.0,219.95053320663075,22.609529200808396,False,0.0,,,C,1501.0,1210.0,291.0,solexs,5.599317694859781e-06
F1712871916,2024-04-11 21:45:16,2024-04-11 21:46:03,2024-04-11 22:41:00,277.0,182.69042339774046,28.98090980384659,False,0.0,,,C,3344.0,47.0,3297.0,solexs,5.284220144066042e-06
F1712876908,2024-04-11 23:08:28,2024-04-11 23:14:12,2024-04-11 23:24:38,248.0,124.78259951430684,49.00323068290884,False,0.0,,,C,970.0,344.0,626.0,solexs,4.7978876961858895e-06
F1712879150,2024-04-11 23:45:50,2024-04-11 23:49:34,2024-04-12 00:07:52,193.0,120.19279907084785,29.26247191324295,False,0.0,,,C,1322.0,224.0,1098.0,solexs,3.854606682539274e-06
F1712881853,2024-04-12 00:30:53,2024-04-12 00:33:17,2024-04-12 00:38:26,155.0,109.25878999049732,19.556070210642464,False,0.0,,,C,453.0,144.0,309.0,solexs,3.1830506217449693e-06
F1712884513,2024-04-12 01:15:13,2024-04-12 01:15:17,2024-04-12 01:36:53,132.0,81.03389293633197,24.041184839595704,False,0.0,,,C,1300.0,4.0,1296.0,solexs,2.7665700425624657e-06
F1712891796,2024-04-12 03:16:36,2024-04-12 03:26:39,2024-04-12 03:43:15,259.0,62.36838770985113,113.6862767323302,False,0.0,,,C,1599.0,603.0,996.0,solexs,4.983166046274532e-06
F1712894352,2024-04-12 03:59:12,2024-04-12 04:09:36,2024-04-12 04:17:32,109.0,63.631929046563194,25.60082854600235,False,0.0,,,C,1100.0,624.0,476.0,solexs,2.340722736352315e-06
F1712900095,2024-04-12 05:34:55,2024-04-12 05:43:39,2024-04-12 06:03:36,101.0,45.3445781860416,36.88872193868184,False,0.0,,,C,1721.0,524.0,1197.0,solexs,2.1900176390466558e-06
F1712902358,2024-04-12 06:12:38,2024-04-12 06:14:05,2024-04-12 06:14:30,93.0,43.30640903811636,33.770640058374184,False,0.0,,,C,112.0,87.0,25.0,solexs,2.0377877587561498e-06
F1712907338,2024-04-12 07:35:38,2024-04-12 07:36:38,2024-04-12 07:48:57,86.0,40.22426354133671,32.54309800121821,False,0.0,,,C,799.0,60.0,739.0,solexs,1.9032193884271946e-06
F1712920391,2024-04-12 11:13:11,2024-04-12 11:22:05,2024-04-12 11:42:31,143.0,47.85587583148559,62.161753816714594,False,0.0,,,C,1760.0,534.0,1226.0,solexs,2.9668162944589497e-06
F1712924747,2024-04-12 12:25:47,2024-04-12 12:27:26,2024-04-12 12:31:16,79.0,36.93231971280752,30.87051042884626,False,0.0,,,C,329.0,99.0,230.0,solexs,1.767251618210135e-06
F1712928533,2024-04-12 13:28:53,2024-04-12 13:31:04,2024-04-12 13:34:29,73.0,32.11931158272621,32.264826442480064,False,0.0,,,C,336.0,131.0,205.0,solexs,1.6494879576016124e-06
F1712929311,2024-04-12 13:41:51,2024-04-12 13:44:31,2024-04-12 14:19:02,166.0,13.499446786167471,113.73644032838469,False,0.0,,,C,2231.0,160.0,2071.0,solexs,3.379401260093193e-06
F1712961374,2024-04-12 22:36:14,2024-04-12 22:42:46,2024-04-12 22:58:57,55.0,11.782599514306831,56.30579311444809,False,0.0,,,C,1363.0,392.0,971.0,solexs,1.2882466569926608e-06
F1712963581,2024-04-12 23:13:01,2024-04-12 23:14:31,2024-04-12 23:17:37,141.0,38.92545665716398,73.13898999461036,False,0.0,,,C,276.0,90.0,186.0,solexs,2.930557769205971e-06
F1712969598,2024-04-13 00:53:18,2024-04-13 00:55:03,2024-04-13 01:05:44,61.0,30.91162496040545,23.627359094635274,False,0.0,,,C,746.0,105.0,641.0,solexs,1.4101246304740755e-06
F1712984371,2024-04-13 04:59:31,2024-04-13 05:02:28,2024-04-13 05:06:20,1775.0,30.069580825678386,1423.9055748688995,False,0.0,,,M,409.0,177.0,232.0,solexs,2.674760576340489e-05
F1712993617,2024-04-13 07:33:37,2024-04-13 07:37:45,2024-04-13 07:55:13,96.0,32.620631401119205,49.558004354118225,False,0.0,,,C,1296.0,248.0,1048.0,solexs,2.0950615312854577e-06
F1712996991,2024-04-13 08:29:51,2024-04-13 08:34:58,2024-04-13 08:45:59,62.0,29.068313800021116,27.316122165779248,False,0.0,,,C,968.0,307.0,661.0,solexs,1.430285829877857e-06
F1712999814,2024-04-13 09:16:54,2024-04-13 09:36:04,2024-04-13 09:54:41,109.0,37.72067363530778,50.27538513465576,False,0.0,,,C,2267.0,1150.0,1117.0,solexs,2.340722736352315e-06
F1713004087,2024-04-13 10:28:07,2024-04-13 10:35:55,2024-04-13 10:42:05,80.0,37.75187414211804,30.693195518219227,False,0.0,,,C,838.0,468.0,370.0,solexs,1.7867663214226088e-06
F1713009266,2024-04-13 11:54:26,2024-04-13 11:54:36,2024-04-13 11:59:53,64.0,34.70752824411361,22.30391368776171,False,0.0,,,C,327.0,10.0,317.0,solexs,1.4704852397135108e-06
F1713011026,2024-04-13 12:23:46,2024-04-13 12:24:13,2024-04-13 12:32:38,79.0,35.35402808573541,32.82764402536623,False,0.0,,,C,532.0,27.0,505.0,solexs,1.767251618210135e-06
F1713012059,2024-04-13 12:40:59,2024-04-13 12:44:42,2024-04-13 12:51:56,103.0,36.30640903811636,49.212994340539296,False,0.0,,,C,657.0,223.0,434.0,solexs,2.227831596015032e-06
F1713014392,2024-04-13 13:19:52,2024-04-13 13:22:09,2024-04-13 13:26:45,77.0,36.30640903811636,30.202950098680994,False,0.0,,,C,413.0,137.0,276.0,solexs,1.7281275999348735e-06
F1713015326,2024-04-13 13:35:26,2024-04-13 13:36:57,2024-04-13 13:38:09,65.0,37.41727378312744,20.1544877377177,False,0.0,,,C,163.0,91.0,72.0,solexs,1.4905248997952339e-06
F1713016565,2024-04-13 13:56:05,2024-04-13 14:04:29,2024-04-13 14:17:02,154.0,36.932530883750395,85.48358229636013,False,0.0,,,C,1257.0,504.0,753.0,solexs,3.1651145143986145e-06
F1713019995,2024-04-13 14:53:15,2024-04-13 15:00:18,2024-04-13 15:17:01,285.0,39.830218561925875,173.73030934389726,False,0.0,,,C,1426.0,423.0,1003.0,solexs,5.417216837338371e-06
F1713022619,2024-04-13 15:36:59,2024-04-13 15:37:39,2024-04-13 15:42:03,85.0,47.63446309787773,24.120411532772447,False,0.0,,,C,304.0,40.0,264.0,solexs,1.883884114052155e-06
F1713028840,2024-04-13 17:20:40,2024-04-13 17:21:14,2024-04-13 17:21:58,60.0,31.26005701615458,22.982240370911846,False,0.0,,,C,78.0,34.0,44.0,solexs,1.38992142626712e-06
F1713033688,2024-04-13 18:41:28,2024-04-13 18:42:35,2024-04-13 18:44:05,60.0,30.560236511456026,23.80193579775614,False,0.0,,,C,157.0,67.0,90.0,solexs,1.38992142626712e-06
F1713037621,2024-04-13 19:47:01,2024-04-13 19:47:18,2024-04-13 19:48:17,50.0,27.895048041389504,18.6897425538022,False,0.0,,,C,76.0,17.0,59.0,solexs,1.1853899070706525e-06
F1713042400,2024-04-13 21:06:40,2024-04-13 21:11:23,2024-04-13 21:18:07,87.0,26.968060394889662,51.88871372415886,False,0.0,,,C,687.0,283.0,404.0,solexs,1.9225261407027262e-06
F1713056030,2024-04-14 00:53:50,2024-04-14 01:01:04,2024-04-14 01:13:57,130.0,29.069791996621266,84.60748337175802,False,0.0,,,C,1207.0,434.0,773.0,solexs,2.729938457433488e-06
F1713058738,2024-04-14 01:38:58,2024-04-14 01:40:07,2024-04-14 01:47:18,62.0,32.830218561925875,22.767287193979662,False,0.0,,,C,500.0,69.0,431.0,solexs,1.430285829877857e-06
F1713061785,2024-04-14 02:29:45,2024-04-14 02:32:31,2024-04-14 02:50:16,3591.0,29.687361419068736,2923.0705601919944,False,0.0,,,M,1231.0,166.0,1065.0,solexs,4.948259534622107e-05
F1713072432,2024-04-14 05:27:12,2024-04-14 05:30:11,2024-04-14 05:37:23,99.0,49.83776792313378,31.51303833797621,False,0.0,,,C,611.0,179.0,432.0,solexs,2.152108495287001e-06
F1713075613,2024-04-14 06:20:13,2024-04-14 06:41:49,2024-04-14 07:11:53,135.0,61.969380213282655,38.391584022623505,False,0.0,,,C,3100.0,1296.0,1804.0,solexs,2.8213857978468413e-06
F1713086254,2024-04-14 09:17:34,2024-04-14 09:22:49,2024-04-14 09:25:46,71.0,36.35402808573541,25.697535673377256,False,0.0,,,C,492.0,315.0,177.0,solexs,1.6099643235762207e-06
F1713089468,2024-04-14 10:11:08,2024-04-14 10:12:03,2024-04-14 10:12:25,73.0,41.11989230281913,22.219902839707867,False,0.0,,,C,77.0,55.0,22.0,solexs,1.6494879576016124e-06
F1713090479,2024-04-14 10:27:59,2024-04-14 11:05:16,2024-04-14 12:05:01,264.0,78.47270615563298,76.40851745719058,False,0.0,,,C,5822.0,2237.0,3585.0,solexs,5.067051181373905e-06
F1713096750,2024-04-14 12:12:30,2024-04-14 12:16:56,2024-04-14 12:21:48,116.0,61.59212332383064,31.003747208603265,False,0.0,,,C,558.0,266.0,292.0,solexs,2.4714382376907434e-06
F1713098699,2024-04-14 12:44:59,2024-04-14 12:47:30,2024-04-14 12:59:40,115.0,62.48257839721255,29.926491583407625,False,0.0,,,C,881.0,151.0,730.0,solexs,2.452827301204531e-06
F1713100410,2024-04-14 13:13:30,2024-04-14 13:45:18,2024-04-14 14:35:57,218.0,66.81010452961672,51.84448974274871,False,0.0,,,C,4947.0,1908.0,3039.0,solexs,4.287099810969249e-06
F1713107100,2024-04-14 15:05:00,2024-04-14 15:08:52,2024-04-14 15:57:40,286.0,52.581987118572485,129.4641334418837,False,0.0,,,C,3160.0,232.0,2928.0,solexs,5.4338078481590246e-06
F1713111850,2024-04-14 16:24:10,2024-04-14 16:28:00,2024-04-14 16:47:28,507.0,48.11593284764017,295.8513270540424,False,0.0,,,C,1398.0,230.0,1168.0,solexs,8.957371798580829e-06
F1713113592,2024-04-14 16:53:12,2024-04-14 16:54:31,2024-04-14 16:57:25,103.0,60.687361419068736,24.290473376418614,False,0.0,,,C,253.0,79.0,174.0,solexs,2.227831596015032e-06
F1713114674,2024-04-14 17:11:14,2024-04-14 17:13:36,2024-04-14 17:19:02,111.0,60.449266180973495,29.076822523852783,False,0.0,,,C,468.0,142.0,326.0,solexs,2.378175934597758e-06
F1713116250,2024-04-14 17:37:30,2024-04-14 17:51:57,2024-04-14 17:59:22,139.0,61.801182557280114,43.02147997708361,False,0.0,,,C,1312.0,867.0,445.0,solexs,2.89423389068372e-06
F1713118560,2024-04-14 18:16:00,2024-04-14 18:29:10,2024-04-14 19:02:26,410.0,65.32520325203252,181.75314603292193,False,0.0,,,C,2786.0,790.0,1996.0,solexs,7.441569414884395e-06
F1713122710,2024-04-14 19:25:10,2024-04-14 19:30:14,2024-04-14 20:01:54,136.0,48.744271988174425,57.08051876386735,False,0.0,,,C,2204.0,304.0,1900.0,solexs,2.8396232061480173e-06
F1713125428,2024-04-14 20:10:28,2024-04-14 20:17:02,2024-04-14 20:16:24,71.0,43.97307570478302,18.270763827183323,False,0.0,,,C,356.0,394.0,-38.0,solexs,1.6099643235762207e-06
F1713128246,2024-04-14 20:57:26,2024-04-14 21:13:07,2024-04-14 21:12:27,77.0,40.92545665716398,23.68596837154691,False,0.0,,,C,901.0,941.0,-40.0,solexs,1.7281275999348735e-06
F1713130571,2024-04-14 21:36:11,2024-04-14 21:40:12,2024-04-14 21:52:42,103.0,59.27462781121318,25.402246323338726,False,0.0,,,C,991.0,241.0,750.0,solexs,2.227831596015032e-06
F1713132942,2024-04-14 22:15:42,2024-04-14 23:04:51,2024-04-14 23:28:40,206.0,79.78312744166402,58.98575736806513,False,0.0,,,C,4378.0,2949.0,1429.0,solexs,4.080336498559912e-06
F1713138715,2024-04-14 23:51:55,2024-04-15 00:08:58,2024-04-15 00:16:50,217.0,71.65690001055854,77.1385593432435,False,0.0,,,C,1495.0,1023.0,472.0,solexs,4.269925795319707e-06
F1713141105,2024-04-15 00:31:45,2024-04-15 00:30:40,2024-04-15 00:48:44,92.0,47.287878787878796,26.786441161512613,False,0.0,,,C,1019.0,-65.0,1084.0,solexs,2.018644687188779e-06
F1713143499,2024-04-15 01:11:39,2024-04-15 01:18:19,2024-04-15 02:32:54,1205.0,56.02069475240207,743.3068531788313,False,0.0,,,M,4875.0,400.0,4475.0,solexs,1.907341127174501e-05
F1713149679,2024-04-15 02:54:39,2024-04-15 03:33:28,2024-04-15 04:01:41,334.0,62.056752190898536,87.93841155845504,False,0.0,,,C,4022.0,2329.0,1693.0,solexs,6.222008876081226e-06
F1713154392,2024-04-15 04:13:12,2024-04-15 04:17:34,2024-04-15 04:37:01,260.0,94.21117094287825,73.71339986621027,False,0.0,,,C,1429.0,262.0,1167.0,solexs,4.999959398463011e-06
F1713156187,2024-04-15 04:43:07,2024-04-15 04:45:37,2024-04-15 04:52:17,286.0,94.21117094287825,88.3663882424723,False,0.0,,,C,550.0,150.0,400.0,solexs,5.4338078481590246e-06
F1713157110,2024-04-15 04:58:30,2024-04-15 05:22:15,2024-04-15 05:26:25,191.0,106.16355189525922,35.01023027063883,False,0.0,,,C,1675.0,1425.0,250.0,solexs,3.819710529783963e-06
F1713159211,2024-04-15 05:33:31,2024-04-15 05:37:40,2024-04-15 06:30:28,480.0,112.3748284236089,145.08915139744224,False,0.0,,,C,3417.0,249.0,3168.0,solexs,8.539473854219156e-06
F1713164555,2024-04-15 07:02:35,2024-04-15 07:32:33,2024-04-15 07:59:18,657.0,111.02069475240208,197.5089873501834,False,0.0,,,M,3403.0,1798.0,1605.0,solexs,1.123178075813497e-05
F1713168797,2024-04-15 08:13:17,2024-04-15 08:42:28,2024-04-15 09:13:14,1792.0,111.02069475240208,636.9403007253858,False,0.0,,,M,3597.0,1751.0,1846.0,solexs,2.6971122689322477e-05
F1713173172,2024-04-15 09:26:12,2024-04-15 09:32:20,2024-04-15 10:13:01,788.0,64.90513145391193,350.1220374008639,False,0.0,,,M,2809.0,368.0,2441.0,solexs,1.3163919689550815e-05
F1713177163,2024-04-15 10:32:43,2024-04-15 10:33:14,2024-04-15 10:37:15,77.0,47.16355189525921,19.42937661704129,False,0.0,,,C,272.0,31.0,241.0,solexs,1.7281275999348735e-06
F1713179004,2024-04-15 11:03:24,2024-04-15 11:34:51,2024-04-15 12:46:15,154.0,63.362474923450534,43.644747724857226,False,0.0,,,C,6171.0,1887.0,4284.0,solexs,3.1651145143986145e-06
F1713187805,2024-04-15 13:30:05,2024-04-15 14:16:51,2024-04-15 14:58:42,1604.0,57.593548727695065,457.45697081398026,False,0.0,,,M,5317.0,2806.0,2511.0,solexs,2.4483643520494565e-05
F1713198864,2024-04-15 16:34:24,2024-04-15 17:05:38,2024-04-15 17:32:56,272.0,50.38528138528138,114.59689583823926,False,0.0,,,C,3512.0,1874.0,1638.0,solexs,5.200850114043043e-06
F1713203274,2024-04-15 17:47:54,2024-04-15 17:53:56,2024-04-15 17:59:43,104.0,41.79136310843628,43.042401182400724,False,0.0,,,C,709.0,362.0,347.0,solexs,2.2467035329981116e-06
F1713205630,2024-04-15 18:27:10,2024-04-15 18:40:18,2024-04-15 18:46:30,104.0,40.11593284764017,45.107536324905055,False,0.0,,,C,1160.0,788.0,372.0,solexs,2.2467035329981116e-06
F1713208081,2024-04-15 19:08:01,2024-04-15 19:12:12,2024-04-15 19:19:33,203.0,43.35402808573541,108.43219159948154,False,0.0,,,C,692.0,251.0,441.0,solexs,4.028409693349888e-06
F1713209335,2024-04-15 19:28:55,2024-04-15 19:32:07,2024-04-15 20:21:59,3132.0,52.11593284764017,1912.143271343139,False,0.0,,,M,3184.0,192.0,2992.0,solexs,4.3913592164046454e-05
F1713212973,2024-04-15 20:29:33,2024-04-15 20:30:35,2024-04-15 20:32:44,80.0,40.16355189525921,28.111210697438676,False,0.0,,,C,191.0,62.0,129.0,solexs,1.7867663214226088e-06
F1713214014,2024-04-15 20:46:54,2024-04-15 20:54:01,2024-04-15 21:30:38,222.0,56.5982472811741,116.71832559417435,False,0.0,,,C,2624.0,427.0,2197.0,solexs,4.355696401511405e-06
F1713217259,2024-04-15 21:40:59,2024-04-15 21:43:19,2024-04-15 22:10:17,270.0,58.41336712068419,116.00225283053089,False,0.0,,,C,1758.0,140.0,1618.0,solexs,5.167447785580017e-06
F1713219567,2024-04-15 22:19:27,2024-04-15 22:22:43,2024-04-15 22:28:03,121.0,41.73498046668779,54.857576448152074,False,0.0,,,C,516.0,196.0,320.0,solexs,2.5641914293234197e-06
F1713225179,2024-04-15 23:52:59,2024-04-15 23:55:06,2024-04-16 00:11:58,185.0,38.30281913208743,107.20426128794288,False,0.0,,,C,1139.0,127.0,1012.0,solexs,3.714741319214176e-06
F1713229267,2024-04-16 01:01:07,2024-04-16 01:07:37,2024-04-16 01:15:40,114.0,45.258789990497306,45.696264645398216,False,0.0,,,C,873.0,390.0,483.0,solexs,2.434195807911221e-06
F1713231427,2024-04-16 01:37:07,2024-04-16 01:41:49,2024-04-16 02:00:49,98.0,47.644071375778694,32.69270509835377,False,0.0,,,C,1422.0,282.0,1140.0,solexs,2.1331175538364294e-06
F1713236339,2024-04-16 02:58:59,2024-04-16 02:59:56,2024-04-16 03:08:58,79.0,39.12865589694858,28.10537418666753,False,0.0,,,C,599.0,57.0,542.0,solexs,1.767251618210135e-06
F1713251608,2024-04-16 07:13:28,2024-04-16 07:15:27,2024-04-16 07:17:46,59.0,34.49688522859255,18.657194978193242,False,0.0,,,C,258.0,119.0,139.0,solexs,1.3696754273924648e-06
F1713254704,2024-04-16 08:05:04,2024-04-16 08:19:21,2024-04-16 08:24:10,84.0,37.37430049625172,32.58188057752461,False,0.0,,,C,1146.0,857.0,289.0,solexs,1.864519939124312e-06
F1713259296,2024-04-16 09:21:36,2024-04-16 09:22:43,2024-04-16 09:25:34,95.0,57.639742371449685,22.00715208280243,False,0.0,,,C,238.0,67.0,171.0,solexs,2.0759958714220978e-06
F1713262239,2024-04-16 10:10:39,2024-04-16 10:16:56,2024-04-16 10:29:02,182.0,61.3540280857354,68.88208491883883,False,0.0,,,C,1103.0,377.0,726.0,solexs,3.6620952740739863e-06
F1713266150,2024-04-16 11:15:50,2024-04-16 11:17:39,2024-04-16 11:18:04,83.0,52.11593284764017,19.132169861024817,False,0.0,,,C,134.0,109.0,25.0,solexs,1.845126475599689e-06
F1713274778,2024-04-16 13:39:38,2024-04-16 13:41:27,2024-04-16 13:48:51,81.0,41.35402808573541,27.57116755990982,False,0.0,,,C,553.0,109.0,444.0,solexs,1.8062500804429226e-06
F1713276822,2024-04-16 14:13:42,2024-04-16 14:13:46,2024-04-16 14:14:51,74.0,44.73498046668778,19.567718415788903,False,0.0,,,C,69.0,4.0,65.0,solexs,1.6691980436117363e-06
F1713281374,2024-04-16 15:29:34,2024-04-16 15:34:15,2024-04-16 16:42:22,275.0,56.786611762221526,149.734353443659,False,0.0,,,C,4368.0,281.0,4087.0,solexs,5.250895250997346e-06
F1713288044,2024-04-16 17:20:44,2024-04-16 18:02:07,2024-04-16 18:51:25,666.0,72.25535846267553,222.9554174794004,False,0.0,,,M,5441.0,2483.0,2958.0,solexs,1.1365991719645465e-05
F1713306149,2024-04-16 22:22:29,2024-04-16 22:23:11,2024-04-16 22:32:40,73.0,39.211170942878255,24.13143973809068,False,0.0,,,C,611.0,42.0,569.0,solexs,1.6494879576016124e-06
F1713312894,2024-04-17 00:14:54,2024-04-17 00:17:33,2024-04-17 00:25:41,118.0,40.066782810685254,55.21696745759052,False,0.0,,,C,647.0,159.0,488.0,solexs,2.5085992350439816e-06
F1713315318,2024-04-17 00:55:18,2024-04-17 01:01:32,2024-04-17 01:14:21,119.0,44.31116038433112,49.37147260025835,False,0.0,,,C,1143.0,374.0,769.0,solexs,2.5271496843410326e-06
F1713320431,2024-04-17 02:20:31,2024-04-17 02:29:31,2024-04-17 02:36:17,88.0,45.429046563192905,27.491979868497662,False,0.0,,,C,946.0,540.0,406.0,solexs,1.9418047400858765e-06
F1713323809,2024-04-17 03:16:49,2024-04-17 03:27:47,2024-04-17 04:09:22,480.0,48.24844261429628,280.75199323425136,False,0.0,,,C,3153.0,658.0,2495.0,solexs,8.539473854219156e-06
F1713329296,2024-04-17 04:48:16,2024-04-17 04:50:29,2024-04-17 04:56:04,83.0,47.940766550522646,22.556827533308024,False,0.0,,,C,468.0,133.0,335.0,solexs,1.845126475599689e-06
F1713330382,2024-04-17 05:06:22,2024-04-17 05:06:49,2024-04-17 05:08:55,70.0,44.69464681659804,16.866674080122404,False,0.0,,,C,153.0,27.0,126.0,solexs,1.5901496844363245e-06
F1713332662,2024-04-17 05:44:22,2024-04-17 05:50:44,2024-04-17 05:54:58,88.0,41.258789990497306,32.542933986696035,False,0.0,,,C,636.0,382.0,254.0,solexs,1.9418047400858765e-06
F1713338916,2024-04-17 07:28:36,2024-04-17 07:30:08,2024-04-17 07:37:53,647.0,36.877837609544926,450.62324688484387,False,0.0,,,M,557.0,92.0,465.0,solexs,1.1082383319081732e-05
F1713343511,2024-04-17 08:45:11,2024-04-17 08:53:44,2024-04-17 09:00:44,118.0,48.58299018055116,44.51283622265488,False,0.0,,,C,933.0,513.0,420.0,solexs,2.5085992350439816e-06
F1713348077,2024-04-17 10:01:17,2024-04-17 10:40:35,2024-04-17 10:56:15,122.0,65.81321930102418,29.246297381194072,False,0.0,,,C,3298.0,2358.0,940.0,solexs,2.5826830930729243e-06
F1713361457,2024-04-17 13:44:17,2024-04-17 14:03:28,2024-04-17 14:27:41,156.0,78.92355611867808,41.059178089265586,False,0.0,,,C,2604.0,1151.0,1453.0,solexs,3.2009720445099504e-06
F1713366466,2024-04-17 15:07:46,2024-04-17 15:12:37,2024-04-17 15:23:27,142.0,80.59212332383063,30.590937003012623,False,0.0,,,C,941.0,291.0,650.0,solexs,2.948695135941977e-06
F1713368788,2024-04-17 15:46:28,2024-04-17 15:48:00,2024-04-17 15:58:52,363.0,85.62453806356245,132.9046055258816,False,0.0,,,C,744.0,92.0,652.0,solexs,6.691140948933652e-06
F1713370481,2024-04-17 16:14:41,2024-04-17 16:13:31,2024-04-17 16:15:49,108.0,73.11593284764017,18.242421399488197,False,0.0,,,C,68.0,-70.0,138.0,solexs,2.3219634943465185e-06
F1713371867,2024-04-17 16:37:47,2024-04-17 16:47:36,2024-04-17 16:52:00,283.0,62.687361419068736,124.44126422291677,False,0.0,,,C,853.0,589.0,264.0,solexs,5.384012610183049e-06
F1713374438,2024-04-17 17:20:38,2024-04-17 17:32:33,2024-04-17 17:45:03,109.0,63.47851335656213,25.526601551062424,False,0.0,,,C,1465.0,715.0,750.0,solexs,2.340722736352315e-06
F1713377014,2024-04-17 18:03:34,2024-04-17 18:19:39,2024-04-17 18:25:49,228.0,59.3540280857354,97.89620838536692,False,0.0,,,C,1335.0,965.0,370.0,solexs,4.458298381900979e-06
F1713378851,2024-04-17 18:34:11,2024-04-17 18:35:20,2024-04-17 18:38:44,115.0,58.123746172526666,33.229126760651546,False,0.0,,,C,273.0,69.0,204.0,solexs,2.452827301204531e-06
F1713381009,2024-04-17 19:10:09,2024-04-17 19:14:40,2024-04-17 19:17:09,95.0,56.09830007390983,23.282588124105725,False,0.0,,,C,420.0,271.0,149.0,solexs,2.0759958714220978e-06
F1713383294,2024-04-17 19:48:14,2024-04-17 19:50:27,2024-04-17 19:55:34,104.0,54.02069475240207,30.410609882856264,False,0.0,,,C,440.0,133.0,307.0,solexs,2.2467035329981116e-06
F1713384134,2024-04-17 20:02:14,2024-04-17 20:08:28,2024-04-17 20:44:17,649.0,68.1621792841305,335.77168590584563,False,0.0,,,M,2523.0,374.0,2149.0,solexs,1.1112286119003486e-05
F1713387528,2024-04-17 20:58:48,2024-04-17 21:20:27,2024-04-17 21:44:08,197.0,84.83021856192588,51.25495220352985,False,0.0,,,C,2720.0,1299.0,1421.0,solexs,3.924261881448842e-06
F1713391207,2024-04-17 22:00:07,2024-04-17 22:07:47,2024-04-17 23:51:32,1063.0,116.44541231126598,468.7737820301481,False,0.0,,,M,6685.0,460.0,6225.0,solexs,1.7095728425024687e-05
F1713398651,2024-04-18 00:04:11,2024-04-18 00:02:39,2024-04-18 00:05:40,135.0,92.02069475240208,20.036916454478757,False,0.0,,,C,89.0,-92.0,181.0,solexs,2.8213857978468413e-06
F1713400906,2024-04-18 00:41:46,2024-04-18 01:19:20,2024-04-18 01:43:29,326.0,139.30640903811636,70.54795708760741,False,0.0,,,C,3703.0,2254.0,1449.0,solexs,6.091698785750647e-06
F1713405659,2024-04-18 02:00:59,2024-04-18 02:19:42,2024-04-18 02:23:51,293.0,139.83021856192588,55.83013316775224,False,0.0,,,C,1372.0,1123.0,249.0,solexs,5.549740365565012e-06
F1713407625,2024-04-18 02:33:45,2024-04-18 02:48:20,2024-04-18 03:08:02,1557.0,153.1991341991342,509.28302963687304,False,0.0,,,M,2057.0,875.0,1182.0,solexs,2.3856129152385604e-05
F1713410047,2024-04-18 03:14:07,2024-04-18 03:17:19,2024-04-18 03:57:14,328.0,141.173952064196,56.14067355437063,False,0.0,,,C,2587.0,192.0,2395.0,solexs,6.124313993213453e-06
F1713413662,2024-04-18 04:14:22,2024-04-18 04:20:50,2024-04-18 04:43:32,260.0,114.74216027874564,58.60438516675795,False,0.0,,,C,1750.0,388.0,1362.0,solexs,4.999959398463011e-06
F1713416105,2024-04-18 04:55:05,2024-04-18 05:00:46,2024-04-18 05:22:31,235.0,79.95670995670994,71.3853169859555,False,0.0,,,C,1646.0,341.0,1305.0,solexs,4.577568831321494e-06
F1713419018,2024-04-18 05:43:38,2024-04-18 06:09:39,2024-04-18 06:36:02,417.0,103.23471650300917,138.35712996246542,False,0.0,,,C,3144.0,1561.0,1583.0,solexs,7.5523717458392676e-06
F1713422894,2024-04-18 06:48:14,2024-04-18 07:00:53,2024-04-18 07:02:05,145.0,91.59914475768134,25.038411424542453,False,0.0,,,C,831.0,759.0,72.0,solexs,3.0030104956661693e-06
F1713424805,2024-04-18 07:20:05,2024-04-18 07:36:54,2024-04-18 09:10:01,861.0,142.17896737408935,337.0021837137694,False,0.0,,,M,6596.0,1009.0,5587.0,solexs,1.4222548796410993e-05
F1713432291,2024-04-18 09:24:51,2024-04-18 09:29:47,2024-04-18 09:45:06,180.0,118.49688522859253,25.220857623651252,False,0.0,,,C,1215.0,296.0,919.0,solexs,3.626936766398165e-06
F1713434301,2024-04-18 09:58:21,2024-04-18 10:09:34,2024-04-18 10:14:47,198.0,118.49688522859253,32.66221808197286,False,0.0,,,C,986.0,673.0,313.0,solexs,3.9416475005955315e-06
F1713435595,2024-04-18 10:19:55,2024-04-18 10:37:16,2024-04-18 10:48:51,213.0,115.92545665716398,40.320967679265465,False,0.0,,,C,1736.0,1041.0,695.0,solexs,4.20112870225352e-06
F1713438026,2024-04-18 11:00:26,2024-04-18 11:02:00,2024-04-18 11:05:04,203.0,115.59212332383063,36.35812241559118,False,0.0,,,C,278.0,94.0,184.0,solexs,4.028409693349888e-06
F1713439196,2024-04-18 11:19:56,2024-04-18 11:51:44,2024-04-18 12:10:52,532.0,157.14211804455707,123.197856125701,False,0.0,,,C,3056.0,1908.0,1148.0,solexs,9.341798812125017e-06
F1713442774,2024-04-18 12:19:34,2024-04-18 12:22:31,2024-04-18 13:05:44,258.0,102.40766550522648,54.85873910562163,False,0.0,,,C,2770.0,177.0,2593.0,solexs,4.966364460577649e-06
F1713446693,2024-04-18 13:24:53,2024-04-18 13:26:34,2024-04-18 13:26:56,119.0,77.16355189525922,21.299219964895325,False,0.0,,,C,123.0,101.0,22.0,solexs,2.5271496843410326e-06
F1713447474,2024-04-18 13:37:54,2024-04-18 13:52:42,2024-04-18 14:17:40,164.0,77.16355189525922,44.20494300173476,False,0.0,,,C,2386.0,888.0,1498.0,solexs,3.3438272119991387e-06
F1713450536,2024-04-18 14:28:56,2024-04-18 15:04:45,2024-04-18 15:35:59,156.0,71.97307570478301,43.15313092964968,False,0.0,,,C,4023.0,2149.0,1874.0,solexs,3.2009720445099504e-06
F1713455748,2024-04-18 15:55:48,2024-04-18 15:55:56,2024-04-18 15:59:05,84.0,51.83021856192588,19.983501527480126,False,0.0,,,C,197.0,8.0,189.0,solexs,1.864519939124312e-06
F1713457160,2024-04-18 16:19:20,2024-04-18 16:46:26,2024-04-18 17:15:47,568.0,68.63974237144969,225.32993027524952,False,0.0,,,C,3387.0,1626.0,1761.0,solexs,9.89138521616153e-06
F1713461533,2024-04-18 17:32:13,2024-04-18 17:33:50,2024-04-18 17:39:39,121.0,62.812057860838344,32.575510588614655,False,0.0,,,C,446.0,97.0,349.0,solexs,2.5641914293234197e-06
F1713463993,2024-04-18 18:13:13,2024-04-18 18:25:55,2024-04-18 18:30:33,109.0,58.57121740048569,29.729797678118768,False,0.0,,,C,1040.0,762.0,278.0,solexs,2.340722736352315e-06
F1713467770,2024-04-18 19:16:10,2024-04-18 19:56:59,2024-04-18 22:24:00,1026.0,217.0402280646183,251.45892329394655,False,0.0,,,M,11270.0,2449.0,8821.0,solexs,1.6575055010758325e-05
F1713480381,2024-04-18 22:46:21,2024-04-18 22:48:31,2024-04-18 23:16:27,182.0,85.7266392144441,40.38502000430041,False,0.0,,,C,1806.0,130.0,1676.0,solexs,3.6620952740739863e-06
F1713484002,2024-04-18 23:46:42,2024-04-18 23:47:12,2024-04-19 00:08:16,104.0,61.24759793052476,23.049910119627445,False,0.0,,,C,1294.0,30.0,1264.0,solexs,2.2467035329981116e-06
F1713489015,2024-04-19 01:10:15,2024-04-19 01:27:10,2024-04-19 01:30:45,162.0,53.30640903811636,65.277449456369,False,0.0,,,C,1230.0,1015.0,215.0,solexs,3.3081980442063483e-06
F1713490846,2024-04-19 01:40:46,2024-04-19 01:57:35,2024-04-19 02:25:13,188.0,89.76090169992611,53.135459438108974,False,0.0,,,C,2667.0,1009.0,1658.0,solexs,3.76727908933918e-06
F1713494840,2024-04-19 02:47:20,2024-04-19 02:54:10,2024-04-19 03:32:49,244.0,97.83058811107593,62.92301876435398,False,0.0,,,C,2729.0,410.0,2319.0,solexs,4.7302570390549106e-06
F1713499312,2024-04-19 04:01:52,2024-04-19 04:03:13,2024-04-19 04:03:50,103.0,72.2587899904973,16.17300099461073,False,0.0,,,C,118.0,81.0,37.0,solexs,2.227831596015032e-06
F1713500503,2024-04-19 04:21:43,2024-04-19 04:26:27,2024-04-19 04:30:13,129.0,72.2587899904973,29.85164362871313,False,0.0,,,C,510.0,284.0,226.0,solexs,2.711595885904496e-06
F1713501714,2024-04-19 04:41:54,2024-04-19 04:53:27,2024-04-19 05:38:17,1494.0,67.43216133460035,736.3380850526464,False,0.0,,,M,3383.0,693.0,2690.0,solexs,2.3011198034038177e-05
F1713507022,2024-04-19 06:10:22,2024-04-19 06:23:04,2024-04-19 06:32:20,95.0,51.40164713335445,27.19546956879648,False,0.0,,,C,1318.0,762.0,556.0,solexs,2.0759958714220978e-06
F1713509585,2024-04-19 06:53:05,2024-04-19 06:55:19,2024-04-19 06:56:19,88.0,57.785450322035686,17.841130889027944,False,0.0,,,C,194.0,134.0,60.0,solexs,1.9418047400858765e-06
F1713515055,2024-04-19 08:24:15,2024-04-19 08:40:39,2024-04-19 08:46:01,121.0,59.267447999155316,35.10111865570271,False,0.0,,,C,1306.0,984.0,322.0,solexs,2.5641914293234197e-06
F1713517256,2024-04-19 09:00:56,2024-04-19 09:10:09,2024-04-19 09:30:55,119.0,64.1961778059339,28.70272006827497,False,0.0,,,C,1799.0,553.0,1246.0,solexs,2.5271496843410326e-06
F1713523360,2024-04-19 10:42:40,2024-04-19 10:43:41,2024-04-19 10:50:03,95.0,56.83021856192588,22.643575672042864,False,0.0,,,C,443.0,61.0,382.0,solexs,2.0759958714220978e-06
F1713525104,2024-04-19 11:11:44,2024-04-19 11:20:21,2024-04-19 11:28:23,235.0,70.57586316122902,87.45129081989677,False,0.0,,,C,999.0,517.0,482.0,solexs,4.577568831321494e-06
F1713527026,2024-04-19 11:43:46,2024-04-19 11:49:34,2024-04-19 11:55:36,117.0,72.16355189525922,23.6040892581914,False,0.0,,,C,710.0,348.0,362.0,solexs,2.4900288169770968e-06
F1713528362,2024-04-19 12:06:02,2024-04-19 12:08:50,2024-04-19 12:13:08,105.0,64.67110125646711,22.29716996252715,False,0.0,,,C,426.0,168.0,258.0,solexs,2.2655524468217783e-06
F1713529323,2024-04-19 12:22:03,2024-04-19 12:22:46,2024-04-19 12:30:03,97.0,54.897793263646925,24.97141018660619,False,0.0,,,C,480.0,43.0,437.0,solexs,2.114101994572128e-06
F1713531437,2024-04-19 12:57:17,2024-04-19 13:06:03,2024-04-19 13:33:44,547.0,63.96874670045402,294.4266772962907,False,0.0,,,C,2187.0,526.0,1661.0,solexs,9.571349390174058e-06
F1713534014,2024-04-19 13:40:14,2024-04-19 13:41:23,2024-04-19 13:45:49,138.0,93.87783760954494,20.365273541482242,False,0.0,,,C,335.0,69.0,266.0,solexs,2.87604711373161e-06
F1713534811,2024-04-19 13:53:31,2024-04-19 14:02:59,2024-04-19 14:34:25,209.0,88.97265336289726,55.40049748902834,False,0.0,,,C,2454.0,568.0,1886.0,solexs,4.132167385738207e-06
F1713538756,2024-04-19 14:59:16,2024-04-19 15:06:01,2024-04-19 15:20:51,198.0,68.21117094287825,69.36866494944196,False,0.0,,,C,1295.0,405.0,890.0,solexs,3.9416475005955315e-06
F1713540631,2024-04-19 15:30:31,2024-04-19 15:35:26,2024-04-19 16:06:25,137.0,67.97191426459719,37.377743140208885,False,0.0,,,C,2154.0,295.0,1859.0,solexs,2.857843598138739e-06
F1713548210,2024-04-19 17:36:50,2024-04-19 17:43:20,2024-04-19 17:52:31,199.0,51.80551156160912,92.04964601078832,False,0.0,,,C,941.0,390.0,551.0,solexs,3.959021976093196e-06
F1713549756,2024-04-19 18:02:36,2024-04-19 18:03:22,2024-04-19 18:04:49,113.0,51.59212332383064,38.233792397108424,False,0.0,,,C,133.0,46.0,87.0,solexs,2.4155435544771974e-06
F1713552450,2024-04-19 18:47:30,2024-04-19 19:03:17,2024-04-19 19:39:57,166.0,54.54450427621159,54.847139911887496,False,0.0,,,C,3147.0,947.0,2200.0,solexs,3.379401260093193e-06
F1713556207,2024-04-19 19:50:07,2024-04-19 19:52:16,2024-04-19 20:01:01,120.0,73.5445042762116,24.225736219182835,False,0.0,,,C,654.0,129.0,525.0,solexs,2.545680353879815e-06
F1713557578,2024-04-19 20:12:58,2024-04-19 20:16:34,2024-04-19 20:22:38,137.0,67.59212332383063,37.75510755198949,False,0.0,,,C,580.0,216.0,364.0,solexs,2.857843598138739e-06
F1713559563,2024-04-19 20:46:03,2024-04-19 20:51:02,2024-04-19 21:02:05,161.0,69.52486537852391,49.42566490311633,False,0.0,,,C,962.0,299.0,663.0,solexs,3.290362551361519e-06
F1713561652,2024-04-19 21:20:52,2024-04-19 21:33:25,2024-04-19 21:55:28,119.0,70.83021856192588,24.99734125699324,False,0.0,,,C,2076.0,753.0,1323.0,solexs,2.5271496843410326e-06
F1713565252,2024-04-19 22:20:52,2024-04-19 22:32:35,2024-04-19 22:41:28,143.0,62.258789990497306,45.618498396146414,False,0.0,,,C,1236.0,703.0,533.0,solexs,2.9668162944589497e-06
F1713567155,2024-04-19 22:52:35,2024-04-19 22:54:16,2024-04-19 22:54:32,104.0,69.56620209059233,18.50056637721767,False,0.0,,,C,117.0,101.0,16.0,solexs,2.2467035329981116e-06
F1713570059,2024-04-19 23:40:59,2024-04-19 23:42:39,2024-04-19 23:50:13,98.0,54.060922817020376,26.300805522806858,False,0.0,,,C,554.0,100.0,454.0,solexs,2.1331175538364294e-06
F1713574901,2024-04-20 01:01:41,2024-04-20 01:06:08,2024-04-20 01:21:20,195.0,46.39193326998205,93.8222104835631,False,0.0,,,C,1179.0,267.0,912.0,solexs,3.889456956439725e-06
F1713577721,2024-04-20 01:48:41,2024-04-20 01:55:17,2024-04-20 02:08:58,119.0,42.04107274838982,51.48219096326257,False,0.0,,,C,1217.0,396.0,821.0,solexs,2.5271496843410326e-06
F1713581776,2024-04-20 02:56:16,2024-04-20 02:57:20,2024-04-20 03:04:37,67.0,38.68165980361102,20.41126853612308,False,0.0,,,C,501.0,64.0,437.0,solexs,1.5304875778415327e-06
F1713584107,2024-04-20 03:35:07,2024-04-20 03:37:51,2024-04-20 03:48:43,92.0,40.23302713546616,35.836571211567545,False,0.0,,,C,816.0,164.0,652.0,solexs,2.018644687188779e-06
F1713587016,2024-04-20 04:23:36,2024-04-20 04:25:53,2024-04-20 04:28:46,80.0,37.11593284764017,31.479713785493615,False,0.0,,,C,310.0,137.0,173.0,solexs,1.7867663214226088e-06
F1713588187,2024-04-20 04:43:07,2024-04-20 04:45:02,2024-04-20 04:56:35,82.0,44.449266180973495,25.188431729568627,False,0.0,,,C,808.0,115.0,693.0,solexs,1.82570332548203e-06
F1713594203,2024-04-20 06:23:23,2024-04-20 06:27:10,2024-04-20 06:54:20,170.0,44.71322985957133,87.11970546292892,False,0.0,,,C,1857.0,227.0,1630.0,solexs,3.4503869697215498e-06
F1713597017,2024-04-20 07:10:17,2024-04-20 07:13:51,2024-04-20 07:17:15,87.0,44.92545665716398,28.072956888531007,False,0.0,,,C,418.0,214.0,204.0,solexs,1.9225261407027262e-06
F1713598209,2024-04-20 07:30:09,2024-04-20 07:30:44,2024-04-20 07:31:55,73.0,45.6624432478091,18.079192262904787,False,0.0,,,C,106.0,35.0,71.0,solexs,1.6494879576016124e-06
F1713598779,2024-04-20 07:39:39,2024-04-20 07:42:41,2024-04-20 07:47:31,82.0,44.59212332383064,25.052379352895702,False,0.0,,,C,472.0,182.0,290.0,solexs,1.82570332548203e-06
F1713599978,2024-04-20 07:59:38,2024-04-20 08:09:57,2024-04-20 08:26:28,122.0,39.49329532256361,56.83973501435179,False,0.0,,,C,1610.0,619.0,991.0,solexs,2.5826830930729243e-06
F1713602480,2024-04-20 08:41:20,2024-04-20 08:48:19,2024-04-20 09:05:55,160.0,37.78259951430683,88.92054638089859,False,0.0,,,C,1475.0,419.0,1056.0,solexs,3.272512989195038e-06
F1713604481,2024-04-20 09:14:41,2024-04-20 09:18:38,2024-04-20 09:26:42,123.0,38.722626966529404,59.35472970379245,False,0.0,,,C,721.0,237.0,484.0,solexs,2.601155524350953e-06
F1713610932,2024-04-20 11:02:12,2024-04-20 11:03:27,2024-04-20 11:03:26,63.0,35.854819976771196,20.27034148320207,False,0.0,,,C,74.0,75.0,-1.0,solexs,1.4504057872703728e-06
F1713613678,2024-04-20 11:47:58,2024-04-20 11:52:19,2024-04-20 11:59:02,138.0,39.16355189525921,70.63030654795142,False,0.0,,,C,664.0,261.0,403.0,solexs,2.87604711373161e-06
F1713617234,2024-04-20 12:47:14,2024-04-20 12:51:14,2024-04-20 12:55:31,102.0,44.83021856192588,38.1852907392103,False,0.0,,,C,497.0,240.0,257.0,solexs,2.2089363838064796e-06
F1713618278,2024-04-20 13:04:38,2024-04-20 13:07:33,2024-04-20 13:11:55,100.0,48.874353288987436,32.75074494264998,False,0.0,,,C,437.0,175.0,262.0,solexs,2.1710750989871012e-06
F1713623281,2024-04-20 14:28:01,2024-04-20 14:32:47,2024-04-20 14:33:33,75.0,41.62369337979094,23.00305920477446,False,0.0,,,C,332.0,286.0,46.0,solexs,1.6888743435205183e-06
F1713624923,2024-04-20 14:55:23,2024-04-20 15:17:04,2024-04-20 15:30:55,157.0,56.00168936754302,57.899301954921924,False,0.0,,,C,2132.0,1301.0,831.0,solexs,3.2188788887340445e-06
F1713628024,2024-04-20 15:47:04,2024-04-20 15:47:45,2024-04-20 15:50:07,147.0,90.61989230281912,26.471206738452977,False,0.0,,,C,183.0,41.0,142.0,solexs,3.039141371880156e-06
F1713628986,2024-04-20 16:03:06,2024-04-20 16:06:19,2024-04-20 16:20:25,117.0,66.88644282546721,26.089639840801553,False,0.0,,,C,1039.0,193.0,846.0,solexs,2.4900288169770968e-06
F1713631051,2024-04-20 16:37:31,2024-04-20 16:40:55,2024-04-20 16:46:38,204.0,65.78259951430684,76.21179715689237,False,0.0,,,C,547.0,204.0,343.0,solexs,4.045729383659263e-06
F1713632182,2024-04-20 16:56:22,2024-04-20 17:04:52,2024-04-20 17:38:17,371.0,64.74326892619575,166.41563845714018,False,0.0,,,C,2515.0,510.0,2005.0,solexs,6.819704733317148e-06
F1713636404,2024-04-20 18:06:44,2024-04-20 18:07:23,2024-04-20 18:07:58,77.0,47.877837609544926,18.82224202132345,False,0.0,,,C,74.0,39.0,35.0,solexs,1.7281275999348735e-06
F1713636794,2024-04-20 18:13:14,2024-04-20 18:16:12,2024-04-20 18:21:27,100.0,47.877837609544926,33.68760677982532,False,0.0,,,C,493.0,178.0,315.0,solexs,2.1710750989871012e-06
F1713638293,2024-04-20 18:38:13,2024-04-20 18:38:50,2024-04-20 18:41:39,88.0,43.7037271671418,29.862033091192842,False,0.0,,,C,206.0,37.0,169.0,solexs,1.9418047400858765e-06
F1713640293,2024-04-20 19:11:33,2024-04-20 19:14:25,2024-04-20 19:32:02,88.0,42.687361419068736,31.015921898591397,False,0.0,,,C,1229.0,172.0,1057.0,solexs,1.9418047400858765e-06
F1713643772,2024-04-20 20:09:32,2024-04-20 20:10:27,2024-04-20 20:12:58,66.0,36.687361419068736,21.642711587820465,False,0.0,,,C,206.0,55.0,151.0,solexs,1.5105254568059737e-06
F1713644999,2024-04-20 20:29:59,2024-04-20 20:30:16,2024-04-20 20:31:42,61.0,36.687361419068736,17.951008514406308,False,0.0,,,C,103.0,17.0,86.0,solexs,1.4101246304740755e-06
F1713645448,2024-04-20 20:37:28,2024-04-20 20:39:17,2024-04-20 20:41:08,67.0,36.687361419068736,22.381052202503295,False,0.0,,,C,220.0,109.0,111.0,solexs,1.5304875778415327e-06
F1713646307,2024-04-20 20:51:47,2024-04-20 20:56:24,2024-04-20 21:19:59,121.0,48.877837609544926,46.13470470451516,False,0.0,,,C,1692.0,277.0,1415.0,solexs,2.5641914293234197e-06
F1713649424,2024-04-20 21:43:44,2024-04-20 21:57:36,2024-04-20 22:35:45,216.0,53.942614296272836,101.17369968475792,False,0.0,,,C,3121.0,832.0,2289.0,solexs,4.2527417293357605e-06
F1713655081,2024-04-20 23:18:01,2024-04-20 23:18:33,2024-04-20 23:20:07,77.0,45.224897054165346,21.06369445672309,False,0.0,,,C,126.0,32.0,94.0,solexs,1.7281275999348735e-06
F1713661367,2024-04-21 01:02:47,2024-04-21 01:13:06,2024-04-21 01:41:56,282.0,55.76137683454757,150.83371191146222,False,0.0,,,C,2349.0,619.0,1730.0,solexs,5.3673993349489945e-06
F1713665083,2024-04-21 02:04:43,2024-04-21 02:26:04,2024-04-21 02:41:37,239.0,69.12290148875515,89.25115601914872,False,0.0,,,C,2214.0,1281.0,933.0,solexs,4.645520261643082e-06
F1713671671,2024-04-21 03:54:31,2024-04-21 03:54:17,2024-04-21 04:02:42,91.0,53.97307570478302,21.982244080465403,False,0.0,,,C,491.0,-14.0,505.0,solexs,1.9994751810491056e-06
F1713673841,2024-04-21 04:30:41,2024-04-21 04:46:38,2024-04-21 05:00:57,148.0,55.081723154893886,55.64255375961298,False,0.0,,,C,1816.0,957.0,859.0,solexs,3.0571833673858236e-06
F1713676542,2024-04-21 05:15:42,2024-04-21 05:21:25,2024-04-21 05:30:05,135.0,69.78534473656424,34.880961994061224,False,0.0,,,C,863.0,343.0,520.0,solexs,2.8213857978468413e-06
F1713679294,2024-04-21 06:01:34,2024-04-21 06:02:21,2024-04-21 06:10:33,108.0,62.68424664766128,25.327659427470223,False,0.0,,,C,539.0,47.0,492.0,solexs,2.3219634943465185e-06
F1713681230,2024-04-21 06:33:50,2024-04-21 06:31:53,2024-04-21 06:37:15,81.0,50.13578291627071,19.256691926783663,False,0.0,,,C,205.0,-117.0,322.0,solexs,1.8062500804429226e-06
F1713684555,2024-04-21 07:29:15,2024-04-21 07:36:44,2024-04-21 08:06:04,114.0,51.78259951430683,38.66650648934752,False,0.0,,,C,2209.0,449.0,1760.0,solexs,2.434195807911221e-06
F1713688837,2024-04-21 08:40:37,2024-04-21 08:41:49,2024-04-21 08:45:47,81.0,42.35402808573541,26.55656327437418,False,0.0,,,C,310.0,72.0,238.0,solexs,1.8062500804429226e-06
F1713695698,2024-04-21 10:34:58,2024-04-21 10:37:23,2024-04-21 10:46:03,125.0,59.59212332383064,37.74545807361594,False,0.0,,,C,665.0,145.0,520.0,solexs,2.638043390972882e-06
F1713700660,2024-04-21 11:57:40,2024-04-21 12:17:55,2024-04-21 12:24:10,141.0,48.83021856192588,55.855813689942885,False,0.0,,,C,1590.0,1215.0,375.0,solexs,2.930557769205971e-06
F1713703188,2024-04-21 12:39:48,2024-04-21 12:58:59,2024-04-21 14:10:32,574.0,88.97307570478301,259.19788750391314,False,0.0,,,C,5444.0,1151.0,4293.0,solexs,9.982545984410981e-06
F1713709664,2024-04-21 14:27:44,2024-04-21 14:30:24,2024-04-21 14:39:12,137.0,78.94372294372295,28.966747497895092,False,0.0,,,C,688.0,160.0,528.0,solexs,2.857843598138739e-06
F1713712140,2024-04-21 15:09:00,2024-04-21 15:14:29,2024-04-21 15:28:54,1536.0,72.11593284764017,770.9142420001039,False,0.0,,,M,1194.0,329.0,865.0,solexs,2.3574976420950717e-05
F1713713971,2024-04-21 15:39:31,2024-04-21 16:31:06,2024-04-21 16:31:07,217.0,89.87783760954494,165.6211177761085,False,0.0,,,C,3096.0,3095.0,1.0,solexs,4.269925795319707e-06
F1713741476,2024-04-21 23:17:56,2024-04-21 23:28:43,2024-04-22 00:06:48,147.0,67.53083667485402,103.5364047554233,False,0.0,,,C,2932.0,647.0,2285.0,solexs,3.039141371880156e-06
F1713746089,2024-04-22 00:34:49,2024-04-22 00:38:52,2024-04-22 01:38:57,304.0,97.87783760954494,112.35993453664645,False,0.0,,,C,3848.0,243.0,3605.0,solexs,5.731214188867867e-06
F1713753176,2024-04-22 02:32:56,2024-04-22 02:33:33,2024-04-22 02:34:02,120.0,81.6397423714497,18.986534392172654,False,0.0,,,C,66.0,37.0,29.0,solexs,2.545680353879815e-06
F1713753720,2024-04-22 02:42:00,2024-04-22 02:42:36,2024-04-22 02:43:01,137.0,80.15457713018688,28.40023044472859,False,0.0,,,C,61.0,36.0,25.0,solexs,2.857843598138739e-06
F1713755410,2024-04-22 03:10:10,2024-04-22 03:25:06,2024-04-22 03:59:39,236.0,79.3540280857354,78.5521820380933,False,0.0,,,C,2969.0,896.0,2073.0,solexs,4.594570360398278e-06
F1713759573,2024-04-22 04:19:33,2024-04-22 04:38:37,2024-04-22 05:07:36,117.0,58.30640903811636,23.056458745956043,False,0.0,,,C,2883.0,1144.0,1739.0,solexs,2.4900288169770968e-06
F1713764006,2024-04-22 05:33:26,2024-04-22 05:36:49,2024-04-22 05:57:33,511.0,59.14206525182135,264.6419959321772,False,0.0,,,C,1447.0,203.0,1244.0,solexs,9.019038941139446e-06
F1713766038,2024-04-22 06:07:18,2024-04-22 06:38:34,2024-04-22 07:00:38,164.0,84.64016471333545,35.214178432811345,False,0.0,,,C,3200.0,1876.0,1324.0,solexs,3.3438272119991387e-06
F1713772068,2024-04-22 07:47:48,2024-04-22 08:15:54,2024-04-22 09:17:12,627.0,122.3108436279168,203.56300158896818,False,0.0,,,M,5364.0,1686.0,3678.0,solexs,1.0782702916161117e-05
F1713778395,2024-04-22 09:33:15,2024-04-22 09:43:29,2024-04-22 10:00:21,198.0,92.21539436173583,48.00164360719595,False,0.0,,,C,1626.0,614.0,1012.0,solexs,3.9416475005955315e-06
F1713780946,2024-04-22 10:15:46,2024-04-22 10:19:56,2024-04-22 11:15:09,167.0,71.53056699398164,44.96388570090778,False,0.0,,,C,3563.0,250.0,3313.0,solexs,3.397167848708544e-06
F1713785056,2024-04-22 11:24:16,2024-04-22 11:30:22,2024-04-22 11:34:01,148.0,11.782599514306831,177.47084933704897,False,0.0,,,C,585.0,366.0,219.0,solexs,3.0571833673858236e-06
F1713786143,2024-04-22 11:42:23,2024-04-22 12:12:00,2024-04-22 12:50:48,276.0,89.40164713335446,88.2571793497845,False,0.0,,,C,4105.0,1777.0,2328.0,solexs,5.267561529663214e-06
F1713791511,2024-04-22 13:11:51,2024-04-22 15:49:22,2024-04-22 17:24:02,1862.0,186.50142540386446,356.13354387373283,False,0.0,,,M,15131.0,9451.0,5680.0,solexs,2.788868272993099e-05
F1713808017,2024-04-22 17:46:57,2024-04-22 17:48:12,2024-04-22 17:58:30,149.0,87.40164713335446,29.466210602927326,False,0.0,,,C,693.0,75.0,618.0,solexs,3.075209893264994e-06
F1713809020,2024-04-22 18:03:40,2024-04-22 18:04:00,2024-04-22 18:17:11,124.0,78.2956921127653,22.251952735341998,False,0.0,,,C,811.0,20.0,791.0,solexs,2.6196088992824826e-06
F1713811188,2024-04-22 18:39:48,2024-04-22 18:47:44,2024-04-22 19:00:35,201.0,78.49181712596348,61.93177561573891,False,0.0,,,C,1247.0,476.0,771.0,solexs,3.993737747821676e-06
F1713813319,2024-04-22 19:15:19,2024-04-22 19:17:38,2024-04-22 19:35:14,220.0,91.25878999049732,60.26917288920178,False,0.0,,,C,1195.0,139.0,1056.0,solexs,4.32141789852278e-06
F1713814947,2024-04-22 19:42:27,2024-04-22 19:41:26,2024-04-22 19:49:22,142.0,92.87783760954494,22.79483361544986,False,0.0,,,C,415.0,-61.0,476.0,solexs,2.948695135941977e-06
F1713815965,2024-04-22 19:59:25,2024-04-22 20:04:48,2024-04-22 20:30:16,223.0,92.92350332594236,60.361188406109434,False,0.0,,,C,1851.0,323.0,1528.0,solexs,4.3728209346167634e-06
F1713818359,2024-04-22 20:39:19,2024-04-22 20:50:22,2024-04-22 20:59:31,216.0,115.3540280857354,41.90781458128349,False,0.0,,,C,1212.0,663.0,549.0,solexs,4.2527417293357605e-06
F1713820170,2024-04-22 21:09:30,2024-04-22 21:15:42,2024-04-22 21:35:28,982.0,141.11593284764018,316.5651451942602,False,0.0,,,M,1558.0,372.0,1186.0,solexs,1.5952756951070264e-05
F1713823817,2024-04-22 22:10:17,2024-04-22 23:17:36,2024-04-23 00:53:39,596.0,197.04476823989023,94.89927761086368,False,0.0,,,M,9802.0,4039.0,5763.0,solexs,1.0315778428249692e-05
F1713835056,2024-04-23 01:17:36,2024-04-23 01:46:25,2024-04-23 02:04:32,225.0,100.11593284764015,56.05384892400904,False,0.0,,,C,2816.0,1729.0,1087.0,solexs,4.407040811502624e-06
F1713840038,2024-04-23 02:40:38,2024-04-23 02:41:40,2024-04-23 02:44:26,141.0,88.59212332383063,24.900840526711363,False,0.0,,,C,228.0,62.0,166.0,solexs,2.930557769205971e-06
F1713841902,2024-04-23 03:11:42,2024-04-23 03:19:17,2024-04-23 05:08:07,2776.0,123.8227219934537,1239.3107697661471,False,0.0,,,M,6985.0,455.0,6530.0,solexs,3.9522940705981745e-05
F1713850183,2024-04-23 05:29:43,2024-04-23 05:31:03,2024-04-23 05:34:30,133.0,83.02069475240208,24.53081803189606,False,0.0,,,C,287.0,80.0,207.0,solexs,2.7848593615840564e-06
F1713850942,2024-04-23 05:42:22,2024-04-23 05:48:01,2024-04-23 06:02:45,128.0,72.02935276106007,25.901112332450946,False,0.0,,,C,1223.0,339.0,884.0,solexs,2.693235253925439e-06
F1713853632,2024-04-23 06:27:12,2024-04-23 06:27:53,2024-04-23 06:31:00,100.0,61.60616619153205,21.790188751133023,False,0.0,,,C,228.0,41.0,187.0,solexs,2.1710750989871012e-06
F1713854184,2024-04-23 06:36:24,2024-04-23 06:34:45,2024-04-23 06:37:33,95.0,61.59212332383064,19.037121580923866,False,0.0,,,C,69.0,-99.0,168.0,solexs,2.0759958714220978e-06
F1713855686,2024-04-23 07:01:26,2024-04-23 07:05:37,2024-04-23 07:10:12,153.0,61.59212332383064,52.087801885943165,False,0.0,,,C,526.0,251.0,275.0,solexs,3.1471636149652157e-06
F1713857446,2024-04-23 07:30:46,2024-04-23 07:42:10,2024-04-23 07:55:44,265.0,64.51071692535106,111.93140548945459,False,0.0,,,C,1498.0,684.0,814.0,solexs,5.0838038954437925e-06
F1713859811,2024-04-23 08:10:11,2024-04-23 08:20:58,2024-04-23 09:05:26,2342.0,98.81010452961674,1081.0338239896307,False,0.0,,,M,3315.0,647.0,2668.0,solexs,3.407139189757367e-05
F1713865008,2024-04-23 09:36:48,2024-04-23 09:37:30,2024-04-23 09:38:09,129.0,90.40164713335446,18.154972617842244,False,0.0,,,C,81.0,42.0,39.0,solexs,2.711595885904496e-06
F1713865608,2024-04-23 09:46:48,2024-04-23 09:51:25,2024-04-23 10:21:00,208.0,93.22215183190792,53.98646667193033,False,0.0,,,C,2052.0,277.0,1775.0,solexs,4.114900984227645e-06
F1713868716,2024-04-23 10:38:36,2024-04-23 10:37:55,2024-04-23 10:46:10,157.0,114.12036743744062,17.46640666512145,False,0.0,,,C,454.0,-41.0,495.0,solexs,3.2188788887340445e-06
F1713869497,2024-04-23 10:51:37,2024-04-23 10:55:14,2024-04-23 11:22:19,187.0,89.1155105057544,41.60916253490886,False,0.0,,,C,1842.0,217.0,1625.0,solexs,3.7497784084050686e-06
F1713871931,2024-04-23 11:32:11,2024-04-23 11:47:40,2024-04-23 12:15:44,170.0,97.70098194488439,34.35606529295602,False,0.0,,,C,2613.0,929.0,1684.0,solexs,3.4503869697215498e-06
F1713876101,2024-04-23 12:41:41,2024-04-23 12:45:15,2024-04-23 13:14:10,206.0,94.41595396473446,50.57549475833112,False,0.0,,,C,1949.0,214.0,1735.0,solexs,4.080336498559912e-06
F1713879300,2024-04-23 13:35:00,2024-04-23 13:43:39,2024-04-23 14:23:18,456.0,112.49688522859253,163.69515922010717,False,0.0,,,C,2898.0,519.0,2379.0,solexs,8.165499421805678e-06
F1713883587,2024-04-23 14:46:27,2024-04-23 14:48:09,2024-04-23 15:06:02,171.0,115.68736141906874,23.265658921384826,False,0.0,,,C,1175.0,102.0,1073.0,solexs,3.468100093112596e-06
F1713885556,2024-04-23 15:19:16,2024-04-23 15:53:32,2024-04-23 16:19:25,356.0,194.0156794425087,47.92990206963763,False,0.0,,,C,3609.0,2056.0,1553.0,solexs,6.578352440678689e-06
F1713889557,2024-04-23 16:25:57,2024-04-23 16:52:36,2024-04-23 17:16:17,530.0,245.4878048780488,80.20907998777348,False,0.0,,,C,3020.0,1599.0,1421.0,solexs,9.311130438766075e-06
F1713893191,2024-04-23 17:26:31,2024-04-23 17:43:20,2024-04-23 18:14:38,1958.0,228.75324675324674,460.5485975500263,False,0.0,,,M,2887.0,1009.0,1878.0,solexs,2.91399811860282e-05
F1713896591,2024-04-23 18:23:11,2024-04-23 18:42:09,2024-04-23 19:52:03,455.0,125.1996621264914,118.38289296770934,False,0.0,,,C,5332.0,1138.0,4194.0,solexs,8.149863751377559e-06
F1713902968,2024-04-23 20:09:28,2024-04-23 20:15:49,2024-04-23 20:25:09,121.0,73.307042550945,24.86286046201829,False,0.0,,,C,941.0,381.0,560.0,solexs,2.5641914293234197e-06
F1713905367,2024-04-23 20:49:27,2024-04-23 21:10:01,2024-04-23 22:08:07,384.0,111.97254777742583,126.68959163105038,False,0.0,,,C,4720.0,1234.0,3486.0,solexs,7.027874942007411e-06
F1713912741,2024-04-23 22:52:21,2024-04-23 22:54:14,2024-04-23 23:20:07,300.0,102.12712490761271,87.00366645557314,False,0.0,,,C,1666.0,113.0,1553.0,solexs,5.665321758709641e-06
F1713914765,2024-04-23 23:26:05,2024-04-23 23:28:17,2024-04-23 23:27:50,131.0,94.16355189525922,16.976623972375663,False,0.0,,,C,105.0,132.0,-27.0,solexs,2.748263125002618e-06
F1713916074,2024-04-23 23:47:54,2024-04-23 23:51:48,2024-04-23 23:57:45,191.0,94.16355189525922,44.62851471510577,False,0.0,,,C,591.0,234.0,357.0,solexs,3.819710529783963e-06
F1713917715,2024-04-24 00:15:15,2024-04-24 00:29:14,2024-04-24 02:22:00,1118.0,151.64269876465,443.9033498257782,False,0.0,,,M,7605.0,839.0,6766.0,solexs,1.7865485193323204e-05
F1713926104,2024-04-24 02:35:04,2024-04-24 02:39:21,2024-04-24 03:22:45,1254.0,104.76121845634042,478.33227169080646,False,0.0,,,M,2861.0,257.0,2604.0,solexs,1.9748824974310956e-05
F1713929704,2024-04-24 03:35:04,2024-04-24 03:37:59,2024-04-24 03:48:01,210.0,81.25878999049732,63.87007247444718,False,0.0,,,C,777.0,175.0,602.0,solexs,4.149423302328568e-06
F1713931200,2024-04-24 04:00:00,2024-04-24 04:40:43,2024-04-24 05:07:19,389.0,82.5445042762116,145.93024508904682,False,0.0,,,C,4039.0,2443.0,1596.0,solexs,7.1077007917294704e-06
F1713937495,2024-04-24 05:44:55,2024-04-24 05:47:25,2024-04-24 05:53:00,100.0,58.687361419068736,24.117130835319248,False,0.0,,,C,485.0,150.0,335.0,solexs,2.1710750989871012e-06
F1713939428,2024-04-24 06:17:08,2024-04-24 06:39:29,2024-04-24 06:48:31,179.0,58.687361419068736,57.36216706384688,False,0.0,,,C,1883.0,1341.0,542.0,solexs,3.6093389403005274e-06
F1713943106,2024-04-24 07:18:26,2024-04-24 07:40:38,2024-04-24 08:17:51,359.0,76.99039172209905,132.67253843758684,False,0.0,,,C,3565.0,1332.0,2233.0,solexs,6.626724530843157e-06
F1713948741,2024-04-24 08:52:21,2024-04-24 08:55:05,2024-04-24 09:09:24,129.0,63.11065357406821,36.33351767509777,False,0.0,,,C,1023.0,164.0,859.0,solexs,2.711595885904496e-06
F1713950832,2024-04-24 09:27:12,2024-04-24 09:40:30,2024-04-24 10:03:22,230.0,68.48696019427726,90.87171122151406,False,0.0,,,C,2170.0,798.0,1372.0,solexs,4.492422488158986e-06
F1713954094,2024-04-24 10:21:34,2024-04-24 10:35:32,2024-04-24 10:48:07,269.0,67.59661070636682,110.02810998677873,False,0.0,,,C,1593.0,838.0,755.0,solexs,5.1507348529722425e-06
F1713959118,2024-04-24 11:45:18,2024-04-24 11:48:23,2024-04-24 11:55:35,131.0,72.68736141906874,30.5877997975552,False,0.0,,,C,617.0,185.0,432.0,solexs,2.748263125002618e-06
F1713960539,2024-04-24 12:08:59,2024-04-24 12:14:11,2024-04-24 13:25:33,967.0,98.98226164079824,455.31729394835236,False,0.0,,,M,4594.0,312.0,4282.0,solexs,1.573980729836509e-05
F1713965634,2024-04-24 13:33:54,2024-04-24 13:35:50,2024-04-24 13:50:02,134.0,74.52127547249498,30.28562303421202,False,0.0,,,C,968.0,116.0,852.0,solexs,2.8031312311171826e-06
F1713967447,2024-04-24 14:04:07,2024-04-24 14:10:23,2024-04-24 14:31:43,529.0,74.3540280857354,235.7958161582074,False,0.0,,,C,1656.0,376.0,1280.0,solexs,9.295790745116221e-06
F1713970037,2024-04-24 14:47:17,2024-04-24 15:04:27,2024-04-24 15:18:13,182.0,70.85798754091437,59.694836183982524,False,0.0,,,C,1856.0,1030.0,826.0,solexs,3.6620952740739863e-06
F1713973312,2024-04-24 15:41:52,2024-04-24 15:43:27,2024-04-24 16:09:32,142.0,66.48442614296272,41.04854165963045,False,0.0,,,C,1660.0,95.0,1565.0,solexs,2.948695135941977e-06
F1713981357,2024-04-24 17:55:57,2024-04-24 18:10:07,2024-04-24 18:21:56,179.0,66.34040755991975,61.242525748813954,False,0.0,,,C,1559.0,850.0,709.0,solexs,3.6093389403005274e-06
F1713983563,2024-04-24 18:32:43,2024-04-24 18:39:37,2024-04-24 18:45:14,134.0,84.63055643543447,24.051955052809664,False,0.0,,,C,751.0,414.0,337.0,solexs,2.8031312311171826e-06
F1713984651,2024-04-24 18:50:51,2024-04-24 18:53:11,2024-04-24 19:00:29,111.0,73.19660014781965,19.605915736313705,False,0.0,,,C,578.0,140.0,438.0,solexs,2.378175934597758e-06
F1713986292,2024-04-24 19:18:12,2024-04-24 19:24:18,2024-04-24 19:38:54,175.0,72.92545665716398,53.455557693203986,False,0.0,,,C,1242.0,366.0,876.0,solexs,3.538821986473048e-06
F1713988364,2024-04-24 19:52:44,2024-04-24 20:06:08,2024-04-24 21:00:00,415.0,87.5445042762116,156.5073606169706,False,0.0,,,C,4036.0,804.0,3232.0,solexs,7.52073820306531e-06
F1713996985,2024-04-24 22:16:25,2024-04-24 23:00:20,2024-04-24 23:59:03,1347.0,220.11593284764018,240.0698246487379,False,0.0,,,M,6158.0,2635.0,3523.0,solexs,2.102165539220284e-05
F1714046440,2024-04-25 12:00:40,2024-04-25 12:01:55,2024-04-25 12:05:37,104.0,34.71418012881428,52.42507757217743,False,0.0,,,C,297.0,75.0,222.0,solexs,2.2467035329981116e-06
F1714048296,2024-04-25 12:31:36,2024-04-25 12:34:35,2024-04-25 12:52:25,185.0,34.40164713335445,114.82741849515007,False,0.0,,,C,1249.0,179.0,1070.0,solexs,3.714741319214176e-06
F1714050335,2024-04-25 13:05:35,2024-04-25 13:20:51,2024-04-25 13:45:18,579.0,54.038961038961034,320.2679815638116,False,0.0,,,M,2383.0,916.0,1467.0,solexs,1.0058420880993708e-05
F1714055328,2024-04-25 14:28:48,2024-04-25 14:32:05,2024-04-25 14:38:44,178.0,52.169464681659804,77.7431736914253,False,0.0,,,C,596.0,197.0,399.0,solexs,3.591728628812596e-06
F1714060945,2024-04-25 16:02:25,2024-04-25 16:03:28,2024-04-25 16:06:37,87.0,42.258789990497306,30.779686654617464,False,0.0,,,C,252.0,63.0,189.0,solexs,1.9225261407027262e-06
F1714062626,2024-04-25 16:30:26,2024-04-25 16:32:09,2024-04-25 16:47:37,138.0,42.33951008341252,65.80957252238792,False,0.0,,,C,1031.0,103.0,928.0,solexs,2.87604711373161e-06
F1714064956,2024-04-25 17:09:16,2024-04-25 17:12:40,2024-04-25 17:35:55,1082.0,49.36933797909408,662.8114146132601,False,0.0,,,M,1599.0,204.0,1395.0,solexs,1.7362203326065858e-05
F1714068306,2024-04-25 18:05:06,2024-04-25 18:07:44,2024-04-25 18:21:39,632.0,57.59645232815964,344.1717077955777,False,0.0,,,M,993.0,158.0,835.0,solexs,1.0857735338365539e-05
F1714071516,2024-04-25 18:58:36,2024-04-25 19:12:53,2024-04-25 19:33:51,147.0,49.94868546088058,59.63353527409583,False,0.0,,,C,2115.0,857.0,1258.0,solexs,3.039141371880156e-06
F1714076008,2024-04-25 20:13:28,2024-04-25 20:29:21,2024-04-25 20:30:31,86.0,49.06414317389927,22.99019404239691,False,0.0,,,C,1023.0,953.0,70.0,solexs,1.9032193884271946e-06
F1714083724,2024-04-25 22:22:04,2024-04-25 22:29:27,2024-04-25 22:37:02,134.0,57.96198923028191,44.678801238080766,False,0.0,,,C,898.0,443.0,455.0,solexs,2.8031312311171826e-06
F1714085874,2024-04-25 22:57:54,2024-04-25 23:16:16,2024-04-25 23:37:29,122.0,64.43575124062929,31.918199931273232,False,0.0,,,C,2375.0,1102.0,1273.0,solexs,2.5826830930729243e-06
F1714089822,2024-04-26 00:03:42,2024-04-26 00:08:53,2024-04-26 00:45:02,249.0,56.83021856192588,116.21350751685313,False,0.0,,,C,2480.0,311.0,2169.0,solexs,4.814773645860087e-06
F1714093303,2024-04-26 01:01:43,2024-04-26 01:05:23,2024-04-26 01:19:43,151.0,56.83021856192588,55.86462619578357,False,0.0,,,C,1080.0,220.0,860.0,solexs,3.111217002308013e-06
F1714096930,2024-04-26 02:02:10,2024-04-26 02:03:04,2024-04-26 02:06:08,106.0,58.86981311371555,27.469890387791082,False,0.0,,,C,238.0,54.0,184.0,solexs,2.2843785844489447e-06
F1714097625,2024-04-26 02:13:45,2024-04-26 02:13:06,2024-04-26 02:16:18,83.0,53.15362686094393,18.09137650507738,False,0.0,,,C,153.0,-39.0,192.0,solexs,1.845126475599689e-06
F1714100904,2024-04-26 03:08:24,2024-04-26 03:16:03,2024-04-26 03:24:42,108.0,50.258789990497306,36.42460611938759,False,0.0,,,C,978.0,459.0,519.0,solexs,2.3219634943465185e-06
F1714104277,2024-04-26 04:04:37,2024-04-26 04:14:01,2024-04-26 04:18:10,92.0,51.068313800021116,25.563495933607,False,0.0,,,C,813.0,564.0,249.0,solexs,2.018644687188779e-06
F1714106579,2024-04-26 04:42:59,2024-04-26 04:50:46,2024-04-26 05:00:59,111.0,57.59212332383064,31.473045147949364,False,0.0,,,C,1080.0,467.0,613.0,solexs,2.378175934597758e-06
F1714108925,2024-04-26 05:22:05,2024-04-26 05:23:29,2024-04-26 05:27:02,97.0,58.449266180973495,22.550600730363104,False,0.0,,,C,297.0,84.0,213.0,solexs,2.114101994572128e-06
F1714111341,2024-04-26 06:02:21,2024-04-26 06:23:27,2024-04-26 06:28:05,124.0,62.12628022384119,31.761095422943946,False,0.0,,,C,1544.0,1266.0,278.0,solexs,2.6196088992824826e-06
F1714113198,2024-04-26 06:33:18,2024-04-26 06:35:38,2024-04-26 06:49:21,372.0,73.97307570478301,150.69663938951064,False,0.0,,,C,963.0,140.0,823.0,solexs,6.835750317130156e-06
F1714115760,2024-04-26 07:16:00,2024-04-26 07:17:40,2024-04-26 07:22:48,131.0,68.27198817442721,33.525234660407925,False,0.0,,,C,408.0,100.0,308.0,solexs,2.748263125002618e-06
F1714116479,2024-04-26 07:27:59,2024-04-26 07:36:12,2024-04-26 07:37:38,104.0,66.40164713335446,20.634520965492996,False,0.0,,,C,579.0,493.0,86.0,solexs,2.2467035329981116e-06
F1714117400,2024-04-26 07:43:20,2024-04-26 07:50:58,2024-04-26 08:08:07,159.0,66.40164713335446,50.8193180795419,False,0.0,,,C,1487.0,458.0,1029.0,solexs,3.254649258569725e-06
F1714122786,2024-04-26 09:13:06,2024-04-26 09:36:45,2024-04-26 09:45:58,120.0,53.47502903600465,40.82365550225907,False,0.0,,,C,1972.0,1419.0,553.0,solexs,2.545680353879815e-06
F1714126461,2024-04-26 10:14:21,2024-04-26 10:15:11,2024-04-26 10:38:41,97.0,51.89863794741843,27.812773751661513,False,0.0,,,C,1460.0,50.0,1410.0,solexs,2.114101994572128e-06
F1714130743,2024-04-26 11:25:43,2024-04-26 11:27:01,2024-04-26 11:32:15,92.0,41.53172843416746,35.17554273444173,False,0.0,,,C,392.0,78.0,314.0,solexs,2.018644687188779e-06
F1714131640,2024-04-26 11:40:40,2024-04-26 11:47:55,2024-04-26 11:48:27,81.0,44.94472600570161,23.421784178625128,False,0.0,,,C,467.0,435.0,32.0,solexs,1.8062500804429226e-06
F1714133523,2024-04-26 12:12:03,2024-04-26 12:11:33,2024-04-26 12:13:04,72.0,45.73498046668778,17.36852597977993,False,0.0,,,C,61.0,-30.0,91.0,solexs,1.6297435634242153e-06
F1714136320,2024-04-26 12:58:40,2024-04-26 13:01:39,2024-04-26 13:16:19,89.0,49.78259951430683,24.857360781916213,False,0.0,,,C,1059.0,179.0,880.0,solexs,1.961055546865932e-06
F1714140064,2024-04-26 14:01:04,2024-04-26 14:02:06,2024-04-26 14:04:44,96.0,58.21117094287826,22.15007826020638,False,0.0,,,C,220.0,62.0,158.0,solexs,2.0950615312854577e-06
F1714149645,2024-04-26 16:40:45,2024-04-26 16:45:46,2024-04-26 16:51:09,86.0,43.61028402491817,28.696237547583955,False,0.0,,,C,624.0,301.0,323.0,solexs,1.9032193884271946e-06
F1714152363,2024-04-26 17:26:03,2024-04-26 17:29:50,2024-04-26 17:30:40,77.0,44.091595396473444,22.091335303319056,False,0.0,,,C,277.0,227.0,50.0,solexs,1.7281275999348735e-06
F1714157284,2024-04-26 18:48:04,2024-04-26 19:03:25,2024-04-26 19:16:59,140.0,58.47724633090486,47.576647262143716,False,0.0,,,C,1735.0,921.0,814.0,solexs,2.9124040646451466e-06
F1714159868,2024-04-26 19:31:08,2024-04-26 20:19:00,2024-04-26 21:14:08,293.0,100.90465631929047,76.09793653665378,False,0.0,,,C,6180.0,2872.0,3308.0,solexs,5.549740365565012e-06
F1714167338,2024-04-26 21:35:38,2024-04-26 21:41:13,2024-04-26 21:55:11,217.0,69.59613557174534,77.71464646509199,False,0.0,,,C,1173.0,335.0,838.0,solexs,4.269925795319707e-06
F1714172206,2024-04-26 22:56:46,2024-04-26 23:00:12,2024-04-26 23:10:09,104.0,56.53193960511034,27.850866900706862,False,0.0,,,C,803.0,206.0,597.0,solexs,2.2467035329981116e-06
F1714174262,2024-04-26 23:31:02,2024-04-26 23:31:09,2024-04-26 23:32:26,73.0,47.447471227959035,16.542371244136273,False,0.0,,,C,84.0,7.0,77.0,solexs,1.6494879576016124e-06
F1714174748,2024-04-26 23:39:08,2024-04-26 23:39:26,2024-04-26 23:41:04,76.0,44.83021856192588,20.819165939610002,False,0.0,,,C,116.0,18.0,98.0,solexs,1.7085173645996588e-06
F1714176374,2024-04-27 00:06:14,2024-04-27 00:11:25,2024-04-27 00:47:08,139.0,45.46689895470383,62.47336560177841,False,0.0,,,C,2454.0,311.0,2143.0,solexs,2.89423389068372e-06
F1714181313,2024-04-27 01:28:33,2024-04-27 01:32:20,2024-04-27 01:40:28,77.0,43.07591595396474,23.398521444657685,False,0.0,,,C,715.0,227.0,488.0,solexs,1.7281275999348735e-06
F1714182387,2024-04-27 01:46:27,2024-04-27 01:45:27,2024-04-27 01:53:43,77.0,46.75578080456129,19.228148580164177,False,0.0,,,C,436.0,-60.0,496.0,solexs,1.7281275999348735e-06
F1714186142,2024-04-27 02:49:02,2024-04-27 02:50:13,2024-04-27 02:54:25,88.0,40.956815542181396,32.89673550910971,False,0.0,,,C,323.0,71.0,252.0,solexs,1.9418047400858765e-06
F1714188126,2024-04-27 03:22:06,2024-04-27 03:25:20,2024-04-27 03:33:18,91.0,44.68514412416852,31.45038344055936,False,0.0,,,C,672.0,194.0,478.0,solexs,1.9994751810491056e-06
F1714195146,2024-04-27 05:19:06,2024-04-27 05:40:25,2024-04-27 06:02:04,146.0,58.90328370816176,48.338052056676204,False,0.0,,,C,2578.0,1279.0,1299.0,solexs,3.0210837880995258e-06
F1714207386,2024-04-27 08:43:06,2024-04-27 08:46:40,2024-04-27 08:44:42,72.0,43.27093231971281,18.71382771892405,False,0.0,,,C,96.0,214.0,-118.0,solexs,1.6297435634242153e-06
F1714208145,2024-04-27 08:55:45,2024-04-27 09:04:03,2024-04-27 09:09:50,95.0,57.86875725900116,21.73645973586235,False,0.0,,,C,845.0,498.0,347.0,solexs,2.0759958714220978e-06
F1714209507,2024-04-27 09:18:27,2024-04-27 09:28:49,2024-04-27 09:33:02,101.0,56.039594551789676,27.067700898670854,False,0.0,,,C,875.0,622.0,253.0,solexs,2.1900176390466558e-06
F1714218973,2024-04-27 11:56:13,2024-04-27 12:08:29,2024-04-27 12:12:03,87.0,51.49688522859255,21.964266106721606,False,0.0,,,C,950.0,736.0,214.0,solexs,1.9225261407027262e-06
F1714220770,2024-04-27 12:26:10,2024-04-27 12:35:55,2024-04-27 13:11:52,1542.0,71.63974237144969,808.6967328176044,False,0.0,,,M,2742.0,585.0,2157.0,solexs,2.3655355284054804e-05
F1714225608,2024-04-27 13:46:48,2024-04-27 13:48:04,2024-04-27 13:50:46,100.0,59.733502270087634,23.286404419605372,False,0.0,,,C,238.0,76.0,162.0,solexs,2.1710750989871012e-06
F1714228709,2024-04-27 14:38:29,2024-04-27 14:39:02,2024-04-27 14:41:40,92.0,58.11593284764017,19.877553222509547,False,0.0,,,C,191.0,33.0,158.0,solexs,2.018644687188779e-06
F1714230331,2024-04-27 15:05:31,2024-04-27 15:10:08,2024-04-27 15:26:16,126.0,59.88543976348854,37.617294591735906,False,0.0,,,C,1245.0,277.0,968.0,solexs,2.6564591695834337e-06
F1714233237,2024-04-27 15:53:57,2024-04-27 16:26:38,2024-04-27 16:42:40,252.0,63.403072537218875,105.53506031552497,False,0.0,,,C,2923.0,1961.0,962.0,solexs,4.865380007166541e-06
F1714240504,2024-04-27 17:55:04,2024-04-27 17:56:14,2024-04-27 17:59:57,85.0,53.687361419068736,19.11166978728769,False,0.0,,,C,293.0,70.0,223.0,solexs,1.883884114052155e-06
F1714242830,2024-04-27 18:33:50,2024-04-27 18:47:18,2024-04-27 18:53:32,98.0,50.24464153732447,30.386961688011493,False,0.0,,,C,1182.0,808.0,374.0,solexs,2.1331175538364294e-06
F1714249566,2024-04-27 20:26:06,2024-04-27 20:39:17,2024-04-27 20:51:33,144.0,53.09080350543765,55.73824581223425,False,0.0,,,C,1527.0,791.0,736.0,solexs,2.9849213724357506e-06
F1714252290,2024-04-27 21:11:30,2024-04-27 21:40:14,2024-04-27 22:13:58,2294.0,119.39098300073908,906.4781605443652,False,0.0,,,M,3748.0,1724.0,2024.0,solexs,3.346094014450967e-05
F1714256856,2024-04-27 22:27:36,2024-04-27 22:36:19,2024-04-27 23:28:24,203.0,76.50871080139373,57.37092115829842,False,0.0,,,C,3648.0,523.0,3125.0,solexs,4.028409693349888e-06
F1714261098,2024-04-27 23:38:18,2024-04-27 23:41:36,2024-04-27 23:43:44,85.0,49.54059761376834,22.55272076651876,False,0.0,,,C,326.0,198.0,128.0,solexs,1.883884114052155e-06
F1714263683,2024-04-28 00:21:23,2024-04-28 00:38:52,2024-04-28 00:51:46,119.0,49.60157322352444,42.90118526331641,False,0.0,,,C,1823.0,1049.0,774.0,solexs,2.5271496843410326e-06
F1714266780,2024-04-28 01:13:00,2024-04-28 01:18:46,2024-04-28 01:21:43,84.0,44.98981100200612,26.078697780161146,False,0.0,,,C,523.0,346.0,177.0,solexs,1.864519939124312e-06
F1714301013,2024-04-28 10:43:33,2024-04-28 10:42:31,2024-04-28 10:45:35,57.0,31.96230598669623,19.89310008302454,False,0.0,,,C,122.0,-62.0,184.0,solexs,1.329051742096738e-06
F1714302765,2024-04-28 11:12:45,2024-04-28 11:13:25,2024-04-28 11:14:31,60.0,33.49688522859255,20.479045103468394,False,0.0,,,C,106.0,40.0,66.0,solexs,1.38992142626712e-06
F1714303542,2024-04-28 11:25:42,2024-04-28 11:26:13,2024-04-28 11:34:23,66.0,30.780857354028086,27.953196728160563,False,0.0,,,C,521.0,31.0,490.0,solexs,1.5105254568059737e-06
F1714305677,2024-04-28 12:01:17,2024-04-28 12:35:31,2024-04-28 12:56:25,502.0,64.89694857987541,237.24035560183626,False,0.0,,,C,3308.0,2054.0,1254.0,solexs,8.880200903526198e-06
F1714309389,2024-04-28 13:03:09,2024-04-28 13:13:37,2024-04-28 13:51:41,248.0,83.83760954492661,72.9127108228358,False,0.0,,,C,2912.0,628.0,2284.0,solexs,4.7978876961858895e-06
F1714314446,2024-04-28 14:27:26,2024-04-28 14:31:43,2024-04-28 14:41:15,116.0,68.0792366170415,25.929966556204196,False,0.0,,,C,829.0,257.0,572.0,solexs,2.4714382376907434e-06
F1714317644,2024-04-28 15:20:44,2024-04-28 15:30:25,2024-04-28 15:43:40,161.0,66.13578291627073,52.53661060696108,False,0.0,,,C,1376.0,581.0,795.0,solexs,3.290362551361519e-06
F1714319333,2024-04-28 15:48:53,2024-04-28 16:02:48,2024-04-28 17:17:46,365.0,85.80281913208742,119.72326711681475,False,0.0,,,C,5333.0,835.0,4498.0,solexs,6.723315318641624e-06
F1714328493,2024-04-28 18:21:33,2024-04-28 18:28:35,2024-04-28 18:28:42,65.0,35.557808045612916,21.32710274041282,False,0.0,,,C,429.0,422.0,7.0,solexs,1.4905248997952339e-06
F1714331028,2024-04-28 19:03:48,2024-04-28 19:08:46,2024-04-28 19:10:44,86.0,46.78259951430683,25.599985310774215,False,0.0,,,C,416.0,298.0,118.0,solexs,1.9032193884271946e-06
F1714332304,2024-04-28 19:25:04,2024-04-28 19:32:08,2024-04-28 19:46:38,128.0,37.51631295533734,63.85147628742437,False,0.0,,,C,1294.0,424.0,870.0,solexs,2.693235253925439e-06
F1714334996,2024-04-28 20:09:56,2024-04-28 20:19:15,2024-04-28 20:51:29,541.0,43.067627494456765,378.35374193090956,False,0.0,,,C,2493.0,559.0,1934.0,solexs,9.479626290600857e-06
F1714339012,2024-04-28 21:16:52,2024-04-28 21:20:04,2024-04-28 21:39:00,111.0,49.76897898849118,39.63402002627206,False,0.0,,,C,1328.0,192.0,1136.0,solexs,2.378175934597758e-06
F1714341486,2024-04-28 21:58:06,2024-04-28 21:58:33,2024-04-28 22:00:10,86.0,49.59212332383064,23.120860723357694,False,0.0,,,C,124.0,27.0,97.0,solexs,1.9032193884271946e-06
F1714342300,2024-04-28 22:11:40,2024-04-28 22:19:56,2024-04-28 22:39:37,119.0,44.87092176116566,47.470342337004304,False,0.0,,,C,1677.0,496.0,1181.0,solexs,2.5271496843410326e-06
F1714344949,2024-04-28 22:55:49,2024-04-28 23:05:55,2024-04-28 23:25:42,457.0,40.04783021856193,294.75346841684296,False,0.0,,,C,1793.0,606.0,1187.0,solexs,8.181130739808816e-06
F1714348121,2024-04-28 23:48:41,2024-04-29 00:19:18,2024-04-29 00:21:52,101.0,41.020694752402065,41.880795570548194,False,0.0,,,C,1991.0,1837.0,154.0,solexs,2.1900176390466558e-06
F1714351088,2024-04-29 00:38:08,2024-04-29 01:11:22,2024-04-29 02:25:15,2817.0,101.73814803083097,511.9156325821017,False,0.0,,,M,6427.0,1994.0,4433.0,solexs,4.003209175427236e-05
F1714358248,2024-04-29 02:37:28,2024-04-29 02:35:28,2024-04-29 02:44:39,92.0,56.58478513356562,20.558698533097193,False,0.0,,,C,431.0,-120.0,551.0,solexs,2.018644687188779e-06
F1714366664,2024-04-29 04:57:44,2024-04-29 05:00:29,2024-04-29 05:03:15,63.0,32.11593284764017,24.371890337994927,False,0.0,,,C,331.0,165.0,166.0,solexs,1.4504057872703728e-06
F1714372118,2024-04-29 06:28:38,2024-04-29 06:31:35,2024-04-29 06:44:48,150.0,32.830218561925875,91.45211012704065,False,0.0,,,C,970.0,177.0,793.0,solexs,3.093221066473144e-06
F1714373975,2024-04-29 06:59:35,2024-04-29 07:00:34,2024-04-29 07:11:38,68.0,35.09492133882378,23.986528714600144,False,0.0,,,C,723.0,59.0,664.0,solexs,1.5504119088381037e-06
F1714375786,2024-04-29 07:29:46,2024-04-29 07:39:28,2024-04-29 08:22:42,173.0,48.96705733291098,94.11709540878729,False,0.0,,,C,3176.0,582.0,2594.0,solexs,3.503486989215673e-06
F1714392469,2024-04-29 12:07:49,2024-04-29 12:08:50,2024-04-29 12:10:20,59.0,29.40164713335445,24.411626172621684,False,0.0,,,C,151.0,61.0,90.0,solexs,1.3696754273924648e-06
F1714397045,2024-04-29 13:24:05,2024-04-29 13:26:47,2024-04-29 13:37:34,130.0,36.020694752402065,70.08710573168052,False,0.0,,,C,809.0,162.0,647.0,solexs,2.729938457433488e-06
F1714404977,2024-04-29 15:36:17,2024-04-29 15:40:30,2024-04-29 15:50:59,70.0,34.00686305564354,27.616498465418704,False,0.0,,,C,882.0,253.0,629.0,solexs,1.5901496844363245e-06
F1714418468,2024-04-29 19:21:08,2024-04-29 19:26:21,2024-04-29 19:51:26,539.0,25.73181290254461,454.58571096014816,False,0.0,,,C,1818.0,313.0,1505.0,solexs,9.449023284615484e-06
F1714421303,2024-04-29 20:08:23,2024-04-29 20:10:28,2024-04-29 20:35:17,84.0,31.652623798965262,34.40699995580883,False,0.0,,,C,1614.0,125.0,1489.0,solexs,1.864519939124312e-06
F1714425571,2024-04-29 21:19:31,2024-04-29 21:20:56,2024-04-29 21:24:28,63.0,25.3540280857354,33.43566984331889,False,0.0,,,C,297.0,85.0,212.0,solexs,1.4504057872703728e-06
F1714432181,2024-04-29 23:09:41,2024-04-29 23:12:03,2024-04-29 23:28:58,64.0,24.232288037166086,36.22597245453178,False,0.0,,,C,1157.0,142.0,1015.0,solexs,1.4704852397135108e-06
F1714438266,2024-04-30 00:51:06,2024-04-30 01:14:02,2024-04-30 02:11:11,1089.0,41.47513462147609,674.2438935709444,False,0.0,,,M,4805.0,1376.0,3429.0,solexs,1.7460228080674107e-05
F1714461056,2024-04-30 07:10:56,2024-04-30 07:11:06,2024-04-30 07:15:13,47.0,24.97307570478302,19.71209756989465,False,0.0,,,C,257.0,10.0,247.0,solexs,1.1230537769694857e-06
F1714465197,2024-04-30 08:19:57,2024-04-30 08:18:48,2024-04-30 08:23:38,47.0,26.63974237144969,17.641408504745883,False,0.0,,,C,221.0,-69.0,290.0,solexs,1.1230537769694857e-06
F1714469998,2024-04-30 09:39:58,2024-04-30 09:40:42,2024-04-30 09:45:02,51.0,24.825889557596874,23.546926878188575,False,0.0,,,C,304.0,44.0,260.0,solexs,1.2060618704286024e-06
F1714470918,2024-04-30 09:55:18,2024-04-30 10:06:47,2024-04-30 10:14:25,77.0,33.40164713335445,33.73658649256639,False,0.0,,,C,1147.0,689.0,458.0,solexs,1.7281275999348735e-06
F1714480909,2024-04-30 12:41:49,2024-04-30 12:53:35,2024-04-30 13:11:34,72.0,24.33982683982684,44.50897772411612,False,0.0,,,C,1785.0,706.0,1079.0,solexs,1.6297435634242153e-06
F1714488934,2024-04-30 14:55:34,2024-04-30 15:10:36,2024-04-30 16:00:08,775.0,74.68736141906874,561.3119836624506,False,0.0,,,M,3874.0,902.0,2972.0,solexs,1.2974118972233459e-05
F1714493643,2024-04-30 16:14:03,2024-04-30 16:33:29,2024-04-30 18:07:23,883.0,74.68736141906874,399.8239333596421,False,0.0,,,M,6800.0,1166.0,5634.0,solexs,1.4539313496711464e-05
F1714519733,2024-04-30 23:28:53,2024-04-30 23:46:13,2024-05-01 01:26:51,7234.0,58.96484003801076,5793.897085617042,False,0.0,,,M,7078.0,1040.0,6038.0,solexs,9.120138654087686e-05
F1714535861,2024-05-01 03:57:41,2024-05-01 03:55:42,2024-05-01 04:20:56,44.0,11.782599514306831,28.603078163280635,False,0.0,,,C,1395.0,-119.0,1514.0,solexs,1.0602100965893052e-06
F1714556833,2024-05-01 09:47:13,2024-05-01 09:49:13,2024-05-01 09:51:50,64.0,28.655791363108435,30.022773351901055,False,0.0,,,C,277.0,120.0,157.0,solexs,1.4704852397135108e-06
F1714560822,2024-05-01 10:53:42,2024-05-01 10:55:36,2024-05-01 11:01:23,64.0,26.621951219512194,32.19692101081623,False,0.0,,,C,461.0,114.0,347.0,solexs,1.4704852397135108e-06
F1714573414,2024-05-01 14:23:34,2024-05-01 14:44:45,2024-05-01 15:36:01,1302.0,82.55891669306303,645.7627003556122,False,0.0,,,M,4347.0,1271.0,3076.0,solexs,2.0407212320611176e-05
F1714578247,2024-05-01 15:44:07,2024-05-01 15:51:13,2024-05-01 16:07:22,111.0,53.73160173160173,33.7892547081748,False,0.0,,,C,1395.0,426.0,969.0,solexs,2.378175934597758e-06
F1714582054,2024-05-01 16:47:34,2024-05-01 17:10:19,2024-05-01 17:26:45,202.0,39.800390666244326,120.63508829503557,False,0.0,,,C,2351.0,1365.0,986.0,solexs,4.011079168226226e-06
F1714587377,2024-05-01 18:16:17,2024-05-01 18:18:28,2024-05-01 18:20:28,80.0,30.623271037905184,39.9012792112491,False,0.0,,,C,251.0,131.0,120.0,solexs,1.7867663214226088e-06
F1714588550,2024-05-01 18:35:50,2024-05-01 18:38:33,2024-05-01 18:41:23,57.0,27.0361630239679,25.766053421181855,False,0.0,,,C,333.0,163.0,170.0,solexs,1.329051742096738e-06
F1714593910,2024-05-01 20:05:10,2024-05-01 20:06:51,2024-05-01 20:11:12,75.0,24.747333966846163,45.05336604714905,False,0.0,,,C,362.0,101.0,261.0,solexs,1.6888743435205183e-06
F1714602507,2024-05-01 22:28:27,2024-05-01 22:31:11,2024-05-01 22:57:54,1276.0,24.307781649245065,1149.6855768043981,False,0.0,,,M,1767.0,164.0,1603.0,solexs,2.005097578113737e-05
F1714613294,2024-05-02 01:28:14,2024-05-02 01:30:09,2024-05-02 01:38:10,68.0,20.03727167141801,48.1086061641921,False,0.0,,,C,596.0,115.0,481.0,solexs,1.5504119088381037e-06
F1714615902,2024-05-02 02:11:42,2024-05-02 02:17:10,2024-05-02 02:56:26,656.0,27.545560130925985,545.9984179130697,False,0.0,,,M,2684.0,328.0,2356.0,solexs,1.1216854074539953e-05
F1714639986,2024-05-02 08:53:06,2024-05-02 09:00:34,2024-05-02 09:26:22,106.0,41.29680076021539,46.55837621284745,False,0.0,,,C,1996.0,448.0,1548.0,solexs,2.2843785844489447e-06
F1714643293,2024-05-02 09:48:13,2024-05-02 09:51:27,2024-05-02 10:22:28,193.0,57.02069475240207,80.53257087616943,False,0.0,,,C,2055.0,194.0,1861.0,solexs,3.854606682539274e-06
F1714645795,2024-05-02 10:29:55,2024-05-02 10:30:57,2024-05-02 10:32:57,77.0,47.519058177594765,19.12222843047371,False,0.0,,,C,182.0,62.0,120.0,solexs,1.7281275999348735e-06
F1714648534,2024-05-02 11:15:34,2024-05-02 11:16:44,2024-05-02 11:18:08,110.0,47.636258050892195,40.409962899000874,False,0.0,,,C,154.0,70.0,84.0,solexs,2.3594601419053937e-06
F1714650120,2024-05-02 11:42:00,2024-05-02 11:52:26,2024-05-02 12:02:33,101.0,48.08161756942244,34.111167856613854,False,0.0,,,C,1233.0,626.0,607.0,solexs,2.1900176390466558e-06
F1714651894,2024-05-02 12:11:34,2024-05-02 12:19:17,2024-05-02 12:26:34,113.0,62.43015521064302,28.678161988278013,False,0.0,,,C,900.0,463.0,437.0,solexs,2.4155435544771974e-06
F1714657151,2024-05-02 13:39:11,2024-05-02 13:39:46,2024-05-02 13:41:03,93.0,49.78259951430683,27.39270075591417,False,0.0,,,C,112.0,35.0,77.0,solexs,2.0377877587561498e-06
F1714657989,2024-05-02 13:53:09,2024-05-02 13:58:52,2024-05-02 14:14:13,149.0,54.525710062295424,56.593259466664016,False,0.0,,,C,1264.0,343.0,921.0,solexs,3.075209893264994e-06
F1714662866,2024-05-02 15:14:26,2024-05-02 15:16:25,2024-05-02 15:28:20,84.0,39.15457713018689,31.07690871068766,False,0.0,,,C,834.0,119.0,715.0,solexs,1.864519939124312e-06
F1714666269,2024-05-02 16:11:09,2024-05-02 16:11:30,2024-05-02 16:13:14,73.0,39.82066307676064,23.603883836414386,False,0.0,,,C,125.0,21.0,104.0,solexs,1.6494879576016124e-06
F1714666895,2024-05-02 16:21:35,2024-05-02 16:26:58,2024-05-02 16:30:49,185.0,36.80561714708056,109.7208617692383,False,0.0,,,C,554.0,323.0,231.0,solexs,3.714741319214176e-06
F1714669084,2024-05-02 16:58:04,2024-05-02 17:00:37,2024-05-02 17:07:56,385.0,34.74775630873192,264.5209405399428,False,0.0,,,C,592.0,153.0,439.0,solexs,7.043850615377273e-06
F1714670797,2024-05-02 17:26:37,2024-05-02 17:32:16,2024-05-02 17:38:01,570.0,31.63974237144969,428.02735046690185,False,0.0,,,C,684.0,339.0,345.0,solexs,9.92178565989595e-06
F1714673052,2024-05-02 18:04:12,2024-05-02 18:18:39,2024-05-02 18:33:07,95.0,34.21402175060712,46.47833089937697,False,0.0,,,C,1735.0,867.0,868.0,solexs,2.0759958714220978e-06
F1714676024,2024-05-02 18:53:44,2024-05-02 18:55:41,2024-05-02 19:06:13,240.0,32.49635730123535,161.0067551352136,False,0.0,,,C,749.0,117.0,632.0,solexs,4.66248547699143e-06
F1714682761,2024-05-02 20:46:01,2024-05-02 20:46:59,2024-05-02 20:50:19,66.0,32.01816070108753,27.118973896389683,False,0.0,,,C,258.0,58.0,200.0,solexs,1.5105254568059737e-06
F1714683343,2024-05-02 20:55:43,2024-05-02 20:57:20,2024-05-02 21:05:29,2094.0,31.588216661387396,1630.6088086928885,False,0.0,,,M,586.0,97.0,489.0,solexs,3.089945565380621e-05
F1714691140,2024-05-02 23:05:40,2024-05-02 23:19:05,2024-05-02 23:52:39,263.0,32.98226164079823,175.21873597602598,False,0.0,,,C,2819.0,805.0,2014.0,solexs,5.050290409318322e-06
F1714695132,2024-05-03 00:12:12,2024-05-03 00:14:50,2024-05-03 00:22:52,2130.0,42.639742371449685,1429.5690009120895,False,0.0,,,M,640.0,158.0,482.0,solexs,3.136273569578029e-05
F1714696444,2024-05-03 00:34:04,2024-05-03 00:34:27,2024-05-03 00:38:22,74.0,39.877837609544926,24.09137919625674,False,0.0,,,C,258.0,23.0,235.0,solexs,1.6691980436117363e-06
F1714697053,2024-05-03 00:44:13,2024-05-03 00:44:17,2024-05-03 00:47:03,69.0,38.20356878893464,22.190761356860897,False,0.0,,,C,170.0,4.0,166.0,solexs,1.5702990755445013e-06
F1714700581,2024-05-03 01:43:01,2024-05-03 01:44:56,2024-05-03 01:46:44,74.0,40.639742371449685,23.402859246808653,False,0.0,,,C,223.0,115.0,108.0,solexs,1.6691980436117363e-06
F1714701307,2024-05-03 01:55:07,2024-05-03 02:22:44,2024-05-03 02:53:15,10645.0,66.07992820187943,5823.624952601916,False,0.0,,,X,3488.0,1657.0,1831.0,solexs,0.00012778215779153313
F1714705470,2024-05-03 03:04:30,2024-05-03 03:26:45,2024-05-03 04:06:43,381.0,116.81670362158167,94.31796025122901,False,0.0,,,C,3733.0,1335.0,2398.0,solexs,6.979916164592889e-06
F1714710481,2024-05-03 04:28:01,2024-05-03 04:31:26,2024-05-03 04:39:22,134.0,69.87783760954493,34.30468445381365,False,0.0,,,C,681.0,205.0,476.0,solexs,2.8031312311171826e-06
F1714713182,2024-05-03 05:13:02,2024-05-03 05:25:32,2024-05-03 05:58:43,318.0,69.92545665716398,132.67208147265916,False,0.0,,,C,2741.0,750.0,1991.0,solexs,5.960982052461846e-06
F1714717536,2024-05-03 06:25:36,2024-05-03 06:35:49,2024-05-03 06:46:31,262.0,62.449266180973495,112.92878543306026,False,0.0,,,C,1255.0,613.0,642.0,solexs,5.033521544740155e-06
F1714742904,2024-05-03 13:28:24,2024-05-03 13:34:53,2024-05-03 13:36:35,87.0,47.96985534790413,25.129121752584307,False,0.0,,,C,491.0,389.0,102.0,solexs,1.9225261407027262e-06
F1714748127,2024-05-03 14:55:27,2024-05-03 14:58:33,2024-05-03 15:02:54,67.0,35.877837609544926,23.236549190660277,False,0.0,,,C,447.0,186.0,261.0,solexs,1.5304875778415327e-06
F1714752338,2024-05-03 16:05:38,2024-05-03 16:13:06,2024-05-03 17:01:57,453.0,53.07327631717875,247.45164512010507,False,0.0,,,C,3379.0,448.0,2931.0,solexs,8.11857931006913e-06
F1714760428,2024-05-03 18:20:28,2024-05-03 18:20:55,2024-05-03 18:30:28,73.0,46.16355189525921,17.66405565554397,False,0.0,,,C,600.0,27.0,573.0,solexs,1.6494879576016124e-06
F1714761929,2024-05-03 18:45:29,2024-05-03 18:55:07,2024-05-03 19:14:38,404.0,51.313747228381374,213.92997176392734,False,0.0,,,C,1749.0,578.0,1171.0,solexs,7.3464047991787144e-06
F1714764538,2024-05-03 19:28:58,2024-05-03 19:30:12,2024-05-03 19:31:05,96.0,49.16355189525921,29.872895830957642,False,0.0,,,C,127.0,74.0,53.0,solexs,2.0950615312854577e-06
F1714765403,2024-05-03 19:43:23,2024-05-03 19:57:33,2024-05-03 20:00:02,115.0,41.258789990497306,51.341318056388666,False,0.0,,,C,999.0,850.0,149.0,solexs,2.452827301204531e-06
F1714767453,2024-05-03 20:17:33,2024-05-03 20:56:17,2024-05-03 21:09:31,230.0,55.95491500369549,100.4954996655217,False,0.0,,,C,3118.0,2324.0,794.0,solexs,4.492422488158986e-06
F1714773689,2024-05-03 22:01:29,2024-05-03 22:02:40,2024-05-03 22:07:40,75.0,45.54450427621159,19.519259787448924,False,0.0,,,C,371.0,71.0,300.0,solexs,1.6888743435205183e-06
F1714775067,2024-05-03 22:24:27,2024-05-03 23:30:26,2024-05-04 00:21:31,1665.0,136.6392144440925,440.9885645557517,False,0.0,,,M,7024.0,3959.0,3065.0,solexs,2.529461332428584e-05
F1714782511,2024-05-04 00:28:31,2024-05-04 00:36:41,2024-05-04 01:01:51,967.0,171.22679759265128,272.13222645914084,False,0.0,,,M,2000.0,490.0,1510.0,solexs,1.573980729836509e-05
F1714784821,2024-05-04 01:07:01,2024-05-04 01:07:18,2024-05-04 01:14:12,233.0,174.59212332383063,19.76851710946452,False,0.0,,,C,431.0,17.0,414.0,solexs,4.543538167604147e-06
F1714786141,2024-05-04 01:29:01,2024-05-04 01:43:04,2024-05-04 02:00:13,356.0,81.66962305986695,134.67179490222188,False,0.0,,,C,1872.0,843.0,1029.0,solexs,6.578352440678689e-06
F1714788499,2024-05-04 02:08:19,2024-05-04 02:33:00,2024-05-04 03:32:35,303.0,57.11593284764017,97.53902945394731,False,0.0,,,C,5056.0,1481.0,3575.0,solexs,5.714751455736101e-06
F1714794363,2024-05-04 03:46:03,2024-05-04 03:53:52,2024-05-04 04:07:06,295.0,52.27922077922078,148.50870498028203,False,0.0,,,C,1263.0,469.0,794.0,solexs,5.582799037796243e-06
F1714797958,2024-05-04 04:45:58,2024-05-04 04:50:18,2024-05-04 04:52:57,73.0,39.449266180973495,23.888977245122035,False,0.0,,,C,419.0,260.0,159.0,solexs,1.6494879576016124e-06
F1714799654,2024-05-04 05:14:14,2024-05-04 05:16:10,2024-05-04 05:46:33,132.0,43.4031253299546,63.083231931618435,False,0.0,,,C,1939.0,116.0,1823.0,solexs,2.7665700425624657e-06
F1714802812,2024-05-04 06:06:52,2024-05-04 06:20:49,2024-05-04 07:49:48,6953.0,89.52951113926724,3921.5767012403744,False,0.0,,,M,6176.0,837.0,5339.0,solexs,8.810073625396868e-05
F1714809908,2024-05-04 08:05:08,2024-05-04 08:12:03,2024-05-04 08:24:42,161.0,69.21117094287825,49.34199773631908,False,0.0,,,C,1174.0,415.0,759.0,solexs,3.290362551361519e-06
F1714811669,2024-05-04 08:34:29,2024-05-04 08:36:10,2024-05-04 08:47:52,221.0,56.363319607222046,95.30822300487532,False,0.0,,,C,803.0,101.0,702.0,solexs,4.3385620728019775e-06
F1714814305,2024-05-04 09:18:25,2024-05-04 09:19:28,2024-05-04 09:22:23,112.0,55.78259951430683,33.66172620069501,False,0.0,,,C,238.0,63.0,175.0,solexs,2.396870333739284e-06
F1714815191,2024-05-04 09:33:11,2024-05-04 09:49:44,2024-05-04 10:03:17,131.0,64.07074226586423,37.299941708017975,False,0.0,,,C,1806.0,993.0,813.0,solexs,2.748263125002618e-06
F1714819055,2024-05-04 10:37:35,2024-05-04 10:40:35,2024-05-04 10:56:49,159.0,94.53869707528244,29.73804104795061,False,0.0,,,C,1154.0,180.0,974.0,solexs,3.254649258569725e-06
F1714821815,2024-05-04 11:23:35,2024-05-04 11:24:36,2024-05-04 11:31:24,151.0,103.4492661809735,20.856653920238116,False,0.0,,,C,469.0,61.0,408.0,solexs,3.111217002308013e-06
F1714822956,2024-05-04 11:42:36,2024-05-04 12:05:42,2024-05-04 12:10:20,197.0,79.21117094287825,59.186939778131155,False,0.0,,,C,1664.0,1386.0,278.0,solexs,3.924261881448842e-06
F1714827482,2024-05-04 12:58:02,2024-05-04 13:04:22,2024-05-04 13:11:08,158.0,76.73498046668777,41.36244382196816,False,0.0,,,C,786.0,380.0,406.0,solexs,3.2367712590216926e-06
F1714828756,2024-05-04 13:19:16,2024-05-04 13:20:58,2024-05-04 13:27:43,120.0,65.53790518424665,29.83307107343864,False,0.0,,,C,507.0,102.0,405.0,solexs,2.545680353879815e-06
F1714831153,2024-05-04 13:59:13,2024-05-04 14:02:00,2024-05-04 14:32:06,131.0,64.84806250659909,36.93289640213953,False,0.0,,,C,1973.0,167.0,1806.0,solexs,2.748263125002618e-06
F1714834390,2024-05-04 14:53:10,2024-05-04 15:00:52,2024-05-04 15:19:12,182.0,64.11593284764017,65.83959129681693,False,0.0,,,C,1562.0,462.0,1100.0,solexs,3.6620952740739863e-06
F1714837376,2024-05-04 15:42:56,2024-05-04 16:14:34,2024-05-04 16:33:05,350.0,58.97307570478302,162.90279514179335,False,0.0,,,C,3009.0,1898.0,1111.0,solexs,6.481452430758525e-06
F1714842177,2024-05-04 17:02:57,2024-05-04 17:19:40,2024-05-04 17:41:03,578.0,65.98648505965579,291.8352289127539,False,0.0,,,M,2286.0,1003.0,1283.0,solexs,1.0043252578591997e-05
F1714844873,2024-05-04 17:47:53,2024-05-04 17:48:45,2024-05-04 18:00:55,203.0,88.87783760954494,54.13626009972044,False,0.0,,,C,782.0,52.0,730.0,solexs,4.028409693349888e-06
F1714846162,2024-05-04 18:09:22,2024-05-04 18:20:04,2024-05-04 18:56:25,898.0,81.04202301763276,387.54128563688965,False,0.0,,,M,2823.0,642.0,2181.0,solexs,1.4754714125084296e-05
F1714849919,2024-05-04 19:11:59,2024-05-04 19:44:23,2024-05-04 20:07:28,337.0,79.11593284764015,113.38020586346143,False,0.0,,,C,3329.0,1944.0,1385.0,solexs,6.270772577451838e-06
F1714855082,2024-05-04 20:38:02,2024-05-04 20:41:09,2024-05-04 21:01:15,224.0,62.15790307253722,84.88698073086361,False,0.0,,,C,1393.0,187.0,1206.0,solexs,4.3899357216073484e-06
F1714858766,2024-05-04 21:39:26,2024-05-04 21:56:28,2024-05-04 22:12:15,249.0,58.97444831591173,110.09392404221198,False,0.0,,,C,1969.0,1022.0,947.0,solexs,4.814773645860087e-06
F1714861716,2024-05-04 22:28:36,2024-05-04 22:36:52,2024-05-04 23:21:29,2468.0,378.0250237567311,872.4048192697734,False,0.0,,,M,3173.0,496.0,2677.0,solexs,3.566637177517376e-05
F1714865353,2024-05-04 23:29:13,2024-05-04 23:47:43,2024-05-05 01:11:09,6917.0,461.15278217717236,1403.120955923682,False,0.0,,,M,6116.0,1110.0,5006.0,solexs,8.770236233795799e-05
F1714871863,2024-05-05 01:17:43,2024-05-05 01:26:44,2024-05-05 02:41:36,6614.0,304.17770034843204,1435.8851722326217,False,0.0,,,M,5033.0,541.0,4492.0,solexs,8.433879253336721e-05
F1714877923,2024-05-05 02:58:43,2024-05-05 03:15:57,2024-05-05 03:45:28,525.0,105.4282018794214,165.39871765000873,False,0.0,,,C,2805.0,1034.0,1771.0,solexs,9.23439507436631e-06
F1714882158,2024-05-05 04:09:18,2024-05-05 04:09:27,2024-05-05 04:12:37,121.0,83.73498046668777,18.212220063401677,False,0.0,,,C,199.0,9.0,190.0,solexs,2.5641914293234197e-06
F1714882928,2024-05-05 04:22:08,2024-05-05 04:25:38,2024-05-05 04:40:25,536.0,64.13346003589906,252.28283562667974,False,0.0,,,C,1097.0,210.0,887.0,solexs,9.403091720289244e-06
F1714886298,2024-05-05 05:18:18,2024-05-05 05:19:57,2024-05-05 05:21:42,96.0,58.11593284764017,22.22409009284805,False,0.0,,,C,204.0,99.0,105.0,solexs,2.0950615312854577e-06
F1714886831,2024-05-05 05:27:11,2024-05-05 06:01:07,2024-05-05 07:48:32,9867.0,257.0421813958399,2762.95253611186,False,0.0,,,X,8481.0,2036.0,6445.0,solexs,0.00011958978572804546
F1714896657,2024-05-05 08:10:57,2024-05-05 08:18:38,2024-05-05 08:30:42,866.0,229.25878999049732,188.06802259273815,False,0.0,,,M,1185.0,461.0,724.0,solexs,1.4294630096822994e-05
F1714899287,2024-05-05 08:54:47,2024-05-05 09:59:52,2024-05-05 10:49:40,5810.0,224.6397423714497,722.5779353815971,False,0.0,,,M,6893.0,3905.0,2988.0,solexs,7.531564592937144e-05
F1714907018,2024-05-05 11:03:38,2024-05-05 11:54:17,2024-05-05 13:41:18,9717.0,349.1051103368176,2242.3416976776193,False,0.0,,,X,9460.0,3039.0,6421.0,solexs,0.00011800102093298446
F1714952923,2024-05-05 23:48:43,2024-05-05 23:50:02,2024-05-06 00:14:14,165.0,11.782599514306831,199.61930047451366,False,0.0,,,C,1531.0,79.0,1452.0,solexs,3.3616210788150347e-06
F1714955577,2024-05-06 00:32:57,2024-05-06 01:05:35,2024-05-06 01:47:50,1064.0,126.96837715130397,357.55968449907266,False,0.0,,,M,4493.0,1958.0,2535.0,solexs,1.7109768405968972e-05
F1714960989,2024-05-06 02:03:09,2024-05-06 02:06:47,2024-05-06 02:29:34,187.0,84.951430683138,45.07281622124661,False,0.0,,,C,1585.0,218.0,1367.0,solexs,3.7497784084050686e-06
F1714963756,2024-05-06 02:49:16,2024-05-06 03:16:30,2024-05-06 03:29:45,192.0,75.28761482420019,65.09665258854501,False,0.0,,,C,2429.0,1634.0,795.0,solexs,3.8371643745980925e-06
F1714967023,2024-05-06 03:43:43,2024-05-06 04:22:34,2024-05-06 04:32:52,535.0,139.08182874036532,135.29881628584027,False,0.0,,,C,2949.0,2331.0,618.0,solexs,9.387773953789632e-06
F1714970298,2024-05-06 04:38:18,2024-05-06 04:48:37,2024-05-06 05:03:42,278.0,149.6397423714497,46.82575028262553,False,0.0,,,C,1524.0,619.0,905.0,solexs,5.300871125380234e-06
F1714972389,2024-05-06 05:13:09,2024-05-06 06:34:15,2024-05-06 09:43:43,20493.0,598.8302185619259,1298.660841999984,False,0.0,,,X,16234.0,4866.0,11368.0,solexs,0.00022636919588998956
F1714989268,2024-05-06 09:54:28,2024-05-06 09:59:13,2024-05-06 10:47:16,1011.0,164.78259951430684,254.66642673758284,False,0.0,,,M,3168.0,285.0,2883.0,solexs,1.6363295928147305e-05
F1714992894,2024-05-06 10:54:54,2024-05-06 11:00:39,2024-05-06 11:29:53,314.0,153.20710590222785,56.01781630254546,False,0.0,,,C,2099.0,345.0,1754.0,solexs,5.8954676096877216e-06
F1714995710,2024-05-06 11:41:50,2024-05-06 11:54:32,2024-05-06 12:11:13,234.0,149.48606271777004,30.89097533839731,False,0.0,,,C,1763.0,762.0,1001.0,solexs,4.560558115142674e-06
F1714997913,2024-05-06 12:18:33,2024-05-06 12:56:29,2024-05-06 13:11:50,581.0,149.30640903811636,170.4379977844874,False,0.0,,,M,3197.0,2276.0,921.0,solexs,1.0088747515900472e-05
F1715001767,2024-05-06 13:22:47,2024-05-06 13:41:58,2024-05-06 13:54:18,196.0,72.06028930419174,66.23877133657105,False,0.0,,,C,1891.0,1151.0,740.0,solexs,3.906865054884021e-06
F1715004453,2024-05-06 14:07:33,2024-05-06 14:12:38,2024-05-06 14:20:43,128.0,60.877837609544926,38.47258147834205,False,0.0,,,C,790.0,305.0,485.0,solexs,2.693235253925439e-06
F1715005712,2024-05-06 14:28:32,2024-05-06 14:29:49,2024-05-06 15:01:23,230.0,55.614665821982896,99.95288797110791,False,0.0,,,C,1971.0,77.0,1894.0,solexs,4.492422488158986e-06
F1715009207,2024-05-06 15:26:47,2024-05-06 15:35:37,2024-05-06 16:00:28,382.0,51.566202090592334,203.85153879883558,False,0.0,,,C,2021.0,530.0,1491.0,solexs,6.995907732204534e-06
F1715015215,2024-05-06 17:06:55,2024-05-06 17:08:51,2024-05-06 17:21:26,256.0,43.80382219406609,150.65783844818063,False,0.0,,,C,871.0,116.0,755.0,solexs,4.9327364444678145e-06
F1715016861,2024-05-06 17:34:21,2024-05-06 17:39:30,2024-05-06 17:49:57,114.0,42.68366592756837,48.12316887272717,False,0.0,,,C,936.0,309.0,627.0,solexs,2.434195807911221e-06
F1715019509,2024-05-06 18:18:29,2024-05-06 18:21:46,2024-05-06 18:24:38,211.0,39.877837609544926,121.18683887083245,False,0.0,,,C,369.0,197.0,172.0,solexs,4.166668790248825e-06
F1715020669,2024-05-06 18:37:49,2024-05-06 18:41:59,2024-05-06 18:57:31,149.0,39.89082462253194,77.26992150571466,False,0.0,,,C,1182.0,250.0,932.0,solexs,3.075209893264994e-06
F1715022742,2024-05-06 19:12:22,2024-05-06 19:18:43,2024-05-06 20:10:41,620.0,55.49688522859255,371.9455523689898,False,0.0,,,M,3499.0,381.0,3118.0,solexs,1.0677529690489361e-05
F1715026710,2024-05-06 20:18:30,2024-05-06 20:31:28,2024-05-06 20:56:03,158.0,55.49688522859255,61.534369620112045,False,0.0,,,C,2253.0,778.0,1475.0,solexs,3.2367712590216926e-06
F1715029465,2024-05-06 21:04:25,2024-05-06 22:25:19,2024-05-07 00:17:32,3269.0,54.258789990497306,505.73663088557157,False,0.0,,,M,11587.0,4854.0,6733.0,solexs,4.558602146889512e-05
F1715041707,2024-05-07 00:28:27,2024-05-07 00:58:29,2024-05-07 02:41:26,1799.0,371.86226375250766,273.1506546245633,False,0.0,,,M,7979.0,1802.0,6177.0,solexs,2.7063080710391036e-05
F1715050083,2024-05-07 02:48:03,2024-05-07 03:20:14,2024-05-07 03:47:03,549.0,187.87783760954494,117.50548122547396,False,0.0,,,C,3540.0,1931.0,1609.0,solexs,9.601895314325304e-06
F1715054257,2024-05-07 03:57:37,2024-05-07 04:09:51,2024-05-07 04:12:54,223.0,133.87783760954494,34.44660052996606,False,0.0,,,C,917.0,734.0,183.0,solexs,4.3728209346167634e-06
F1715055661,2024-05-07 04:21:01,2024-05-07 04:26:26,2024-05-07 04:41:24,237.0,115.11593284764015,50.72302999559024,False,0.0,,,C,1223.0,325.0,898.0,solexs,4.611562746231933e-06
F1715057775,2024-05-07 04:56:15,2024-05-07 04:58:28,2024-05-07 04:58:01,154.0,108.5215922289093,19.529783412483937,False,0.0,,,C,106.0,133.0,-27.0,solexs,3.1651145143986145e-06
F1715060110,2024-05-07 05:35:10,2024-05-07 06:15:12,2024-05-07 08:00:09,3802.0,215.24231865695282,1332.6498577314665,False,0.0,,,M,8699.0,2402.0,6297.0,solexs,5.2011716271511735e-05
F1715069332,2024-05-07 08:08:52,2024-05-07 08:30:49,2024-05-07 09:00:04,996.0,145.24300496251715,276.35331981034466,False,0.0,,,M,3072.0,1317.0,1755.0,solexs,1.6151137592801913e-05
F1715073097,2024-05-07 09:11:37,2024-05-07 09:17:24,2024-05-07 09:38:49,275.0,132.8737197761588,55.208827631540004,False,0.0,,,C,1632.0,347.0,1285.0,solexs,5.250895250997346e-06
F1715075391,2024-05-07 09:49:51,2024-05-07 09:53:27,2024-05-07 10:14:51,282.0,117.0458240946046,65.20614919326732,False,0.0,,,C,1500.0,216.0,1284.0,solexs,5.3673993349489945e-06
F1715078052,2024-05-07 10:34:12,2024-05-07 10:42:37,2024-05-07 11:11:01,611.0,91.46885228592545,224.73279635047206,False,0.0,,,M,2209.0,505.0,1704.0,solexs,1.054208503011032e-05
F1715082100,2024-05-07 11:41:40,2024-05-07 11:47:46,2024-05-07 12:36:45,1775.0,148.78259951430684,771.702928712007,False,0.0,,,M,3305.0,366.0,2939.0,solexs,2.674760576340489e-05
F1715086138,2024-05-07 12:48:58,2024-05-07 12:54:16,2024-05-07 14:15:40,1089.0,147.24897054165348,344.6178963866074,False,0.0,,,M,5202.0,318.0,4884.0,solexs,1.7460228080674107e-05
F1715092467,2024-05-07 14:34:27,2024-05-07 14:39:58,2024-05-07 15:07:54,223.0,95.53473762010346,56.410517980601966,False,0.0,,,C,2007.0,331.0,1676.0,solexs,4.3728209346167634e-06
F1715094946,2024-05-07 15:15:46,2024-05-07 15:34:51,2024-05-07 15:52:35,235.0,95.30387498680182,63.54156431558374,False,0.0,,,C,2209.0,1145.0,1064.0,solexs,4.577568831321494e-06
F1715097619,2024-05-07 16:00:19,2024-05-07 16:06:34,2024-05-07 16:15:56,157.0,110.6397423714497,19.710845809461674,False,0.0,,,C,937.0,375.0,562.0,solexs,3.2188788887340445e-06
F1715099016,2024-05-07 16:23:36,2024-05-07 16:30:28,2024-05-07 17:17:31,6659.0,143.6397423714497,2662.826733447926,False,0.0,,,M,3235.0,412.0,2823.0,solexs,8.483954912683927e-05
F1715102766,2024-05-07 17:26:06,2024-05-07 17:38:27,2024-05-07 17:57:40,386.0,140.06831380002112,92.41991709110752,False,0.0,,,C,1894.0,741.0,1153.0,solexs,7.059821021701613e-06
F1715105281,2024-05-07 18:08:01,2024-05-07 18:29:19,2024-05-07 18:42:51,273.0,145.6031042128603,45.94087091567931,False,0.0,,,C,2090.0,1278.0,812.0,solexs,5.217539574970143e-06
F1715107857,2024-05-07 18:50:57,2024-05-07 18:56:30,2024-05-07 19:25:31,489.0,158.35286664554957,117.75553137158005,False,0.0,,,C,2074.0,333.0,1741.0,solexs,8.679096832478885e-06
F1715110324,2024-05-07 19:32:04,2024-05-07 19:34:13,2024-05-07 19:54:18,264.0,173.40164713335446,30.53037936385622,False,0.0,,,C,1334.0,129.0,1205.0,solexs,5.067051181373905e-06
F1715112027,2024-05-07 20:00:27,2024-05-07 21:26:27,2024-05-08 00:19:35,2383.0,501.8515468271566,367.6442028240488,False,0.0,,,M,15548.0,5160.0,10388.0,solexs,3.45915617944449e-05
F1715128420,2024-05-08 00:33:40,2024-05-08 00:50:50,2024-05-08 01:01:43,554.0,165.00190053848593,134.29988060644752,False,0.0,,,C,1683.0,1030.0,653.0,solexs,9.678198459356419e-06
F1715130454,2024-05-08 01:07:34,2024-05-08 01:41:16,2024-05-08 03:08:22,8086.0,186.4492661809735,2582.2737934760935,False,0.0,,,X,7248.0,2022.0,5226.0,solexs,0.00010051199144139846
F1715138151,2024-05-08 03:15:51,2024-05-08 03:41:50,2024-05-08 04:06:26,1340.0,565.0701087530356,144.66283689654506,False,0.0,,,M,3035.0,1559.0,1476.0,solexs,2.0926248670972044e-05
F1715141526,2024-05-08 04:12:06,2024-05-08 05:10:06,2024-05-08 07:25:23,7715.0,875.3889768767817,715.1505444925576,False,0.0,,,M,11597.0,3480.0,8117.0,solexs,9.64738509167402e-05
F1715153470,2024-05-08 07:31:10,2024-05-08 07:41:42,2024-05-08 08:15:55,3154.0,1171.7198289515363,275.8325688838887,False,0.0,,,M,2685.0,632.0,2053.0,solexs,4.418277342022908e-05
F1715156485,2024-05-08 08:21:25,2024-05-08 08:37:29,2024-05-08 10:44:58,2343.0,662.8302185619259,228.13484446130022,False,0.0,,,M,8613.0,964.0,7649.0,solexs,3.408409264600329e-05
F1715165743,2024-05-08 10:55:43,2024-05-08 12:04:08,2024-05-08 14:22:04,6437.0,621.7224157955866,505.4373472609188,False,0.0,,,M,12381.0,4105.0,8276.0,solexs,8.23649196664634e-05
F1715178807,2024-05-08 14:33:27,2024-05-08 14:43:32,2024-05-08 15:02:44,593.0,245.51937493400908,97.25944719554774,False,0.0,,,M,1757.0,605.0,1152.0,solexs,1.0270430849832777e-05
F1715181136,2024-05-08 15:12:16,2024-05-08 15:16:47,2024-05-08 15:46:05,413.0,168.72558335972974,72.35261305408604,False,0.0,,,C,2029.0,271.0,1758.0,solexs,7.489085300347499e-06
F1715183816,2024-05-08 15:56:56,2024-05-08 15:58:39,2024-05-08 16:30:48,345.0,167.42424242424246,61.475113917796676,False,0.0,,,C,2032.0,103.0,1929.0,solexs,6.400541319991269e-06
F1715186409,2024-05-08 16:40:09,2024-05-08 17:03:53,2024-05-08 17:26:06,367.0,222.19042339774046,43.295991868764744,False,0.0,,,C,2757.0,1424.0,1333.0,solexs,6.755467314631742e-06
F1715189697,2024-05-08 17:34:57,2024-05-08 17:52:23,2024-05-08 20:16:08,5714.0,248.4233449477352,1550.9590670138077,False,0.0,,,M,9671.0,1046.0,8625.0,solexs,7.422802760773207e-05
F1715199773,2024-05-08 20:22:53,2024-05-08 20:34:15,2024-05-08 20:59:06,1099.0,439.40111920599725,130.48998743770105,False,0.0,,,M,2173.0,682.0,1491.0,solexs,1.7600124881491064e-05
F1715202280,2024-05-08 21:04:40,2024-05-08 21:41:41,2024-05-09 02:58:16,7688.0,521.6397423714496,722.1016197814142,False,0.0,,,M,21216.0,2221.0,18995.0,solexs,9.617902060008559e-05
F1715224114,2024-05-09 03:08:34,2024-05-09 03:32:51,2024-05-09 04:38:32,3541.0,388.9378101573223,685.2519570265441,False,0.0,,,M,5398.0,1457.0,3941.0,solexs,4.888054770799368e-05
F1715230000,2024-05-09 04:46:40,2024-05-09 06:27:54,2024-05-09 07:22:38,1710.0,380.21117094287825,267.408205329134,False,0.0,,,M,9358.0,6074.0,3284.0,solexs,2.5890448566466555e-05
F1715239855,2024-05-09 07:30:55,2024-05-09 09:13:59,2024-05-09 13:40:32,14555.0,308.0683138000211,1134.2079906746644,False,0.0,,,X,22177.0,6184.0,15993.0,solexs,0.00016791450963355995
F1715262516,2024-05-09 13:48:36,2024-05-09 14:05:17,2024-05-09 14:55:59,530.0,219.37181923767292,82.93052911172788,False,0.0,,,C,4043.0,1001.0,3042.0,solexs,9.311130438766075e-06
F1715268049,2024-05-09 15:20:49,2024-05-09 15:21:39,2024-05-09 15:27:29,308.0,163.6397423714497,50.46825081451952,False,0.0,,,C,400.0,50.0,350.0,solexs,5.796996639388397e-06
F1715269348,2024-05-09 15:42:28,2024-05-09 15:44:54,2024-05-09 16:05:45,271.0,169.40164713335446,34.91681594144244,False,0.0,,,C,1397.0,146.0,1251.0,solexs,5.1841528617157524e-06
F1715271223,2024-05-09 16:13:43,2024-05-09 16:24:08,2024-05-09 16:25:25,262.0,197.75979305247597,20.00720484233785,False,0.0,,,C,702.0,625.0,77.0,solexs,5.033521544740155e-06
F1715272249,2024-05-09 16:30:49,2024-05-09 16:44:15,2024-05-09 16:51:46,258.0,179.25878999049732,26.301278005951207,False,0.0,,,C,1257.0,806.0,451.0,solexs,4.966364460577649e-06
F1715273896,2024-05-09 16:58:16,2024-05-09 17:43:57,2024-05-09 19:01:38,8020.0,523.2587899904973,1924.3923753624301,False,0.0,,,M,7402.0,2741.0,4661.0,solexs,9.979536666448285e-05
F1715281752,2024-05-09 19:09:12,2024-05-09 19:21:43,2024-05-09 20:28:08,654.0,292.5389082462253,75.14591620999835,False,0.0,,,M,4736.0,751.0,3985.0,solexs,1.1186992035501405e-05
F1715287451,2024-05-09 20:44:11,2024-05-09 21:20:51,2024-05-09 21:33:49,592.0,207.9978882905712,123.67894882728287,False,0.0,,,M,2978.0,2200.0,778.0,solexs,1.0255308524322842e-05
F1715291042,2024-05-09 21:44:02,2024-05-09 22:41:33,2024-05-09 23:36:22,1744.0,238.49688522859256,353.23207016963687,False,0.0,,,M,6740.0,3451.0,3289.0,solexs,2.633931390245655e-05
F1715298353,2024-05-09 23:45:53,2024-05-09 23:50:59,2024-05-10 01:13:11,1058.0,249.49878576707846,235.4009830434457,False,0.0,,,M,5238.0,306.0,4932.0,solexs,1.7025503331633887e-05
F1715305067,2024-05-10 01:37:47,2024-05-10 01:49:10,2024-05-10 01:56:32,316.0,202.16355189525922,35.80510113215264,False,0.0,,,C,1125.0,683.0,442.0,solexs,5.928237991282543e-06
F1715306737,2024-05-10 02:05:37,2024-05-10 02:27:37,2024-05-10 02:41:27,585.0,181.15964523281596,135.19708548345523,False,0.0,,,M,2150.0,1320.0,830.0,solexs,1.014936108620235e-05
F1715309534,2024-05-10 02:52:14,2024-05-10 03:28:40,2024-05-10 04:16:23,856.0,198.22294372294374,194.14910801832804,False,0.0,,,M,5049.0,2186.0,2863.0,solexs,1.4150414335154211e-05
F1715314925,2024-05-10 04:22:05,2024-05-10 04:24:09,2024-05-10 04:28:26,277.0,191.35402808573542,27.68873632335592,False,0.0,,,C,381.0,124.0,257.0,solexs,5.284220144066042e-06
F1715315847,2024-05-10 04:37:27,2024-05-10 04:41:44,2024-05-10 05:05:14,350.0,189.40164713335446,51.92031040223619,False,0.0,,,C,1667.0,257.0,1410.0,solexs,6.481452430758525e-06
F1715318065,2024-05-10 05:14:25,2024-05-10 05:30:28,2024-05-10 05:41:23,352.0,189.40164713335446,52.646828541225325,False,0.0,,,C,1618.0,963.0,655.0,solexs,6.51377569170846e-06
F1715320650,2024-05-10 05:57:30,2024-05-10 06:50:45,2024-05-10 11:10:47,19937.0,360.8405659381269,3129.017445119683,False,0.0,,,X,18797.0,3195.0,15602.0,solexs,0.0002209978924264737
F1715340527,2024-05-10 11:28:47,2024-05-10 11:46:13,2024-05-10 12:20:02,531.0,233.6184668989547,78.0704398561146,False,0.0,,,C,3075.0,1046.0,2029.0,solexs,9.326466458503578e-06
F1715344367,2024-05-10 12:32:47,2024-05-10 12:37:22,2024-05-10 13:08:07,274.0,171.72780065462993,33.10509512386529,False,0.0,,,C,2120.0,275.0,1845.0,solexs,5.234221276652818e-06
F1715346790,2024-05-10 13:13:10,2024-05-10 13:14:21,2024-05-10 13:14:33,206.0,157.78259951430684,17.166795641437346,False,0.0,,,C,83.0,71.0,12.0,solexs,4.080336498559912e-06
F1715347504,2024-05-10 13:25:04,2024-05-10 13:29:15,2024-05-10 13:27:42,209.0,157.78259951430684,18.234882813403264,False,0.0,,,C,158.0,251.0,-93.0,solexs,4.132167385738207e-06
F1715348287,2024-05-10 13:38:07,2024-05-10 14:11:19,2024-05-10 15:21:54,4459.0,171.54123112659698,1291.39953495431,False,0.0,,,M,6227.0,1992.0,4235.0,solexs,5.977756816616302e-05
F1715355321,2024-05-10 15:35:21,2024-05-10 15:52:37,2024-05-10 16:31:21,383.0,146.53056699398164,92.28983204094614,False,0.0,,,C,3360.0,1036.0,2324.0,solexs,7.0118939861318345e-06
F1715359290,2024-05-10 16:41:30,2024-05-10 17:40:58,2024-05-10 18:06:24,710.0,215.25192693485377,141.9123869231743,False,0.0,,,M,5094.0,3568.0,1526.0,solexs,1.2018885670622708e-05
F1715365104,2024-05-10 18:18:24,2024-05-10 19:05:04,2024-05-10 19:29:00,1261.0,285.68736141906874,243.83342943664067,False,0.0,,,M,4236.0,2800.0,1436.0,solexs,1.9845036316289206e-05
F1715369945,2024-05-10 19:39:05,2024-05-10 20:03:37,2024-05-10 20:37:19,1344.0,408.925456657164,201.15380442651897,False,0.0,,,M,3494.0,1472.0,2022.0,solexs,2.0980774523733546e-05
F1715373779,2024-05-10 20:42:59,2024-05-10 21:08:07,2024-05-10 22:30:48,2940.0,528.344894942456,489.06504040998584,False,0.0,,,M,6469.0,1508.0,4961.0,solexs,4.1553965556451064e-05
F1715380877,2024-05-10 22:41:17,2024-05-10 22:47:20,2024-05-11 00:10:30,788.0,287.5319396051103,82.83608975826995,False,0.0,,,M,5353.0,363.0,4990.0,solexs,1.3163919689550815e-05
F1715386987,2024-05-11 00:23:07,2024-05-11 01:19:29,2024-05-11 04:03:44,22152.0,229.4492661809735,5187.532095413346,False,0.0,,,X,13237.0,3382.0,9855.0,solexs,0.00024228850589790132
F1715400603,2024-05-11 04:10:03,2024-05-11 04:39:59,2024-05-11 04:54:27,852.0,379.405870552212,110.08622259906576,False,0.0,,,M,2664.0,1796.0,868.0,solexs,1.40926682552374e-05
F1715404004,2024-05-11 05:06:44,2024-05-11 05:23:47,2024-05-11 06:57:42,586.0,273.3905606588533,72.00793359533989,False,0.0,,,M,6658.0,1023.0,5635.0,solexs,1.0164506245288641e-05
F1715411559,2024-05-11 07:12:39,2024-05-11 09:14:33,2024-05-11 09:47:17,1024.0,345.54450427621157,126.98747757974836,False,0.0,,,M,9278.0,7314.0,1964.0,solexs,1.654684329597318e-05
F1715421238,2024-05-11 09:53:58,2024-05-11 11:43:27,2024-05-11 14:38:41,10526.0,385.54450427621157,1782.3518124353009,False,0.0,,,X,17083.0,6569.0,10514.0,solexs,0.00012653414517397707
F1715438706,2024-05-11 14:45:06,2024-05-11 15:26:08,2024-05-11 18:37:46,6535.0,516.9069791996621,751.2512095077129,False,0.0,,,M,13960.0,2462.0,11498.0,solexs,8.34586378341345e-05
F1715453053,2024-05-11 18:44:13,2024-05-11 19:00:48,2024-05-11 19:09:29,299.0,141.2178228275789,59.37975687923317,False,0.0,,,C,1516.0,995.0,521.0,solexs,5.648831274047556e-06
F1715455198,2024-05-11 19:19:58,2024-05-11 19:47:00,2024-05-11 20:13:12,326.0,141.21117094287825,67.9518825814619,False,0.0,,,C,3194.0,1622.0,1572.0,solexs,6.091698785750647e-06
F1715459007,2024-05-11 20:23:27,2024-05-11 20:41:09,2024-05-11 21:28:00,755.0,140.08140639847957,231.0221579400283,False,0.0,,,M,3873.0,1062.0,2811.0,solexs,1.2681325034740155e-05
F1715463303,2024-05-11 21:35:03,2024-05-11 21:59:26,2024-05-11 22:13:53,415.0,168.2171893147503,84.75302093031141,False,0.0,,,C,2330.0,1463.0,867.0,solexs,7.52073820306531e-06
F1715466547,2024-05-11 22:29:07,2024-05-11 22:40:02,2024-05-11 23:13:51,291.0,120.42128603104211,62.569160871171626,False,0.0,,,C,2684.0,655.0,2029.0,solexs,5.516653033130333e-06
F1715469557,2024-05-11 23:19:17,2024-05-11 23:21:13,2024-05-11 23:21:26,160.0,109.83021856192588,21.40899510959086,False,0.0,,,C,129.0,116.0,13.0,solexs,3.272512989195038e-06
F1715469988,2024-05-11 23:26:28,2024-05-11 23:28:25,2024-05-11 23:49:42,346.0,111.32668144863268,100.14235233253076,False,0.0,,,C,1394.0,117.0,1277.0,solexs,6.416735385159711e-06
F1715471729,2024-05-11 23:55:29,2024-05-11 23:54:40,2024-05-11 23:59:11,167.0,119.92545665716398,19.22407371630473,False,0.0,,,C,222.0,-49.0,271.0,solexs,3.397167848708544e-06
F1715472893,2024-05-12 00:14:53,2024-05-12 00:15:24,2024-05-12 00:17:43,164.0,119.92545665716398,17.998948265189952,False,0.0,,,C,170.0,31.0,139.0,solexs,3.3438272119991387e-06
F1715473392,2024-05-12 00:23:12,2024-05-12 00:26:55,2024-05-12 00:32:26,288.0,119.92545665716398,68.63746691126748,False,0.0,,,C,554.0,223.0,331.0,solexs,5.466967809894993e-06
F1715474520,2024-05-12 00:42:00,2024-05-12 00:45:26,2024-05-12 01:02:29,2466.0,122.97307570478301,944.9030685259124,False,0.0,,,M,1229.0,206.0,1023.0,solexs,3.5641136722459715e-05
F1715476068,2024-05-12 01:07:48,2024-05-12 01:14:38,2024-05-12 01:14:48,200.0,143.16355189525922,21.243481610309804,False,0.0,,,C,420.0,410.0,10.0,solexs,3.976385371029576e-06
F1715477949,2024-05-12 01:39:09,2024-05-12 01:55:37,2024-05-12 02:04:07,335.0,148.29373878154365,67.21517551242857,False,0.0,,,C,1498.0,988.0,510.0,solexs,6.238269597344924e-06
F1715479853,2024-05-12 02:10:53,2024-05-12 02:58:54,2024-05-12 03:27:51,473.0,214.42645971914263,71.75156634571447,False,0.0,,,C,4618.0,2881.0,1737.0,solexs,8.430648505346843e-06
F1715485125,2024-05-12 03:38:45,2024-05-12 03:48:35,2024-05-12 04:19:54,303.0,127.38728750923873,62.57255279551359,False,0.0,,,C,2469.0,590.0,1879.0,solexs,5.714751455736101e-06
F1715488076,2024-05-12 04:27:56,2024-05-12 04:45:12,2024-05-12 04:50:19,205.0,121.83021856192588,33.56675394864691,False,0.0,,,C,1343.0,1036.0,307.0,solexs,4.063038298990703e-06
F1715489728,2024-05-12 04:55:28,2024-05-12 05:01:21,2024-05-12 05:09:08,208.0,147.3993242529828,22.373072783587897,False,0.0,,,C,820.0,353.0,467.0,solexs,4.114900984227645e-06
F1715491424,2024-05-12 05:23:44,2024-05-12 05:50:42,2024-05-12 07:23:02,1545.0,121.33386126069053,450.0533747658019,False,0.0,,,M,7158.0,1618.0,5540.0,solexs,2.3695529818889593e-05
F1715500307,2024-05-12 07:51:47,2024-05-12 08:40:31,2024-05-12 08:54:17,427.0,148.83021856192588,91.58890284470888,False,0.0,,,C,3750.0,2924.0,826.0,solexs,7.710252685080365e-06
F1715504608,2024-05-12 09:03:28,2024-05-12 09:05:09,2024-05-12 09:06:46,267.0,203.49688522859256,19.908160909306304,False,0.0,,,C,198.0,101.0,97.0,solexs,5.1172852863915735e-06
F1715506410,2024-05-12 09:33:30,2024-05-12 09:37:46,2024-05-12 10:04:41,390.0,211.86463942561505,54.75235861492166,False,0.0,,,C,1871.0,256.0,1615.0,solexs,7.123650282780028e-06
F1715508975,2024-05-12 10:16:15,2024-05-12 10:20:38,2024-05-12 10:48:13,487.0,210.92545665716398,85.01133989046016,False,0.0,,,C,1918.0,263.0,1655.0,solexs,8.6480979043873e-06
F1715511339,2024-05-12 10:55:39,2024-05-12 11:01:15,2024-05-12 11:51:34,328.0,194.455759687467,40.387354581341164,False,0.0,,,C,3355.0,336.0,3019.0,solexs,6.124313993213453e-06
F1715515351,2024-05-12 12:02:31,2024-05-12 12:06:02,2024-05-12 12:06:07,208.0,150.35402808573542,21.024536478845366,False,0.0,,,C,216.0,211.0,5.0,solexs,4.114900984227645e-06
F1715515892,2024-05-12 12:11:32,2024-05-12 12:11:23,2024-05-12 12:13:18,194.0,150.35402808573542,15.91848134733323,False,0.0,,,C,106.0,-9.0,115.0,solexs,3.872037520951274e-06
F1715516820,2024-05-12 12:27:00,2024-05-12 12:41:04,2024-05-12 13:16:33,1067.0,153.04223418857566,330.1630204663971,False,0.0,,,M,2973.0,844.0,2129.0,solexs,1.7151878305333637e-05
F1715521043,2024-05-12 13:37:23,2024-05-12 13:56:13,2024-05-12 14:58:10,1021.0,152.53193960511032,327.701865357819,False,0.0,,,M,4847.0,1130.0,3717.0,solexs,1.650451260136794e-05
F1715526358,2024-05-12 15:05:58,2024-05-12 15:08:53,2024-05-12 15:11:05,201.0,140.25878999049732,22.936829854681346,False,0.0,,,C,307.0,175.0,132.0,solexs,3.993737747821676e-06
F1715527232,2024-05-12 15:20:32,2024-05-12 16:25:17,2024-05-12 18:47:01,8064.0,143.24538063562454,2412.052498552202,False,0.0,,,X,12389.0,3885.0,8504.0,solexs,0.00010027319932023357
F1715540368,2024-05-12 18:59:28,2024-05-12 19:01:11,2024-05-12 19:04:43,191.0,136.4492661809735,20.884784230683238,False,0.0,,,C,315.0,103.0,212.0,solexs,3.819710529783963e-06
F1715541790,2024-05-12 19:23:10,2024-05-12 19:46:55,2024-05-12 20:02:32,370.0,147.48558758314857,78.5016376520628,False,0.0,,,C,2362.0,1425.0,937.0,solexs,6.803653657938318e-06
F1715545262,2024-05-12 20:21:02,2024-05-12 20:31:44,2024-05-12 21:49:22,3846.0,256.3568788934642,1287.9678199660375,False,0.0,,,M,5300.0,642.0,4658.0,solexs,5.253684052417313e-05
F1715551340,2024-05-12 22:02:20,2024-05-12 22:18:14,2024-05-12 22:53:31,687.0,159.85286664554957,176.15873685963732,False,0.0,,,M,3071.0,954.0,2117.0,solexs,1.167826191553801e-05
F1715554932,2024-05-12 23:02:12,2024-05-12 23:10:14,2024-05-12 23:23:04,628.0,133.21117094287825,191.71873768174336,False,0.0,,,M,1252.0,482.0,770.0,solexs,1.0797715458796405e-05
F1715556640,2024-05-12 23:30:40,2024-05-12 23:39:01,2024-05-13 00:13:00,537.0,151.97307570478304,139.67631584123077,False,0.0,,,C,2540.0,501.0,2039.0,solexs,9.41840585919042e-06
F1715559718,2024-05-13 00:21:58,2024-05-13 00:31:43,2024-05-13 00:38:26,317.0,129.16355189525922,73.91368853738182,False,0.0,,,C,988.0,585.0,403.0,solexs,5.944613300210456e-06
F1715561290,2024-05-13 00:48:10,2024-05-13 01:33:54,2024-05-13 02:17:38,872.0,163.01256467110127,204.99644186422887,False,0.0,,,M,5368.0,2744.0,2624.0,solexs,1.4381057971557166e-05
F1715567273,2024-05-13 02:27:53,2024-05-13 02:32:11,2024-05-13 02:35:55,209.0,147.25878999049732,22.75356864443889,False,0.0,,,C,482.0,258.0,224.0,solexs,4.132167385738207e-06
F1715568201,2024-05-13 02:43:21,2024-05-13 02:46:29,2024-05-13 03:18:29,285.0,124.8111075915954,61.15845482428432,False,0.0,,,C,2108.0,188.0,1920.0,solexs,5.417216837338371e-06
F1715572110,2024-05-13 03:48:30,2024-05-13 03:50:41,2024-05-13 03:55:28,171.0,111.40164713335446,25.252445876601417,False,0.0,,,C,418.0,131.0,287.0,solexs,3.468100093112596e-06
F1715572922,2024-05-13 04:02:02,2024-05-13 04:03:13,2024-05-13 04:20:10,249.0,104.82979622004012,62.2654572327121,False,0.0,,,C,1088.0,71.0,1017.0,solexs,4.814773645860087e-06
F1715575862,2024-05-13 04:51:02,2024-05-13 04:52:21,2024-05-13 05:01:41,141.0,88.4492661809735,24.925723704867774,False,0.0,,,C,639.0,79.0,560.0,solexs,2.930557769205971e-06
F1715576840,2024-05-13 05:07:20,2024-05-13 05:07:48,2024-05-13 05:08:48,156.0,88.4492661809735,32.12165786261677,False,0.0,,,C,88.0,28.0,60.0,solexs,3.2009720445099504e-06
F1715577936,2024-05-13 05:25:36,2024-05-13 06:11:59,2024-05-13 06:31:31,255.0,88.71233238306408,60.31245360937468,False,0.0,,,C,3955.0,2783.0,1172.0,solexs,4.915909941211361e-06
F1715583917,2024-05-13 07:05:17,2024-05-13 07:07:05,2024-05-13 07:12:44,174.0,105.76908457396262,29.867506550279145,False,0.0,,,C,447.0,108.0,339.0,solexs,3.521160933068989e-06
F1715584947,2024-05-13 07:22:27,2024-05-13 07:36:20,2024-05-13 07:47:45,317.0,113.65769190159435,85.0855352530765,False,0.0,,,C,1518.0,833.0,685.0,solexs,5.944613300210456e-06
F1715587398,2024-05-13 08:03:18,2024-05-13 09:44:23,2024-05-13 12:46:33,5238.0,167.568524970964,418.7228860770862,False,0.0,,,M,16995.0,6065.0,10930.0,solexs,6.880005089579609e-05
F1715604914,2024-05-13 12:55:14,2024-05-13 13:10:02,2024-05-13 15:09:01,2917.0,340.0081300813008,391.12641825490044,False,0.0,,,M,8027.0,888.0,7139.0,solexs,4.1270011992564923e-05
F1715613624,2024-05-13 15:20:24,2024-05-13 15:26:12,2024-05-13 15:42:10,461.0,254.06567416323514,57.93014451261281,False,0.0,,,C,1306.0,348.0,958.0,solexs,8.243612701456332e-06
F1715615582,2024-05-13 15:53:02,2024-05-13 16:02:27,2024-05-13 16:08:22,364.0,224.25878999049732,41.73157348184869,False,0.0,,,C,920.0,565.0,355.0,solexs,6.707230939149959e-06
F1715617763,2024-05-13 16:29:23,2024-05-13 16:34:04,2024-05-13 16:54:24,303.0,201.75783972125436,31.582211800962256,False,0.0,,,C,1501.0,281.0,1220.0,solexs,5.714751455736101e-06
F1715619685,2024-05-13 17:01:25,2024-05-13 17:02:14,2024-05-13 17:03:06,246.0,191.49688522859256,17.61389742546876,False,0.0,,,C,101.0,49.0,52.0,solexs,4.7640898187388626e-06
F1715621199,2024-05-13 17:26:39,2024-05-13 17:46:14,2024-05-13 18:27:54,558.0,260.925456657164,93.00811666717763,False,0.0,,,C,3675.0,1175.0,2500.0,solexs,9.739178021046954e-06
F1715625276,2024-05-13 18:34:36,2024-05-13 18:47:15,2024-05-13 19:29:42,633.0,183.4104107274839,140.1464247980582,False,0.0,,,M,3306.0,759.0,2547.0,solexs,1.0872732762559008e-05
F1715629984,2024-05-13 19:53:04,2024-05-13 19:59:30,2024-05-13 20:26:53,238.0,153.90808784711226,30.199712910158283,False,0.0,,,C,2029.0,386.0,1643.0,solexs,4.628546032287847e-06
F1715633404,2024-05-13 20:50:04,2024-05-13 20:51:38,2024-05-13 21:01:39,241.0,148.4492661809735,33.97080487738704,False,0.0,,,C,695.0,94.0,601.0,solexs,4.679441720648422e-06
F1715634905,2024-05-13 21:15:05,2024-05-13 21:22:07,2024-05-13 21:33:42,227.0,132.3540280857354,36.77676183771614,False,0.0,,,C,1117.0,422.0,695.0,solexs,4.441222093775345e-06
F1715636933,2024-05-13 21:48:53,2024-05-13 21:58:36,2024-05-13 22:31:04,1143.0,145.40164713335446,387.79494140730156,False,0.0,,,M,2531.0,583.0,1948.0,solexs,1.8213773876217303e-05
F1715640562,2024-05-13 22:49:22,2024-05-13 22:56:10,2024-05-13 23:00:52,188.0,126.19628339140533,24.624159927632462,False,0.0,,,C,690.0,408.0,282.0,solexs,3.76727908933918e-06
F1715649297,2024-05-14 01:14:57,2024-05-14 02:08:48,2024-05-14 03:59:31,12875.0,287.6028930419174,1823.8393586698862,False,0.0,,,X,9874.0,3231.0,6643.0,solexs,0.00015086390702829177
F1715659584,2024-05-14 04:06:24,2024-05-14 04:08:11,2024-05-14 04:20:19,290.0,165.87783760954494,43.09929321570738,False,0.0,,,C,835.0,107.0,728.0,solexs,5.500098550062271e-06
F1715661885,2024-05-14 04:44:45,2024-05-14 05:10:04,2024-05-14 05:14:10,306.0,168.8789990497308,41.80952397898103,False,0.0,,,C,1765.0,1519.0,246.0,solexs,5.7641190600098126e-06
F1715664238,2024-05-14 05:23:58,2024-05-14 05:29:05,2024-05-14 06:37:57,306.0,202.8273149614613,30.375470289825,False,0.0,,,C,4439.0,307.0,4132.0,solexs,5.7641190600098126e-06
F1715669984,2024-05-14 06:59:44,2024-05-14 07:06:27,2024-05-14 07:08:13,234.0,170.16355189525922,21.885196046838683,False,0.0,,,C,509.0,403.0,106.0,solexs,4.560558115142674e-06
F1715672076,2024-05-14 07:34:36,2024-05-14 08:27:22,2024-05-14 09:02:04,456.0,231.25213810579666,56.95445920310883,False,0.0,,,C,5248.0,3166.0,2082.0,solexs,8.165499421805678e-06
F1715678992,2024-05-14 09:29:52,2024-05-14 10:07:04,2024-05-14 11:44:49,673.0,320.7956921127653,76.9419617831701,False,0.0,,,M,8097.0,2232.0,5865.0,solexs,1.1470218792089576e-05
F1715688150,2024-05-14 12:02:30,2024-05-14 12:55:21,2024-05-14 14:14:50,10418.0,245.47545137789044,2558.15206468045,False,0.0,,,X,7940.0,3171.0,4769.0,solexs,0.00012539994404493527
F1715697954,2024-05-14 14:45:54,2024-05-14 14:51:31,2024-05-14 15:03:46,288.0,172.2884595079717,39.662135375654934,False,0.0,,,C,1072.0,337.0,735.0,solexs,5.466967809894993e-06
F1715699859,2024-05-14 15:17:39,2024-05-14 15:29:14,2024-05-14 15:55:12,579.0,193.1532045190582,121.2433714990071,False,0.0,,,M,2253.0,695.0,1558.0,solexs,1.0058420880993708e-05
F1715702500,2024-05-14 16:01:40,2024-05-14 16:09:38,2024-05-14 16:14:16,295.0,187.25878999049732,35.2107876463256,False,0.0,,,C,756.0,478.0,278.0,solexs,5.582799037796243e-06
F1715703682,2024-05-14 16:21:22,2024-05-14 16:25:57,2024-05-14 16:32:45,240.0,177.6397423714497,20.924391213229548,False,0.0,,,C,683.0,275.0,408.0,solexs,4.66248547699143e-06
F1715705061,2024-05-14 16:44:21,2024-05-14 16:49:30,2024-05-14 19:40:54,29568.0,915.2289093020801,9614.164765258922,False,0.0,,,X,10593.0,309.0,10284.0,solexs,0.00031176035572626833
F1715716227,2024-05-14 19:50:27,2024-05-14 20:00:26,2024-05-14 21:14:23,676.0,253.63910885862106,95.62954636664799,False,0.0,,,M,5036.0,599.0,4437.0,solexs,1.1514845339961739e-05
F1715722078,2024-05-14 21:27:58,2024-05-14 21:29:21,2024-05-14 21:30:01,264.0,203.35117727800653,19.021852791027662,False,0.0,,,C,123.0,83.0,40.0,solexs,5.067051181373905e-06
F1715724664,2024-05-14 22:11:04,2024-05-14 22:14:48,2024-05-14 22:24:30,273.0,195.25878999049732,24.88060846282002,False,0.0,,,C,806.0,224.0,582.0,solexs,5.217539574970143e-06
F1715725826,2024-05-14 22:30:26,2024-05-14 22:39:06,2024-05-14 22:53:29,258.0,165.64750290360047,32.0603329560373,False,0.0,,,C,1383.0,520.0,863.0,solexs,4.966364460577649e-06
F1715727925,2024-05-14 23:05:25,2024-05-14 23:16:01,2024-05-14 23:37:28,381.0,165.74780910146762,74.81784492794024,False,0.0,,,C,1923.0,636.0,1287.0,solexs,6.979916164592889e-06
F1715730563,2024-05-14 23:49:23,2024-05-15 00:18:47,2024-05-15 00:45:02,302.0,160.16930630345263,50.43686815135209,False,0.0,,,C,3339.0,1764.0,1575.0,solexs,5.6982818235296674e-06
F1715736034,2024-05-15 01:20:34,2024-05-15 01:30:51,2024-05-15 01:43:09,234.0,126.4492661809735,42.77304996671863,False,0.0,,,C,1355.0,617.0,738.0,solexs,4.560558115142674e-06
F1715737745,2024-05-15 01:49:05,2024-05-15 01:54:53,2024-05-15 02:10:32,288.0,150.93912997571533,49.104969863502355,False,0.0,,,C,1287.0,348.0,939.0,solexs,5.466967809894993e-06
F1715740250,2024-05-15 02:30:50,2024-05-15 02:39:36,2024-05-15 03:17:48,213.0,114.90169992609017,38.64252337926579,False,0.0,,,C,2818.0,526.0,2292.0,solexs,4.20112870225352e-06
F1715746346,2024-05-15 04:12:26,2024-05-15 04:53:23,2024-05-15 05:27:03,391.0,109.78867067891458,107.72022263547854,False,0.0,,,C,4477.0,2457.0,2020.0,solexs,7.139594582821901e-06
F1715753812,2024-05-15 06:16:52,2024-05-15 06:24:40,2024-05-15 06:40:13,289.0,92.78259951430684,91.10018262945438,False,0.0,,,C,1401.0,468.0,933.0,solexs,5.48353681840786e-06
F1715756979,2024-05-15 07:09:39,2024-05-15 07:44:58,2024-05-15 08:08:28,594.0,205.4052898321191,107.67278591071776,False,0.0,,,M,3529.0,2119.0,1410.0,solexs,1.0285549938233646e-05
F1715760914,2024-05-15 08:15:14,2024-05-15 08:36:28,2024-05-15 09:46:01,20022.0,1381.6873614190688,3955.4129168684635,False,0.0,,,X,5447.0,1274.0,4173.0,solexs,0.0002218202638058666
F1715766745,2024-05-15 09:52:25,2024-05-15 10:33:50,2024-05-15 13:40:48,2656.0,978.0702143385071,164.95910484555057,False,0.0,,,M,13703.0,2485.0,11218.0,solexs,3.802719100796337e-05
F1715781444,2024-05-15 13:57:24,2024-05-15 14:38:14,2024-05-15 17:47:56,17078.0,543.8650617675008,1636.6339756061866,False,0.0,,,X,13832.0,2450.0,11382.0,solexs,0.00019306315739893445
F1715796395,2024-05-15 18:06:35,2024-05-15 18:26:42,2024-05-15 19:42:59,440.0,174.32868757259,76.160773289598,False,0.0,,,C,5784.0,1207.0,4577.0,solexs,7.91479894998024e-06
F1715803968,2024-05-15 20:12:48,2024-05-15 20:14:33,2024-05-15 20:19:13,220.0,126.5445042762116,37.15336882746354,False,0.0,,,C,385.0,105.0,280.0,solexs,4.32141789852278e-06
F1715805349,2024-05-15 20:35:49,2024-05-15 20:39:48,2024-05-15 21:33:47,241.0,136.36279167986484,41.02380151993119,False,0.0,,,C,3478.0,239.0,3239.0,solexs,4.679441720648422e-06
F1715811468,2024-05-15 22:17:48,2024-05-15 22:19:38,2024-05-15 22:34:11,160.0,103.30809840565938,24.36915355540035,False,0.0,,,C,983.0,110.0,873.0,solexs,3.272512989195038e-06
F1715818414,2024-05-16 00:13:34,2024-05-16 00:24:43,2024-05-16 00:27:04,137.0,84.62464364903389,25.691592198339148,False,0.0,,,C,810.0,669.0,141.0,solexs,2.857843598138739e-06
F1715824143,2024-05-16 01:49:03,2024-05-16 02:16:39,2024-05-16 03:00:17,176.0,81.99820504698553,42.005762828576444,False,0.0,,,C,4274.0,1656.0,2618.0,solexs,3.5564702324096075e-06
F1715835757,2024-05-16 05:02:37,2024-05-16 05:06:42,2024-05-16 05:12:54,169.0,60.639742371449685,62.230938841085354,False,0.0,,,C,617.0,245.0,372.0,solexs,3.432660613560192e-06
F1715839782,2024-05-16 06:09:42,2024-05-16 06:33:13,2024-05-16 07:04:37,234.0,64.37889346425932,86.3978277969086,False,0.0,,,C,3295.0,1411.0,1884.0,solexs,4.560558115142674e-06
F1715845985,2024-05-16 07:53:05,2024-05-16 08:04:01,2024-05-16 08:15:08,668.0,56.92545665716398,362.20624012745543,False,0.0,,,M,1323.0,656.0,667.0,solexs,1.1395785012139072e-05
F1715851456,2024-05-16 09:24:16,2024-05-16 09:25:40,2024-05-16 09:25:46,89.0,53.449266180973495,21.74666648100906,False,0.0,,,C,90.0,84.0,6.0,solexs,1.961055546865932e-06
F1715854769,2024-05-16 10:19:29,2024-05-16 10:24:21,2024-05-16 10:26:02,92.0,50.639742371449685,25.76186198075133,False,0.0,,,C,393.0,292.0,101.0,solexs,2.018644687188779e-06
F1715863361,2024-05-16 12:42:41,2024-05-16 12:52:53,2024-05-16 12:59:39,141.0,50.92545665716398,56.4481353968633,False,0.0,,,C,1018.0,612.0,406.0,solexs,2.930557769205971e-06
F1715870756,2024-05-16 14:45:56,2024-05-16 14:51:38,2024-05-16 15:10:31,153.0,52.639742371449685,61.86142042312879,False,0.0,,,C,1475.0,342.0,1133.0,solexs,3.1471636149652157e-06
F1715875158,2024-05-16 15:59:18,2024-05-16 16:01:25,2024-05-16 16:21:55,61.0,11.782599514306831,47.26575104205279,False,0.0,,,C,1357.0,127.0,1230.0,solexs,1.4101246304740755e-06
F1715905731,2024-05-17 00:28:51,2024-05-17 00:29:52,2024-05-17 00:52:32,110.0,11.782599514306831,127.96254679448087,False,0.0,,,C,1421.0,61.0,1360.0,solexs,2.3594601419053937e-06
F1715907918,2024-05-17 01:05:18,2024-05-17 01:07:23,2024-05-17 01:09:19,105.0,52.449266180973495,32.45070037918876,False,0.0,,,C,241.0,125.0,116.0,solexs,2.2655524468217783e-06
F1715908938,2024-05-17 01:22:18,2024-05-17 01:46:08,2024-05-17 02:09:47,500.0,68.30640903811636,220.58384356997584,False,0.0,,,C,2849.0,1430.0,1419.0,solexs,8.849305266929879e-06
F1715912848,2024-05-17 02:27:28,2024-05-17 02:36:37,2024-05-17 03:05:08,170.0,60.85534790412839,59.11650190909782,False,0.0,,,C,2260.0,549.0,1711.0,solexs,3.4503869697215498e-06
F1715922377,2024-05-17 05:06:17,2024-05-17 05:07:46,2024-05-17 05:51:50,128.0,37.97307570478302,65.3355457786203,False,0.0,,,C,2733.0,89.0,2644.0,solexs,2.693235253925439e-06
F1715928434,2024-05-17 06:47:14,2024-05-17 06:48:16,2024-05-17 06:50:15,75.0,41.639742371449685,23.120135593892865,False,0.0,,,C,181.0,62.0,119.0,solexs,1.6888743435205183e-06
F1715930383,2024-05-17 07:19:43,2024-05-17 07:23:00,2024-05-17 07:34:41,90.0,41.068313800021116,34.14693625905549,False,0.0,,,C,898.0,197.0,701.0,solexs,1.9802789127274667e-06
F1715933016,2024-05-17 08:03:36,2024-05-17 08:04:03,2024-05-17 08:08:28,76.0,41.495618202935276,23.878757591484057,False,0.0,,,C,292.0,27.0,265.0,solexs,1.7085173645996588e-06
F1715939095,2024-05-17 09:44:55,2024-05-17 09:48:04,2024-05-17 09:48:14,72.0,41.30640903811636,21.357675235837505,False,0.0,,,C,199.0,189.0,10.0,solexs,1.6297435634242153e-06
F1715947501,2024-05-17 12:05:01,2024-05-17 12:47:50,2024-05-17 13:12:05,222.0,55.635730123535,88.13311171230131,False,0.0,,,C,4024.0,2569.0,1455.0,solexs,4.355696401511405e-06
F1715952259,2024-05-17 13:24:19,2024-05-17 13:27:10,2024-05-17 13:36:50,130.0,52.877837609544926,47.43046173052796,False,0.0,,,C,751.0,171.0,580.0,solexs,2.729938457433488e-06
F1715953829,2024-05-17 13:50:29,2024-05-17 13:55:02,2024-05-17 14:01:12,101.0,43.70573329109914,38.658086918943994,False,0.0,,,C,643.0,273.0,370.0,solexs,2.1900176390466558e-06
F1715959656,2024-05-17 15:27:36,2024-05-17 15:27:46,2024-05-17 15:28:46,66.0,39.73498046668779,18.634005701155164,False,0.0,,,C,70.0,10.0,60.0,solexs,1.5105254568059737e-06
F1715961844,2024-05-17 16:04:04,2024-05-17 16:03:52,2024-05-17 16:07:02,74.0,44.013303769401325,20.106072877838653,False,0.0,,,C,178.0,-12.0,190.0,solexs,1.6691980436117363e-06
F1715970382,2024-05-17 18:26:22,2024-05-17 18:45:28,2024-05-17 19:01:59,92.0,48.072853975293,26.960019332867738,False,0.0,,,C,2137.0,1146.0,991.0,solexs,2.018644687188779e-06
F1715975693,2024-05-17 19:54:53,2024-05-17 19:56:40,2024-05-17 20:01:05,106.0,40.30640903811636,46.27548145899806,False,0.0,,,C,372.0,107.0,265.0,solexs,2.2843785844489447e-06
F1715976846,2024-05-17 20:14:06,2024-05-17 20:14:56,2024-05-17 20:17:35,100.0,37.92545665716398,45.07784249230805,False,0.0,,,C,209.0,50.0,159.0,solexs,2.1710750989871012e-06
F1715978276,2024-05-17 20:37:56,2024-05-17 21:08:18,2024-05-18 00:07:48,5319.0,189.59729701193115,1942.3176163680646,False,0.0,,,M,12592.0,1822.0,10770.0,solexs,6.972799610314271e-05
F1715998694,2024-05-18 02:18:14,2024-05-18 02:21:23,2024-05-18 02:22:41,88.0,57.17638053003907,18.287951218558167,False,0.0,,,C,267.0,189.0,78.0,solexs,1.9418047400858765e-06
F1716002622,2024-05-18 03:23:42,2024-05-18 03:31:36,2024-05-18 03:46:09,148.0,53.40164713335445,57.892358931978954,False,0.0,,,C,1347.0,474.0,873.0,solexs,3.0571833673858236e-06
F1716005843,2024-05-18 04:17:23,2024-05-18 04:19:47,2024-05-18 04:41:46,129.0,51.566518847006655,44.34522943285407,False,0.0,,,C,1463.0,144.0,1319.0,solexs,2.711595885904496e-06
F1716008802,2024-05-18 05:06:42,2024-05-18 05:11:00,2024-05-18 05:18:38,103.0,46.8901911097033,36.579001827283,False,0.0,,,C,716.0,258.0,458.0,solexs,2.227831596015032e-06
F1716010444,2024-05-18 05:34:04,2024-05-18 05:37:43,2024-05-18 05:51:14,406.0,37.40164713335445,266.3314737867639,False,0.0,,,C,1030.0,219.0,811.0,solexs,7.37814614548504e-06
F1716016770,2024-05-18 07:19:30,2024-05-18 07:21:10,2024-05-18 07:24:44,63.0,34.068313800021116,22.16733193102146,False,0.0,,,C,314.0,100.0,214.0,solexs,1.4504057872703728e-06
F1716023718,2024-05-18 09:15:18,2024-05-18 09:18:28,2024-05-18 09:20:35,67.0,31.354028085735404,28.4694309751458,False,0.0,,,C,317.0,190.0,127.0,solexs,1.5304875778415327e-06
F1716029539,2024-05-18 10:52:19,2024-05-18 10:52:53,2024-05-18 10:54:52,61.0,31.40164713335445,23.62143768414657,False,0.0,,,C,153.0,34.0,119.0,solexs,1.4101246304740755e-06
F1716036885,2024-05-18 12:54:45,2024-05-18 13:01:26,2024-05-18 13:02:40,58.0,30.164554957237883,22.37046670105649,False,0.0,,,C,475.0,401.0,74.0,solexs,1.349385815476341e-06
F1716059587,2024-05-18 19:13:07,2024-05-18 19:37:41,2024-05-18 19:43:05,211.0,33.67616935909619,126.27378762423236,False,0.0,,,C,1798.0,1474.0,324.0,solexs,4.166668790248825e-06
F1716063266,2024-05-18 20:14:26,2024-05-18 20:16:24,2024-05-18 20:23:58,215.0,32.17125963467427,143.83904840452,False,0.0,,,C,572.0,118.0,454.0,solexs,4.235547560565293e-06
F1716068202,2024-05-18 21:36:42,2024-05-18 21:36:50,2024-05-18 21:37:45,54.0,29.16355189525921,20.56763120439988,False,0.0,,,C,63.0,8.0,55.0,solexs,1.2677737827074654e-06
F1716122052,2024-05-19 12:34:12,2024-05-19 12:35:01,2024-05-19 12:44:38,90.0,33.5445042762116,43.54525076789819,False,0.0,,,C,626.0,49.0,577.0,solexs,1.9802789127274667e-06
F1716124655,2024-05-19 13:17:35,2024-05-19 13:19:26,2024-05-19 13:21:39,83.0,31.63974237144969,40.83435706952533,False,0.0,,,C,244.0,111.0,133.0,solexs,1.845126475599689e-06
F1716126068,2024-05-19 13:41:08,2024-05-19 13:44:05,2024-05-19 14:00:01,1336.0,31.63974237144969,1037.0413811494282,False,0.0,,,M,1133.0,177.0,956.0,solexs,2.0871702151071986e-05
F1716131746,2024-05-19 15:15:46,2024-05-19 15:37:37,2024-05-19 15:39:14,87.0,36.84795692112765,31.700466429116055,False,0.0,,,C,1408.0,1311.0,97.0,solexs,1.9225261407027262e-06
F1716134139,2024-05-19 15:55:39,2024-05-19 16:00:29,2024-05-19 16:03:19,98.0,59.639742371449685,22.214095454155316,False,0.0,,,C,460.0,290.0,170.0,solexs,2.1331175538364294e-06
F1716135040,2024-05-19 16:10:40,2024-05-19 16:18:28,2024-05-19 16:18:31,116.0,60.88385598141696,30.5710489047201,False,0.0,,,C,471.0,468.0,3.0,solexs,2.4714382376907434e-06
F1716140879,2024-05-19 17:47:59,2024-05-19 17:56:01,2024-05-19 18:10:55,2025.0,54.30186886284447,1170.468221722991,False,0.0,,,M,1376.0,482.0,894.0,solexs,3.0008655691505067e-05
F1716147096,2024-05-19 19:31:36,2024-05-19 19:55:57,2024-05-19 20:11:09,132.0,61.69728645338401,37.96274875551199,False,0.0,,,C,2373.0,1461.0,912.0,solexs,2.7665700425624657e-06
F1716151084,2024-05-19 20:38:04,2024-05-19 20:39:26,2024-05-19 20:45:59,91.0,54.618783655369015,21.739004870540906,False,0.0,,,C,475.0,82.0,393.0,solexs,1.9994751810491056e-06
F1716154741,2024-05-19 21:39:01,2024-05-19 21:59:45,2024-05-19 22:14:58,1073.0,49.22494984690107,621.1487965768392,False,0.0,,,M,2157.0,1244.0,913.0,solexs,1.7236053067261796e-05
F1716158064,2024-05-19 22:34:24,2024-05-19 22:42:29,2024-05-19 22:57:54,109.0,46.84225530566994,39.340390001501795,False,0.0,,,C,1410.0,485.0,925.0,solexs,2.340722736352315e-06
F1716183412,2024-05-20 05:36:52,2024-05-20 05:55:39,2024-05-20 06:34:31,349.0,62.11133987963257,207.9775389877456,False,0.0,,,C,3459.0,1127.0,2332.0,solexs,6.465282013274661e-06
F1716190666,2024-05-20 07:37:46,2024-05-20 07:38:29,2024-05-20 07:39:46,78.0,44.687361419068736,22.285976832125257,False,0.0,,,C,120.0,43.0,77.0,solexs,1.747705529001579e-06
F1716198955,2024-05-20 09:55:55,2024-05-20 10:10:04,2024-05-20 10:13:19,65.0,32.49688522859255,25.42760556705006,False,0.0,,,C,1044.0,849.0,195.0,solexs,1.4905248997952339e-06
F1716201253,2024-05-20 10:34:13,2024-05-20 10:35:42,2024-05-20 10:39:14,114.0,37.47392038855454,55.65122731736122,False,0.0,,,C,301.0,89.0,212.0,solexs,2.434195807911221e-06
F1716209348,2024-05-20 12:49:08,2024-05-20 12:51:19,2024-05-20 12:54:05,78.0,25.83021856192588,45.90605520632531,False,0.0,,,C,297.0,131.0,166.0,solexs,1.747705529001579e-06
F1716210670,2024-05-20 13:11:10,2024-05-20 13:11:54,2024-05-20 13:13:13,61.0,27.21117094287826,28.96773402275634,False,0.0,,,C,123.0,44.0,79.0,solexs,1.4101246304740755e-06
F1716214935,2024-05-20 14:22:15,2024-05-20 14:24:11,2024-05-20 14:30:12,63.0,32.27029880688417,24.29612648011913,False,0.0,,,C,477.0,116.0,361.0,solexs,1.4504057872703728e-06
F1716225275,2024-05-20 17:14:35,2024-05-20 17:16:01,2024-05-20 17:18:37,58.0,30.38200823566677,22.42688446302891,False,0.0,,,C,242.0,86.0,156.0,solexs,1.349385815476341e-06
F1716230158,2024-05-20 18:35:58,2024-05-20 19:36:13,2024-05-20 21:05:14,204.0,80.12839193326997,55.60000097419122,False,0.0,,,C,8956.0,3615.0,5341.0,solexs,4.045729383659263e-06
F1716245279,2024-05-20 22:47:59,2024-05-20 22:51:22,2024-05-20 22:50:54,86.0,53.4087741526766,19.842188177538624,False,0.0,,,C,175.0,203.0,-28.0,solexs,1.9032193884271946e-06
F1716270876,2024-05-21 05:54:36,2024-05-21 06:14:23,2024-05-21 06:45:54,198.0,36.61028402491817,112.49892159081452,False,0.0,,,C,3078.0,1187.0,1891.0,solexs,3.9416475005955315e-06
F1716275226,2024-05-21 07:07:06,2024-05-21 07:14:25,2024-05-21 07:18:26,76.0,36.5445042762116,29.188478993767003,False,0.0,,,C,680.0,439.0,241.0,solexs,1.7085173645996588e-06
F1716276318,2024-05-21 07:25:18,2024-05-21 07:32:26,2024-05-21 07:46:26,236.0,35.88375039594552,144.30156803441946,False,0.0,,,C,1268.0,428.0,840.0,solexs,4.594570360398278e-06
F1716286624,2024-05-21 10:17:04,2024-05-21 10:25:33,2024-05-21 10:35:00,84.0,34.95987752085313,37.12138779195441,False,0.0,,,C,1076.0,509.0,567.0,solexs,1.864519939124312e-06
F1716293221,2024-05-21 12:07:01,2024-05-21 12:08:07,2024-05-21 12:19:50,73.0,33.32013514940344,30.369614612604327,False,0.0,,,C,769.0,66.0,703.0,solexs,1.6494879576016124e-06
F1716296951,2024-05-21 13:09:11,2024-05-21 13:14:55,2024-05-21 13:12:58,58.0,32.97460669411889,19.02969484678657,False,0.0,,,C,227.0,344.0,-117.0,solexs,1.349385815476341e-06
F1716298332,2024-05-21 13:32:12,2024-05-21 13:36:25,2024-05-21 13:44:30,425.0,36.068313800021116,289.61790294870565,False,0.0,,,C,738.0,253.0,485.0,solexs,7.678714393871049e-06
F1716299404,2024-05-21 13:50:04,2024-05-21 13:50:38,2024-05-21 13:52:26,93.0,36.492239467849224,41.89845765730645,False,0.0,,,C,142.0,34.0,108.0,solexs,2.0377877587561498e-06
F1716300283,2024-05-21 14:04:43,2024-05-21 14:10:17,2024-05-21 15:02:13,362.0,46.98321191004118,230.2115139364966,False,0.0,,,C,3450.0,334.0,3116.0,solexs,6.675045330570769e-06
F1716307152,2024-05-21 15:59:12,2024-05-21 16:04:38,2024-05-21 16:26:24,424.0,43.53098933586739,259.2718416674028,False,0.0,,,C,1632.0,326.0,1306.0,solexs,7.662938186763748e-06
F1716312709,2024-05-21 17:31:49,2024-05-21 17:32:19,2024-05-21 17:36:49,71.0,37.687361419068736,24.267562936163078,False,0.0,,,C,300.0,30.0,270.0,solexs,1.6099643235762207e-06
F1716319492,2024-05-21 19:24:52,2024-05-21 19:32:00,2024-05-21 20:08:50,1352.0,51.06155632984901,988.6803765515028,False,0.0,,,M,2638.0,428.0,2210.0,solexs,2.1089764504624338e-05
F1716325106,2024-05-21 20:58:26,2024-05-21 21:04:16,2024-05-21 21:27:29,105.0,47.61355717453278,34.374575295065306,False,0.0,,,C,1743.0,350.0,1393.0,solexs,2.2655524468217783e-06
F1716330194,2024-05-21 22:23:14,2024-05-21 22:39:03,2024-05-21 23:01:28,176.0,54.49033892936332,77.29264502149773,False,0.0,,,C,2294.0,949.0,1345.0,solexs,3.5564702324096075e-06
F1716333893,2024-05-21 23:24:53,2024-05-21 23:28:09,2024-05-21 23:36:36,78.0,45.55664660542709,21.37471157198611,False,0.0,,,C,703.0,196.0,507.0,solexs,1.747705529001579e-06
F1716335704,2024-05-21 23:55:04,2024-05-21 23:56:40,2024-05-21 23:59:09,84.0,40.27283285819871,30.774266765979995,False,0.0,,,C,245.0,96.0,149.0,solexs,1.864519939124312e-06
F1716338765,2024-05-22 00:46:05,2024-05-22 00:50:45,2024-05-22 00:57:19,83.0,37.94002745222257,32.722050551353036,False,0.0,,,C,674.0,280.0,394.0,solexs,1.845126475599689e-06
F1716343059,2024-05-22 01:57:39,2024-05-22 01:57:52,2024-05-22 01:58:45,64.0,38.877837609544926,18.01859673652596,False,0.0,,,C,66.0,13.0,53.0,solexs,1.4704852397135108e-06
F1716347265,2024-05-22 03:07:45,2024-05-22 03:13:18,2024-05-22 03:33:54,1045.0,39.30640903811636,717.3795555969635,False,0.0,,,M,1569.0,333.0,1236.0,solexs,1.6842720285221342e-05
F1716349361,2024-05-22 03:42:41,2024-05-22 04:03:11,2024-05-22 05:06:30,1437.0,143.2137577869285,424.61346549290084,False,0.0,,,M,5029.0,1230.0,3799.0,solexs,2.2242833292018004e-05
F1716354986,2024-05-22 05:16:26,2024-05-22 05:16:04,2024-05-22 05:24:07,100.0,55.90386442825468,25.779489282393406,False,0.0,,,C,461.0,-22.0,483.0,solexs,2.1710750989871012e-06
F1716358669,2024-05-22 06:17:49,2024-05-22 06:18:05,2024-05-22 06:21:12,83.0,49.49688522859255,21.29664775801811,False,0.0,,,C,203.0,16.0,187.0,solexs,1.845126475599689e-06
F1716360896,2024-05-22 06:54:56,2024-05-22 07:02:39,2024-05-22 07:23:21,145.0,53.243849646288666,58.31349711988064,False,0.0,,,C,1705.0,463.0,1242.0,solexs,3.0030104956661693e-06
F1716372309,2024-05-22 10:05:09,2024-05-22 10:18:24,2024-05-22 10:25:40,97.0,50.23677541970225,29.043871655837574,False,0.0,,,C,1231.0,795.0,436.0,solexs,2.114101994572128e-06
F1716375313,2024-05-22 10:55:13,2024-05-22 10:59:12,2024-05-22 11:11:43,127.0,64.2865589694858,34.41366791809504,False,0.0,,,C,990.0,239.0,751.0,solexs,2.6748564024043477e-06
F1716377636,2024-05-22 11:33:56,2024-05-22 11:44:47,2024-05-22 12:00:29,139.0,61.02069475240207,44.64324814309219,False,0.0,,,C,1593.0,651.0,942.0,solexs,2.89423389068372e-06
F1716380180,2024-05-22 12:16:20,2024-05-22 12:17:09,2024-05-22 12:21:17,89.0,54.11593284764017,21.207014683307595,False,0.0,,,C,297.0,49.0,248.0,solexs,1.961055546865932e-06
F1716382488,2024-05-22 12:54:48,2024-05-22 13:00:54,2024-05-22 13:08:43,98.0,59.65922289093021,22.330997466727172,False,0.0,,,C,835.0,366.0,469.0,solexs,2.1331175538364294e-06
F1716385481,2024-05-22 13:44:41,2024-05-22 14:04:30,2024-05-22 14:21:37,821.0,83.76243268926197,351.23714438171015,False,0.0,,,M,2216.0,1189.0,1027.0,solexs,1.3643954634706512e-05
F1716388374,2024-05-22 14:32:54,2024-05-22 14:49:23,2024-05-22 15:41:54,236.0,75.9112026185197,67.9736011624835,False,0.0,,,C,4140.0,989.0,3151.0,solexs,4.594570360398278e-06
F1716394103,2024-05-22 16:08:23,2024-05-22 16:10:47,2024-05-22 16:18:29,130.0,49.30640903811636,51.39280870163708,False,0.0,,,C,606.0,144.0,462.0,solexs,2.729938457433488e-06
F1716395185,2024-05-22 16:26:25,2024-05-22 16:29:06,2024-05-22 16:38:39,96.0,51.42191954387077,27.883740963711453,False,0.0,,,C,734.0,161.0,573.0,solexs,2.0950615312854577e-06
F1716397084,2024-05-22 16:58:04,2024-05-22 16:59:22,2024-05-22 17:00:34,83.0,47.83021856192588,22.742252891979632,False,0.0,,,C,150.0,78.0,72.0,solexs,1.845126475599689e-06
F1716398231,2024-05-22 17:17:11,2024-05-22 17:38:52,2024-05-22 18:04:50,157.0,59.30640903811636,54.39448014599738,False,0.0,,,C,2859.0,1301.0,1558.0,solexs,3.2188788887340445e-06
F1716403289,2024-05-22 18:41:29,2024-05-22 18:57:11,2024-05-22 19:17:32,417.0,56.299387604265654,219.09426907403582,False,0.0,,,C,2163.0,942.0,1221.0,solexs,7.5523717458392676e-06
F1716406726,2024-05-22 19:38:46,2024-05-22 19:46:28,2024-05-22 19:52:32,188.0,97.71945940238624,40.77837466322556,False,0.0,,,C,826.0,462.0,364.0,solexs,3.76727908933918e-06
F1716408659,2024-05-22 20:10:59,2024-05-22 21:00:02,2024-05-22 21:39:50,419.0,110.31242740998837,79.75106418009133,False,0.0,,,C,5331.0,2943.0,2388.0,solexs,7.583986033279656e-06
F1716414569,2024-05-22 21:49:29,2024-05-22 21:53:40,2024-05-22 22:28:05,259.0,108.72737831274415,58.97638975234899,False,0.0,,,C,2316.0,251.0,2065.0,solexs,4.983166046274532e-06
F1716420429,2024-05-22 23:27:09,2024-05-22 23:29:35,2024-05-22 23:33:13,133.0,87.42403125329955,21.77670688407879,False,0.0,,,C,364.0,146.0,218.0,solexs,2.7848593615840564e-06
F1716425345,2024-05-23 00:49:05,2024-05-23 01:24:35,2024-05-23 01:35:30,176.0,77.4492661809735,50.08021753193738,False,0.0,,,C,2785.0,2130.0,655.0,solexs,3.5564702324096075e-06
F1716428886,2024-05-23 01:48:06,2024-05-23 02:15:44,2024-05-23 03:43:12,3145.0,203.7175588639003,899.5331819189415,False,0.0,,,M,6906.0,1658.0,5248.0,solexs,4.407268272026085e-05
F1716436740,2024-05-23 03:59:00,2024-05-23 04:28:05,2024-05-23 06:11:43,1099.0,86.82689261957553,268.25122349665185,False,0.0,,,M,7963.0,1745.0,6218.0,solexs,1.7600124881491064e-05
F1716445157,2024-05-23 06:19:17,2024-05-23 06:22:24,2024-05-23 06:24:58,116.0,80.49688522859253,17.696684825046948,False,0.0,,,C,341.0,187.0,154.0,solexs,2.4714382376907434e-06
F1716446326,2024-05-23 06:38:46,2024-05-23 06:42:11,2024-05-23 07:53:05,603.0,80.49688522859253,260.4439920764835,False,0.0,,,M,4459.0,205.0,4254.0,solexs,1.0421477069987162e-05
F1716451397,2024-05-23 08:03:17,2024-05-23 08:09:16,2024-05-23 08:21:38,269.0,46.28735086052159,144.24109404246312,False,0.0,,,C,1101.0,359.0,742.0,solexs,5.1507348529722425e-06
F1716455021,2024-05-23 09:03:41,2024-05-23 10:08:02,2024-05-23 10:55:47,584.0,104.72368282124381,153.22699310072255,False,0.0,,,M,6726.0,3861.0,2865.0,solexs,1.0134212640075723e-05
F1716462500,2024-05-23 11:08:20,2024-05-23 11:10:43,2024-05-23 11:32:18,330.0,62.05015309893359,139.02819896076397,False,0.0,,,C,1438.0,143.0,1295.0,solexs,6.156903962917318e-06
F1716465676,2024-05-23 12:01:16,2024-05-23 12:35:50,2024-05-23 12:45:56,299.0,84.80213282652306,92.76210522901563,False,0.0,,,C,2680.0,2074.0,606.0,solexs,5.648831274047556e-06
F1716468662,2024-05-23 12:51:02,2024-05-23 13:19:24,2024-05-23 14:39:20,1752.0,162.92545665716398,400.95193736692784,False,0.0,,,M,6498.0,1702.0,4796.0,solexs,2.6444767112845166e-05
F1716475687,2024-05-23 14:48:07,2024-05-23 14:50:10,2024-05-23 15:08:30,195.0,106.6397423714497,36.99737992387508,False,0.0,,,C,1223.0,123.0,1100.0,solexs,3.889456956439725e-06
F1716477389,2024-05-23 15:16:29,2024-05-23 15:57:43,2024-05-23 16:10:09,673.0,106.6397423714497,255.70428145491678,False,0.0,,,M,3220.0,2474.0,746.0,solexs,1.1470218792089576e-05
F1716480920,2024-05-23 16:15:20,2024-05-23 16:29:35,2024-05-23 17:27:57,261.0,98.11593284764015,73.54003532317942,False,0.0,,,C,4357.0,855.0,3502.0,solexs,5.016744552822094e-06
F1716485971,2024-05-23 17:39:31,2024-05-23 17:42:28,2024-05-23 18:12:40,133.0,63.3540280857354,34.36516776096444,False,0.0,,,C,1989.0,177.0,1812.0,solexs,2.7848593615840564e-06
F1716488582,2024-05-23 18:23:02,2024-05-23 18:28:08,2024-05-23 18:29:28,109.0,63.3540280857354,25.64663199559151,False,0.0,,,C,386.0,306.0,80.0,solexs,2.340722736352315e-06
F1716489328,2024-05-23 18:35:28,2024-05-23 18:40:21,2024-05-23 18:52:04,98.0,55.88491183613135,25.078874258063692,False,0.0,,,C,996.0,293.0,703.0,solexs,2.1331175538364294e-06
F1716491859,2024-05-23 19:17:39,2024-05-23 19:19:15,2024-05-23 19:20:48,86.0,45.639742371449685,26.71759335108644,False,0.0,,,C,189.0,96.0,93.0,solexs,1.9032193884271946e-06
F1716493409,2024-05-23 19:43:29,2024-05-23 19:46:13,2024-05-23 19:57:29,340.0,45.639742371449685,194.85994699095613,False,0.0,,,C,840.0,164.0,676.0,solexs,6.319481199518527e-06
F1716496170,2024-05-23 20:29:30,2024-05-23 20:34:11,2024-05-23 20:48:08,382.0,43.480413895048045,227.44418485220822,False,0.0,,,C,1118.0,281.0,837.0,solexs,6.995907732204534e-06
F1716499094,2024-05-23 21:18:14,2024-05-23 21:39:04,2024-05-23 21:48:09,187.0,48.59185936015204,84.56593743631909,False,0.0,,,C,1795.0,1250.0,545.0,solexs,3.7497784084050686e-06
F1716501538,2024-05-23 21:58:58,2024-05-23 22:05:32,2024-05-23 22:32:44,162.0,51.78492239467849,65.54820573125896,False,0.0,,,C,2026.0,394.0,1632.0,solexs,3.3081980442063483e-06
F1716504984,2024-05-23 22:56:24,2024-05-23 22:58:45,2024-05-24 00:21:26,342.0,64.87783760954493,181.1759739259942,False,0.0,,,C,5102.0,141.0,4961.0,solexs,6.351923285358988e-06
F1716510675,2024-05-24 00:31:15,2024-05-24 00:38:48,2024-05-24 00:45:34,131.0,64.87783760954493,36.71249179888192,False,0.0,,,C,859.0,453.0,406.0,solexs,2.748263125002618e-06
F1716512627,2024-05-24 01:03:47,2024-05-24 01:15:09,2024-05-24 01:51:20,200.0,71.92640692640693,67.26899163306571,False,0.0,,,C,2853.0,682.0,2171.0,solexs,3.976385371029576e-06
F1716518276,2024-05-24 02:37:56,2024-05-24 02:48:18,2024-05-24 03:38:43,220.0,57.56873614190688,97.04663951235145,False,0.0,,,C,3647.0,622.0,3025.0,solexs,4.32141789852278e-06
F1716523761,2024-05-24 04:09:21,2024-05-24 04:11:33,2024-05-24 04:26:41,88.0,49.83021856192588,24.181780513916273,False,0.0,,,C,1040.0,132.0,908.0,solexs,1.9418047400858765e-06
F1716525906,2024-05-24 04:45:06,2024-05-24 04:48:56,2024-05-24 04:57:29,116.0,52.49688522859255,39.19613611964002,False,0.0,,,C,743.0,230.0,513.0,solexs,2.4714382376907434e-06
F1716527987,2024-05-24 05:19:47,2024-05-24 05:42:34,2024-05-24 05:47:19,141.0,53.83021856192588,45.68341069161837,False,0.0,,,C,1652.0,1367.0,285.0,solexs,2.930557769205971e-06
F1716530546,2024-05-24 06:02:26,2024-05-24 06:07:40,2024-05-24 06:14:23,162.0,88.21117094287825,35.13531269078334,False,0.0,,,C,717.0,314.0,403.0,solexs,3.3081980442063483e-06
F1716531991,2024-05-24 06:26:31,2024-05-24 07:03:51,2024-05-24 07:46:05,838.0,102.46077499736037,209.54506918672118,False,0.0,,,M,4774.0,2240.0,2534.0,solexs,1.3890284647866561e-05
F1716537289,2024-05-24 07:54:49,2024-05-24 08:26:08,2024-05-24 09:54:55,794.0,97.36015204307887,184.1172745034607,False,0.0,,,M,7206.0,1879.0,5327.0,solexs,1.325138563582758e-05
F1716547490,2024-05-24 10:44:50,2024-05-24 10:51:28,2024-05-24 11:14:54,298.0,48.7479674796748,146.11998771052487,False,0.0,,,C,1804.0,398.0,1406.0,solexs,5.632333786210034e-06
F1716550510,2024-05-24 11:35:10,2024-05-24 11:40:30,2024-05-24 11:53:13,91.0,45.95454545454545,29.772530405400097,False,0.0,,,C,1083.0,320.0,763.0,solexs,1.9994751810491056e-06
F1716553712,2024-05-24 12:28:32,2024-05-24 12:32:22,2024-05-24 12:40:24,91.0,57.763805300390665,19.365699380920493,False,0.0,,,C,712.0,230.0,482.0,solexs,1.9994751810491056e-06
F1716557408,2024-05-24 13:30:08,2024-05-24 13:31:36,2024-05-24 13:37:49,81.0,41.639742371449685,27.278262911553256,False,0.0,,,C,461.0,88.0,373.0,solexs,1.8062500804429226e-06
F1716558782,2024-05-24 13:53:02,2024-05-24 13:57:04,2024-05-24 14:13:46,145.0,41.639742371449685,71.63323491083088,False,0.0,,,C,1244.0,242.0,1002.0,solexs,3.0030104956661693e-06
F1716560463,2024-05-24 14:21:03,2024-05-24 14:22:34,2024-05-24 14:29:38,100.0,37.144071375778694,45.92672966876158,False,0.0,,,C,515.0,91.0,424.0,solexs,2.1710750989871012e-06
F1716564592,2024-05-24 15:29:52,2024-05-24 15:33:10,2024-05-24 15:35:08,55.0,30.4492661809735,19.897158528184665,False,0.0,,,C,316.0,198.0,118.0,solexs,1.2882466569926608e-06
F1716574702,2024-05-24 18:18:22,2024-05-24 18:20:04,2024-05-24 18:22:01,104.0,29.78259951430683,60.819022513360316,False,0.0,,,C,219.0,102.0,117.0,solexs,2.2467035329981116e-06
F1716581493,2024-05-24 20:11:33,2024-05-24 20:24:34,2024-05-24 20:50:34,901.0,35.796061661915324,692.3851354976629,False,0.0,,,M,2341.0,781.0,1560.0,solexs,1.4797739218825138e-05
F1716584887,2024-05-24 21:08:07,2024-05-24 21:09:05,2024-05-24 21:34:21,166.0,107.19607222046247,24.064243094016188,False,0.0,,,C,1574.0,58.0,1516.0,solexs,3.379401260093193e-06
F1716588107,2024-05-24 22:01:47,2024-05-24 22:05:07,2024-05-24 22:08:48,159.0,102.83021856192588,24.771787873440548,False,0.0,,,C,421.0,200.0,221.0,solexs,3.254649258569725e-06
F1716589399,2024-05-24 22:23:19,2024-05-24 22:29:42,2024-05-24 22:40:45,136.0,81.8397212543554,26.599350429589858,False,0.0,,,C,1046.0,383.0,663.0,solexs,2.8396232061480173e-06
F1716597643,2024-05-25 00:40:43,2024-05-25 00:39:36,2024-05-25 00:48:49,111.0,76.5483053531834,17.439216032275585,False,0.0,,,C,486.0,-67.0,553.0,solexs,2.378175934597758e-06
F1716599312,2024-05-25 01:08:32,2024-05-25 01:09:03,2024-05-25 01:20:17,96.0,57.73033470594446,19.73340625912321,False,0.0,,,C,705.0,31.0,674.0,solexs,2.0950615312854577e-06
F1716600538,2024-05-25 01:28:58,2024-05-25 01:29:37,2024-05-25 01:33:02,117.0,56.16524126280223,36.0950239790102,False,0.0,,,C,244.0,39.0,205.0,solexs,2.4900288169770968e-06
F1716601583,2024-05-25 01:46:23,2024-05-25 01:50:01,2024-05-25 01:48:31,70.0,48.041917432161334,14.254203837641171,False,0.0,,,C,128.0,218.0,-90.0,solexs,1.5901496844363245e-06
F1716611192,2024-05-25 04:26:32,2024-05-25 05:04:36,2024-05-25 05:36:25,207.0,60.57639108858622,71.44237663465174,False,0.0,,,C,4193.0,2284.0,1909.0,solexs,4.097624040971404e-06
F1716624922,2024-05-25 08:15:22,2024-05-25 08:19:29,2024-05-25 08:35:33,79.0,35.723893992186674,32.4148813790891,False,0.0,,,C,1211.0,247.0,964.0,solexs,1.767251618210135e-06
F1716632527,2024-05-25 10:22:07,2024-05-25 10:32:47,2024-05-25 10:34:33,76.0,35.46763805300391,28.801317377107896,False,0.0,,,C,746.0,640.0,106.0,solexs,1.7085173645996588e-06
F1716648283,2024-05-25 14:44:43,2024-05-25 14:45:03,2024-05-25 14:46:24,55.0,29.531147714074542,20.9106897277852,False,0.0,,,C,101.0,20.0,81.0,solexs,1.2882466569926608e-06
F1716649032,2024-05-25 14:57:12,2024-05-25 15:00:02,2024-05-25 15:00:52,59.0,28.21476084890719,25.930712901005784,False,0.0,,,C,220.0,170.0,50.0,solexs,1.3696754273924648e-06
F1716657760,2024-05-25 17:22:40,2024-05-25 17:26:01,2024-05-25 17:37:58,337.0,26.698764649984163,272.19143011074016,False,0.0,,,C,918.0,201.0,717.0,solexs,6.270772577451838e-06
F1716674636,2024-05-25 22:03:56,2024-05-25 22:13:08,2024-05-25 22:18:29,80.0,41.312532995459826,26.74021545901646,False,0.0,,,C,873.0,552.0,321.0,solexs,1.7867663214226088e-06
F1716677359,2024-05-25 22:49:19,2024-05-25 22:53:25,2024-05-25 22:58:13,75.0,38.98268398268398,25.780673042782517,False,0.0,,,C,534.0,246.0,288.0,solexs,1.6888743435205183e-06
F1716684159,2024-05-26 00:42:39,2024-05-26 00:48:06,2024-05-26 01:10:14,181.0,41.635730123535,96.25594029838376,False,0.0,,,C,1655.0,327.0,1328.0,solexs,3.644522185247857e-06
F1716690838,2024-05-26 02:33:58,2024-05-26 02:39:20,2024-05-26 03:02:09,103.0,32.38169147925245,55.769178399613075,False,0.0,,,C,1691.0,322.0,1369.0,solexs,2.227831596015032e-06
F1716701317,2024-05-26 05:28:37,2024-05-26 05:28:36,2024-05-26 05:29:41,54.0,31.77520853130609,17.65067731988626,False,0.0,,,C,64.0,-1.0,65.0,solexs,1.2677737827074654e-06
F1716715390,2024-05-26 09:23:10,2024-05-26 09:36:29,2024-05-26 10:04:37,278.0,40.6122373561398,184.48235267879556,False,0.0,,,C,2487.0,799.0,1688.0,solexs,5.300871125380234e-06
F1716719948,2024-05-26 10:39:08,2024-05-26 10:43:05,2024-05-26 10:41:05,59.0,33.128497518741426,20.287780360185863,False,0.0,,,C,117.0,237.0,-120.0,solexs,1.3696754273924648e-06
F1716723875,2024-05-26 11:44:35,2024-05-26 11:51:23,2024-05-26 11:59:39,72.0,35.211170942878255,27.70766076978363,False,0.0,,,C,904.0,408.0,496.0,solexs,1.6297435634242153e-06
F1716726538,2024-05-26 12:28:58,2024-05-26 12:38:10,2024-05-26 12:47:00,90.0,33.639742371449685,43.457189608930946,False,0.0,,,C,1082.0,552.0,530.0,solexs,1.9802789127274667e-06
F1716728296,2024-05-26 12:58:16,2024-05-26 13:03:01,2024-05-26 13:15:11,97.0,44.59212332383064,35.09800940954175,False,0.0,,,C,1015.0,285.0,730.0,solexs,2.114101994572128e-06
F1716730779,2024-05-26 13:39:39,2024-05-26 13:41:56,2024-05-26 13:44:46,96.0,59.922817020378,20.874771946364405,False,0.0,,,C,307.0,137.0,170.0,solexs,2.0950615312854577e-06
F1716732200,2024-05-26 14:03:20,2024-05-26 14:12:47,2024-05-26 14:28:31,281.0,66.97888290571217,120.66026262767559,False,0.0,,,C,1511.0,567.0,944.0,solexs,5.350778578974408e-06
F1716734035,2024-05-26 14:33:55,2024-05-26 14:37:56,2024-05-26 14:57:23,116.0,52.65494667933692,37.22332270040497,False,0.0,,,C,1408.0,241.0,1167.0,solexs,2.4714382376907434e-06
F1716739325,2024-05-26 16:02:05,2024-05-26 16:08:16,2024-05-26 16:23:45,148.0,37.16671945940239,81.41112767367781,False,0.0,,,C,1300.0,371.0,929.0,solexs,3.0571833673858236e-06
F1716741312,2024-05-26 16:35:12,2024-05-26 17:04:39,2024-05-26 17:57:27,392.0,70.04170626121845,111.48616152601784,False,0.0,,,C,4935.0,1767.0,3168.0,solexs,7.155533706814339e-06
F1716748561,2024-05-26 18:36:01,2024-05-26 18:40:29,2024-05-26 18:45:15,94.0,48.258789990497306,29.446550883130932,False,0.0,,,C,554.0,268.0,286.0,solexs,2.0569047158729886e-06
F1716767021,2024-05-26 23:43:41,2024-05-26 23:44:57,2024-05-26 23:46:09,70.0,35.120367437440606,26.32122319958291,False,0.0,,,C,148.0,76.0,72.0,solexs,1.5901496844363245e-06
F1716768885,2024-05-27 00:14:45,2024-05-27 00:29:50,2024-05-27 00:48:17,90.0,39.48463731390561,37.092348920848615,False,0.0,,,C,2012.0,905.0,1107.0,solexs,1.9802789127274667e-06
F1716772305,2024-05-27 01:11:45,2024-05-27 01:24:28,2024-05-27 01:36:23,181.0,51.893886601203675,79.7330612565569,False,0.0,,,C,1478.0,763.0,715.0,solexs,3.644522185247857e-06
F1716774189,2024-05-27 01:43:09,2024-05-27 01:50:34,2024-05-27 02:07:25,225.0,75.71143490655686,75.14290272560174,False,0.0,,,C,1456.0,445.0,1011.0,solexs,4.407040811502624e-06
F1716776902,2024-05-27 02:28:22,2024-05-27 03:20:46,2024-05-27 04:10:56,375.0,146.40523703938337,71.40071395967468,False,0.0,,,C,6154.0,3144.0,3010.0,solexs,6.883854285036714e-06
F1716783545,2024-05-27 04:19:05,2024-05-27 04:24:52,2024-05-27 05:05:02,266.0,74.20879526977089,78.9953174125865,False,0.0,,,C,2757.0,347.0,2410.0,solexs,5.100548585787726e-06
F1716788483,2024-05-27 05:41:23,2024-05-27 05:43:39,2024-05-27 05:50:14,112.0,53.49688522859255,35.7708894031961,False,0.0,,,C,531.0,136.0,395.0,solexs,2.396870333739284e-06
F1716792412,2024-05-27 06:46:52,2024-05-27 07:08:08,2024-05-27 12:18:50,17141.0,356.4076655052265,9020.261635967485,False,0.0,,,X,19918.0,1276.0,18642.0,solexs,0.00019368479815031037
F1716840641,2024-05-27 20:10:41,2024-05-27 20:10:54,2024-05-27 20:15:39,131.0,11.782599514306831,155.3223981995843,False,0.0,,,C,298.0,13.0,285.0,solexs,2.748263125002618e-06
F1716856419,2024-05-28 00:33:39,2024-05-28 01:04:45,2024-05-28 01:17:50,232.0,63.15712906349907,74.4076946435552,False,0.0,,,C,2651.0,1866.0,785.0,solexs,4.52650894404412e-06
F1716859777,2024-05-28 01:29:37,2024-05-28 01:32:06,2024-05-28 02:23:54,446.0,56.07084785133566,163.03889770681363,False,0.0,,,C,3257.0,149.0,3108.0,solexs,8.008945062588681e-06
F1716864507,2024-05-28 02:48:27,2024-05-28 02:53:16,2024-05-28 03:07:16,115.0,54.068313800021116,37.05840999235637,False,0.0,,,C,1129.0,289.0,840.0,solexs,2.452827301204531e-06
F1716866390,2024-05-28 03:19:50,2024-05-28 03:23:40,2024-05-28 03:31:01,161.0,60.639742371449685,57.63656520610138,False,0.0,,,C,671.0,230.0,441.0,solexs,3.290362551361519e-06
F1716867611,2024-05-28 03:40:11,2024-05-28 03:47:47,2024-05-28 04:28:14,457.0,61.258789990497306,226.12160951160504,False,0.0,,,C,2883.0,456.0,2427.0,solexs,8.181130739808816e-06
F1716872712,2024-05-28 05:05:12,2024-05-28 05:09:32,2024-05-28 05:32:21,208.0,54.17733079928202,94.55903555616956,False,0.0,,,C,1629.0,260.0,1369.0,solexs,4.114900984227645e-06
F1716876557,2024-05-28 06:09:17,2024-05-28 06:12:10,2024-05-28 06:17:43,97.0,57.023334389188044,23.937340089379216,False,0.0,,,C,506.0,173.0,333.0,solexs,2.114101994572128e-06
F1716877940,2024-05-28 06:32:20,2024-05-28 06:42:29,2024-05-28 06:56:21,183.0,57.92952169781438,72.94276759447816,False,0.0,,,C,1441.0,609.0,832.0,solexs,3.679656109198752e-06
F1716882276,2024-05-28 07:44:36,2024-05-28 08:02:12,2024-05-28 08:11:06,202.0,64.7379368598881,75.38345003066759,False,0.0,,,C,1590.0,1056.0,534.0,solexs,4.011079168226226e-06
F1716886858,2024-05-28 09:00:58,2024-05-28 09:08:37,2024-05-28 09:25:34,225.0,93.16355189525922,61.084000609173835,False,0.0,,,C,1476.0,459.0,1017.0,solexs,4.407040811502624e-06
F1716888808,2024-05-28 09:33:28,2024-05-28 09:35:38,2024-05-28 10:08:40,266.0,114.37113293210854,59.40376885067325,False,0.0,,,C,2112.0,130.0,1982.0,solexs,5.100548585787726e-06
F1716891609,2024-05-28 10:20:09,2024-05-28 10:45:56,2024-05-28 11:01:54,469.0,103.25435540069685,165.8508522613975,False,0.0,,,C,2505.0,1547.0,958.0,solexs,8.368370923758424e-06
F1716895352,2024-05-28 11:22:32,2024-05-28 11:24:32,2024-05-28 11:31:33,139.0,92.7663393517052,21.399653821459953,False,0.0,,,C,541.0,120.0,421.0,solexs,2.89423389068372e-06
F1716897434,2024-05-28 11:57:14,2024-05-28 12:30:38,2024-05-28 13:16:36,262.0,89.16355189525922,68.46320032572046,False,0.0,,,C,4762.0,2004.0,2758.0,solexs,5.033521544740155e-06
F1716903628,2024-05-28 13:40:28,2024-05-28 13:59:22,2024-05-28 14:15:48,231.0,74.70087635941294,80.2136433909586,False,0.0,,,C,2120.0,1134.0,986.0,solexs,4.509470399391226e-06
F1716908048,2024-05-28 14:54:08,2024-05-28 14:55:30,2024-05-28 15:12:13,297.0,87.59212332383063,98.62693946941673,False,0.0,,,C,1085.0,82.0,1003.0,solexs,5.615829268707289e-06
F1716909661,2024-05-28 15:21:01,2024-05-28 15:24:14,2024-05-28 15:45:50,217.0,61.43675430260795,80.93667428959746,False,0.0,,,C,1489.0,193.0,1296.0,solexs,4.269925795319707e-06
F1716911865,2024-05-28 15:57:45,2024-05-28 16:01:11,2024-05-28 16:19:40,143.0,60.97307570478302,46.97884917121457,False,0.0,,,C,1315.0,206.0,1109.0,solexs,2.9668162944589497e-06
F1716913532,2024-05-28 16:25:32,2024-05-28 16:30:26,2024-05-28 16:36:38,129.0,68.06831380002112,33.02826028419227,False,0.0,,,C,666.0,294.0,372.0,solexs,2.711595885904496e-06
F1716914892,2024-05-28 16:48:12,2024-05-28 16:50:20,2024-05-28 16:52:10,109.0,68.06831380002112,22.187181579823932,False,0.0,,,C,238.0,128.0,110.0,solexs,2.340722736352315e-06
F1716916045,2024-05-28 17:07:25,2024-05-28 17:26:00,2024-05-28 17:44:31,200.0,72.30640903811636,66.19868717478107,False,0.0,,,C,2226.0,1115.0,1111.0,solexs,3.976385371029576e-06
F1716919353,2024-05-28 18:02:33,2024-05-28 18:06:10,2024-05-28 18:33:15,184.0,68.69242952169782,62.944821179651576,False,0.0,,,C,1842.0,217.0,1625.0,solexs,3.697204766057577e-06
F1716921528,2024-05-28 18:38:48,2024-05-28 18:41:30,2024-05-28 19:29:05,544.0,88.4492661809735,218.704314277663,False,0.0,,,C,3017.0,162.0,2855.0,solexs,9.525503894382388e-06
F1716925498,2024-05-28 19:44:58,2024-05-28 19:49:20,2024-05-28 20:10:47,402.0,66.7072114876993,170.9243934698128,False,0.0,,,C,1549.0,262.0,1287.0,solexs,7.314643497857666e-06
F1716929570,2024-05-28 20:52:50,2024-05-28 20:56:41,2024-05-28 21:01:39,122.0,61.44403970013726,34.61954527898525,False,0.0,,,C,529.0,231.0,298.0,solexs,2.5826830930729243e-06
F1716930585,2024-05-28 21:09:45,2024-05-28 21:13:02,2024-05-28 21:34:50,172.0,65.16355189525922,59.18778186452252,False,0.0,,,C,1505.0,197.0,1308.0,solexs,3.4858000709107275e-06
F1716933304,2024-05-28 21:55:04,2024-05-28 21:57:59,2024-05-28 22:34:55,188.0,79.72389399218667,57.59393355490571,False,0.0,,,C,2391.0,175.0,2216.0,solexs,3.76727908933918e-06
F1716939058,2024-05-28 23:30:58,2024-05-28 23:36:47,2024-05-28 23:55:38,454.0,89.11519374934008,174.48088862645946,False,0.0,,,C,1480.0,349.0,1131.0,solexs,8.134223717742792e-06
F1716941116,2024-05-29 00:05:16,2024-05-29 00:06:46,2024-05-29 00:09:15,192.0,135.30640903811636,21.796651462658243,False,0.0,,,C,239.0,90.0,149.0,solexs,3.8371643745980925e-06
F1716941709,2024-05-29 00:15:09,2024-05-29 00:17:30,2024-05-29 00:50:03,332.0,141.77721465526344,73.13383544892883,False,0.0,,,C,2094.0,141.0,1953.0,solexs,6.189468867172223e-06
F1716944227,2024-05-29 00:57:07,2024-05-29 01:05:49,2024-05-29 01:34:13,782.0,146.10643015521066,213.08111321969642,False,0.0,,,M,2226.0,522.0,1704.0,solexs,1.3076369153448471e-05
F1716947787,2024-05-29 01:56:27,2024-05-29 02:19:49,2024-05-29 02:43:18,260.0,158.74374406081722,35.96088088261877,False,0.0,,,C,2811.0,1402.0,1409.0,solexs,4.999959398463011e-06
F1716953244,2024-05-29 03:27:24,2024-05-29 04:19:32,2024-05-29 04:22:38,348.0,225.40164713335446,33.652553579406984,False,0.0,,,C,3314.0,3128.0,186.0,solexs,6.449105712570086e-06
F1716958318,2024-05-29 04:51:58,2024-05-29 05:01:16,2024-05-29 05:48:52,435.0,223.70594446204205,60.22307507936056,False,0.0,,,C,3414.0,558.0,2856.0,solexs,7.836219350803806e-06
F1716963656,2024-05-29 06:20:56,2024-05-29 06:45:17,2024-05-29 08:05:13,908.0,208.05501003061977,203.59524204194176,False,0.0,,,M,6257.0,1461.0,4796.0,solexs,1.489806050974675e-05
F1716970381,2024-05-29 08:13:01,2024-05-29 08:13:48,2024-05-29 08:39:10,159.0,98.27077394150565,25.84032123462335,False,0.0,,,C,1569.0,47.0,1522.0,solexs,3.254649258569725e-06
F1716972315,2024-05-29 08:45:15,2024-05-29 08:45:36,2024-05-29 08:49:29,122.0,85.49688522859253,17.645933174787533,False,0.0,,,C,254.0,21.0,233.0,solexs,2.5826830930729243e-06
F1716973744,2024-05-29 09:09:04,2024-05-29 09:10:00,2024-05-29 09:14:53,120.0,78.25878999049732,21.101506785844453,False,0.0,,,C,349.0,56.0,293.0,solexs,2.545680353879815e-06
F1716974831,2024-05-29 09:27:11,2024-05-29 09:32:41,2024-05-29 10:34:10,453.0,83.42793791574279,186.83040990316505,False,0.0,,,C,4019.0,330.0,3689.0,solexs,8.11857931006913e-06
F1716979543,2024-05-29 10:45:43,2024-05-29 10:50:13,2024-05-29 10:50:40,113.0,72.97096399535425,20.993262814481376,False,0.0,,,C,297.0,270.0,27.0,solexs,2.4155435544771974e-06
F1716981359,2024-05-29 11:15:59,2024-05-29 11:21:12,2024-05-29 11:40:32,1132.0,72.11593284764017,558.1587644615765,False,0.0,,,M,1473.0,313.0,1160.0,solexs,1.8060647262871125e-05
F1716984227,2024-05-29 12:03:47,2024-05-29 12:12:26,2024-05-29 12:15:23,147.0,91.08489071903708,26.342523625751188,False,0.0,,,C,696.0,519.0,177.0,solexs,3.039141371880156e-06
F1716986834,2024-05-29 12:47:14,2024-05-29 12:55:15,2024-05-29 13:27:10,1726.0,102.11413789462569,772.6046570879867,False,0.0,,,M,2396.0,481.0,1915.0,solexs,2.6101819094060556e-05
F1716989814,2024-05-29 13:36:54,2024-05-29 14:45:39,2024-05-29 18:06:23,10193.0,1254.831327209376,605.0591552963715,False,0.0,,,X,16169.0,4125.0,12044.0,solexs,0.00012303220707790766
F1717006477,2024-05-29 18:14:37,2024-05-29 18:41:23,2024-05-29 19:38:25,3715.0,414.8766761693591,673.1194844225046,False,0.0,,,M,5028.0,1606.0,3422.0,solexs,5.0971120012978935e-05
F1717012985,2024-05-29 20:03:05,2024-05-29 20:09:45,2024-05-29 20:53:21,323.0,144.60711646077502,57.85079771812545,False,0.0,,,C,3016.0,400.0,2616.0,solexs,6.042728271283983e-06
F1717016520,2024-05-29 21:02:00,2024-05-29 21:03:38,2024-05-29 21:06:54,183.0,124.25878999049732,23.56645867009822,False,0.0,,,C,294.0,98.0,196.0,solexs,3.679656109198752e-06
F1717017752,2024-05-29 21:22:32,2024-05-29 21:38:06,2024-05-29 22:04:44,258.0,104.73561397951642,63.323979859703435,False,0.0,,,C,2532.0,934.0,1598.0,solexs,4.966364460577649e-06
F1717021968,2024-05-29 22:32:48,2024-05-29 22:47:20,2024-05-29 23:08:36,221.0,82.09375989863796,66.55724354580057,False,0.0,,,C,2148.0,872.0,1276.0,solexs,4.3385620728019775e-06
F1717031440,2024-05-30 01:10:40,2024-05-30 01:11:27,2024-05-30 01:13:51,97.0,59.88211382113821,21.54407954406051,False,0.0,,,C,191.0,47.0,144.0,solexs,2.114101994572128e-06
F1717039158,2024-05-30 03:19:18,2024-05-30 03:35:30,2024-05-30 04:48:29,218.0,72.98146974976243,85.99017242383134,False,0.0,,,C,5351.0,972.0,4379.0,solexs,4.287099810969249e-06
F1717047048,2024-05-30 05:30:48,2024-05-30 05:34:36,2024-05-30 05:49:09,103.0,50.83328054059761,31.508718221898455,False,0.0,,,C,1101.0,228.0,873.0,solexs,2.227831596015032e-06
F1717052086,2024-05-30 06:54:46,2024-05-30 07:09:28,2024-05-30 08:33:30,542.0,69.80741210009504,314.59471538311834,False,0.0,,,C,5924.0,882.0,5042.0,solexs,9.494922405090928e-06
F1717065516,2024-05-30 10:38:36,2024-05-30 10:42:54,2024-05-30 10:59:54,102.0,59.01288142751557,25.5476761342588,False,0.0,,,C,1278.0,258.0,1020.0,solexs,2.2089363838064796e-06
F1717068607,2024-05-30 11:30:07,2024-05-30 11:31:12,2024-05-30 11:35:19,102.0,66.19353816914793,19.676260608791033,False,0.0,,,C,312.0,65.0,247.0,solexs,2.2089363838064796e-06
F1717070189,2024-05-30 11:56:29,2024-05-30 12:04:27,2024-05-30 12:20:46,103.0,50.89013831696759,32.0023553571741,False,0.0,,,C,1457.0,478.0,979.0,solexs,2.227831596015032e-06
F1717076850,2024-05-30 13:47:30,2024-05-30 13:47:40,2024-05-30 13:52:38,74.0,44.258789990497306,19.946066936917333,False,0.0,,,C,308.0,10.0,298.0,solexs,1.6691980436117363e-06
F1717089920,2024-05-30 17:25:20,2024-05-30 17:26:29,2024-05-30 17:28:06,95.0,45.53721887868229,32.73549993700325,False,0.0,,,C,166.0,69.0,97.0,solexs,2.0759958714220978e-06
F1717092654,2024-05-30 18:10:54,2024-05-30 18:11:24,2024-05-30 18:17:36,69.0,40.00844683771513,20.317579387289143,False,0.0,,,C,402.0,30.0,372.0,solexs,1.5702990755445013e-06
F1717094509,2024-05-30 18:41:49,2024-05-30 18:45:08,2024-05-30 19:08:43,368.0,39.79622004012248,232.98741522332887,False,0.0,,,C,1614.0,199.0,1415.0,solexs,6.771534965469911e-06
F1717096699,2024-05-30 19:18:19,2024-05-30 19:19:21,2024-05-30 19:19:58,88.0,43.556065885334185,30.12051527772362,False,0.0,,,C,99.0,62.0,37.0,solexs,1.9418047400858765e-06
F1717098649,2024-05-30 19:50:49,2024-05-30 19:55:42,2024-05-30 19:55:52,73.0,41.651198395100835,22.021354887285412,False,0.0,,,C,303.0,293.0,10.0,solexs,1.6494879576016124e-06
F1717100611,2024-05-30 20:23:31,2024-05-30 20:27:57,2024-05-30 20:31:06,72.0,39.44747122795903,23.195495168719855,False,0.0,,,C,455.0,266.0,189.0,solexs,1.6297435634242153e-06
F1717107493,2024-05-30 22:18:13,2024-05-30 22:18:44,2024-05-30 22:21:08,55.0,33.40164713335445,16.712895136458382,False,0.0,,,C,175.0,31.0,144.0,solexs,1.2882466569926608e-06
F1717108694,2024-05-30 22:38:14,2024-05-30 22:39:35,2024-05-30 22:42:13,68.0,38.2153415690001,21.645171983178276,False,0.0,,,C,239.0,81.0,158.0,solexs,1.5504119088381037e-06
F1717110297,2024-05-30 23:04:57,2024-05-30 23:24:04,2024-05-30 23:39:25,84.0,41.774047091120266,29.351439163216586,False,0.0,,,C,2068.0,1147.0,921.0,solexs,1.864519939124312e-06
F1717114451,2024-05-31 00:14:11,2024-05-31 00:22:03,2024-05-31 00:31:51,108.0,35.39351705205364,54.631386403161926,False,0.0,,,C,1060.0,472.0,588.0,solexs,2.3219634943465185e-06
F1717118760,2024-05-31 01:26:00,2024-05-31 01:28:31,2024-05-31 01:28:54,73.0,33.687361419068736,30.29100576079542,False,0.0,,,C,174.0,151.0,23.0,solexs,1.6494879576016124e-06
F1717122388,2024-05-31 02:26:28,2024-05-31 02:35:29,2024-05-31 03:09:42,420.0,50.68788934642594,277.39902006678744,False,0.0,,,C,2594.0,541.0,2053.0,solexs,7.599785988649754e-06
F1717126291,2024-05-31 03:31:31,2024-05-31 03:36:21,2024-05-31 04:03:26,585.0,46.56752190898532,332.79071097230457,False,0.0,,,M,1915.0,290.0,1625.0,solexs,1.014936108620235e-05
F1717129902,2024-05-31 04:31:42,2024-05-31 04:44:35,2024-05-31 05:07:03,101.0,40.258789990497306,42.81225249588405,False,0.0,,,C,2121.0,773.0,1348.0,solexs,2.1900176390466558e-06
F1717136246,2024-05-31 06:17:26,2024-05-31 06:46:34,2024-05-31 06:54:06,102.0,34.14011192059972,45.39790175713695,False,0.0,,,C,2200.0,1748.0,452.0,solexs,2.2089363838064796e-06
F1717139300,2024-05-31 07:08:20,2024-05-31 07:10:18,2024-05-31 07:22:15,92.0,44.687361419068736,31.651901866606014,False,0.0,,,C,835.0,118.0,717.0,solexs,2.018644687188779e-06
F1717141794,2024-05-31 07:49:54,2024-05-31 07:51:18,2024-05-31 07:57:45,73.0,32.98917748917749,30.83036862904185,False,0.0,,,C,471.0,84.0,387.0,solexs,1.6494879576016124e-06
F1717145931,2024-05-31 08:58:51,2024-05-31 09:02:01,2024-05-31 09:09:37,81.0,35.639742371449685,33.9723406655183,False,0.0,,,C,646.0,190.0,456.0,solexs,1.8062500804429226e-06
F1717150745,2024-05-31 10:19:05,2024-05-31 10:21:28,2024-05-31 10:25:45,60.0,32.41600675747017,21.74152070007374,False,0.0,,,C,400.0,143.0,257.0,solexs,1.38992142626712e-06
F1717153965,2024-05-31 11:12:45,2024-05-31 11:20:25,2024-05-31 11:43:42,634.0,36.49107802766339,449.10475977776395,False,0.0,,,M,1857.0,460.0,1397.0,solexs,1.0887727179226974e-05
F1717157307,2024-05-31 12:08:27,2024-05-31 12:10:22,2024-05-31 12:12:17,76.0,39.92545665716398,25.532356160055098,False,0.0,,,C,230.0,115.0,115.0,solexs,1.7085173645996588e-06
F1717159111,2024-05-31 12:38:31,2024-05-31 12:41:11,2024-05-31 12:57:39,264.0,40.414845317284346,158.2461002266236,False,0.0,,,C,1148.0,160.0,988.0,solexs,5.067051181373905e-06
F1717163334,2024-05-31 13:48:54,2024-05-31 13:52:25,2024-05-31 13:52:36,79.0,45.82134938232499,21.85036312909837,False,0.0,,,C,222.0,211.0,11.0,solexs,1.767251618210135e-06
F1717165529,2024-05-31 14:25:29,2024-05-31 14:25:30,2024-05-31 14:31:25,63.0,37.217083729278855,18.699101141539177,False,0.0,,,C,356.0,1.0,355.0,solexs,1.4504057872703728e-06
F1717169031,2024-05-31 15:23:51,2024-05-31 15:29:03,2024-05-31 15:36:39,87.0,36.29131031570056,37.74303873241994,False,0.0,,,C,768.0,312.0,456.0,solexs,1.9225261407027262e-06
F1717170976,2024-05-31 15:56:16,2024-05-31 15:57:38,2024-05-31 16:01:22,87.0,49.59212332383064,23.755911784670793,False,0.0,,,C,306.0,82.0,224.0,solexs,1.9225261407027262e-06
F1717171705,2024-05-31 16:08:25,2024-05-31 16:11:51,2024-05-31 16:28:51,491.0,56.218456340407556,268.11786063366173,False,0.0,,,C,1226.0,206.0,1020.0,solexs,8.710079669087596e-06
F1717173463,2024-05-31 16:37:43,2024-05-31 16:41:29,2024-05-31 16:49:21,145.0,50.663287931580605,59.06279722569915,False,0.0,,,C,698.0,226.0,472.0,solexs,3.0030104956661693e-06
F1717175290,2024-05-31 17:08:10,2024-05-31 17:24:34,2024-05-31 17:43:14,278.0,51.22743110547988,142.5752444807825,False,0.0,,,C,2104.0,984.0,1120.0,solexs,5.300871125380234e-06
F1717178741,2024-05-31 18:05:41,2024-05-31 18:07:44,2024-05-31 18:23:38,146.0,72.02882483370288,39.709336197430986,False,0.0,,,C,1077.0,123.0,954.0,solexs,3.0210837880995258e-06
F1717181921,2024-05-31 18:58:41,2024-05-31 18:59:51,2024-05-31 19:16:48,129.0,65.06831380002112,34.35647547167351,False,0.0,,,C,1087.0,70.0,1017.0,solexs,2.711595885904496e-06
F1717183876,2024-05-31 19:31:16,2024-05-31 19:32:32,2024-05-31 19:39:08,119.0,64.48558758314857,30.290987276721868,False,0.0,,,C,472.0,76.0,396.0,solexs,2.5271496843410326e-06
F1717186706,2024-05-31 20:18:26,2024-05-31 20:26:36,2024-05-31 20:46:42,147.0,59.36923239362263,51.260410794342555,False,0.0,,,C,1696.0,490.0,1206.0,solexs,3.039141371880156e-06
F1717190508,2024-05-31 21:21:48,2024-05-31 21:24:35,2024-05-31 21:38:52,93.0,54.639742371449685,23.20823918070599,False,0.0,,,C,1024.0,167.0,857.0,solexs,2.0377877587561498e-06
F1717192480,2024-05-31 21:54:40,2024-05-31 22:03:04,2024-05-31 23:15:43,8990.0,88.14739731812902,4772.775848426157,False,0.0,,,X,4863.0,504.0,4359.0,solexs,0.00011025562189991788
F1717198022,2024-05-31 23:27:02,2024-05-31 23:34:51,2024-05-31 23:37:47,104.0,63.48479569211277,22.74676963064713,False,0.0,,,C,645.0,469.0,176.0,solexs,2.2467035329981116e-06
F1778036711,2026-05-06 03:05:11,2026-05-06 03:13:04,2026-05-06 03:20:43,27.0,6.858937810157322,34.35037017695392,False,0.0,,,B,932.0,473.0,459.0,solexs,6.921945017799407e-07
F1778038829,2026-05-06 03:40:29,2026-05-06 03:39:16,2026-05-06 03:45:29,28.0,10.1627072114877,24.930693316762234,False,0.0,,,B,300.0,-73.0,373.0,solexs,7.145247849646818e-07
F1778039639,2026-05-06 03:53:59,2026-05-06 04:00:16,2026-05-06 04:10:38,26.0,6.510452961672473,33.67166778966461,False,0.0,,,B,999.0,377.0,622.0,solexs,6.697589503268807e-07
F1778042362,2026-05-06 04:39:22,2026-05-06 04:46:29,2026-05-06 04:57:06,31.0,5.571428571428571,48.17854461450825,False,0.0,,,B,1064.0,427.0,637.0,solexs,7.809247997705754e-07
F1778069156,2026-05-06 12:05:56,2026-05-06 12:06:28,2026-05-06 12:13:57,17.0,5.224949846901065,23.086258368686863,False,0.0,,,B,481.0,32.0,449.0,solexs,4.6218926413135106e-07
F1778074845,2026-05-06 13:40:45,2026-05-06 13:41:07,2026-05-06 13:50:36,19.0,5.801446520958716,23.444675676070318,False,0.0,,,B,591.0,22.0,569.0,solexs,5.093216705821942e-07
F1778078245,2026-05-06 14:37:25,2026-05-06 14:42:06,2026-05-06 14:57:04,21.0,5.246119733924611,31.358786834551427,False,0.0,,,B,1179.0,281.0,898.0,solexs,5.55827192573561e-07
F1778082106,2026-05-06 15:41:46,2026-05-06 15:44:16,2026-05-06 15:52:44,22.0,7.62126491394784,22.81683421808166,False,0.0,,,B,658.0,150.0,508.0,solexs,5.788663637004989e-07
F1778084945,2026-05-06 16:29:05,2026-05-06 16:35:02,2026-05-06 16:44:20,26.0,8.848907190370603,26.46893647103865,False,0.0,,,B,915.0,357.0,558.0,solexs,6.697589503268807e-07
F1778088118,2026-05-06 17:21:58,2026-05-06 17:24:08,2026-05-06 17:35:17,38.0,6.619047619047619,51.883359155579896,False,0.0,,,B,799.0,130.0,669.0,solexs,9.328370266861128e-07
F1778096191,2026-05-06 19:36:31,2026-05-06 19:43:57,2026-05-06 19:51:57,21.0,6.180128814275156,26.694944308758807,False,0.0,,,B,926.0,446.0,480.0,solexs,5.55827192573561e-07
F1778116320,2026-05-07 01:12:00,2026-05-07 02:15:28,2026-05-07 04:47:14,189.0,29.86527293844367,65.69148514403459,False,0.0,,,C,12914.0,3808.0,9106.0,solexs,3.7847679563985684e-06
F1778131395,2026-05-07 05:23:15,2026-05-07 05:23:45,2026-05-07 05:24:29,27.0,9.75704783021856,24.670134940706905,False,0.0,,,B,74.0,30.0,44.0,solexs,6.921945017799407e-07
F1778146669,2026-05-07 09:37:49,2026-05-07 09:48:08,2026-05-07 09:55:01,25.0,7.214021750607116,29.413684477842608,False,0.0,,,B,1032.0,619.0,413.0,solexs,6.472135544461507e-07
F1778150490,2026-05-07 10:41:30,2026-05-07 10:45:14,2026-05-07 11:04:05,86.0,7.428571428571428,128.92198850808626,False,0.0,,,C,1355.0,224.0,1131.0,solexs,1.9032193884271946e-06
F1778158651,2026-05-07 12:57:31,2026-05-07 12:59:41,2026-05-07 13:03:47,53.0,11.45855770246014,55.0590497947006,False,0.0,,,C,376.0,130.0,246.0,solexs,1.2472527178803989e-06
F1778160286,2026-05-07 13:24:46,2026-05-07 13:27:35,2026-05-07 13:32:40,39.0,12.10400168936754,34.59361479249199,False,0.0,,,B,474.0,169.0,305.0,solexs,9.542334558471005e-07
F1778161274,2026-05-07 13:41:14,2026-05-07 13:47:08,2026-05-07 13:49:14,39.0,14.38095238095238,29.03303395899369,False,0.0,,,B,480.0,354.0,126.0,solexs,9.542334558471005e-07
F1778163200,2026-05-07 14:13:20,2026-05-07 15:12:57,2026-05-07 17:38:37,1746.0,134.71191004117833,246.40888570598594,False,0.0,,,M,12317.0,3577.0,8740.0,solexs,2.6365682951594433e-05
F1778176034,2026-05-07 17:47:14,2026-05-07 17:58:13,2026-05-07 19:17:40,278.0,22.850068630556432,149.03596178339964,False,0.0,,,C,5426.0,659.0,4767.0,solexs,5.300871125380234e-06
F1778185408,2026-05-07 20:23:28,2026-05-07 20:25:26,2026-05-07 20:26:05,26.0,11.95253933058811,18.12841591533896,False,0.0,,,B,157.0,118.0,39.0,solexs,6.697589503268807e-07
F1778197476,2026-05-07 23:44:36,2026-05-07 23:45:16,2026-05-07 23:46:05,30.0,6.238095238095237,42.54712784628372,False,0.0,,,B,89.0,40.0,49.0,solexs,7.588861532643259e-07
F1778242780,2026-05-08 12:19:40,2026-05-08 12:27:52,2026-05-08 12:46:41,29.0,8.09212332383064,33.75764646603437,False,0.0,,,B,1621.0,492.0,1129.0,solexs,7.367540289860129e-07
F1778247314,2026-05-08 13:35:14,2026-05-08 13:36:23,2026-05-08 13:39:19,23.0,7.428571428571428,25.549994086148004,False,0.0,,,B,245.0,69.0,176.0,solexs,6.017729205999474e-07
F1778251279,2026-05-08 14:41:19,2026-05-08 14:42:55,2026-05-08 14:46:40,23.0,7.523809523809523,25.232493379009544,False,0.0,,,B,321.0,96.0,225.0,solexs,6.017729205999474e-07
F1778252919,2026-05-08 15:08:39,2026-05-08 15:13:06,2026-05-08 15:17:22,27.0,7.7142857142857135,31.052950170405936,False,0.0,,,B,523.0,267.0,256.0,solexs,6.921945017799407e-07
F1778255092,2026-05-08 15:44:52,2026-05-08 15:51:52,2026-05-08 16:41:28,202.0,8.339457290676803,306.61522598437523,False,0.0,,,C,3396.0,420.0,2976.0,solexs,4.011079168226226e-06
F1778259730,2026-05-08 17:02:10,2026-05-08 17:05:41,2026-05-08 17:21:50,30.0,6.878576707845,39.487347685603964,False,0.0,,,B,1180.0,211.0,969.0,solexs,7.588861532643259e-07
F1778261536,2026-05-08 17:32:16,2026-05-08 17:34:34,2026-05-08 17:37:22,30.0,9.428571428571427,29.96101362875325,False,0.0,,,B,306.0,138.0,168.0,solexs,7.588861532643259e-07
F1778262639,2026-05-08 17:50:39,2026-05-08 18:02:21,2026-05-08 18:27:22,44.0,8.047619047619047,49.61675980429099,False,0.0,,,C,2203.0,702.0,1501.0,solexs,1.0602100965893052e-06
F1778267120,2026-05-08 19:05:20,2026-05-08 19:07:20,2026-05-08 19:10:36,81.0,7.999999999999999,115.42313459614584,False,0.0,,,C,316.0,120.0,196.0,solexs,1.8062500804429226e-06
F1778267999,2026-05-08 19:19:59,2026-05-08 19:20:51,2026-05-08 19:41:18,36.0,7.999999999999999,44.27188724235731,False,0.0,,,B,1279.0,52.0,1227.0,solexs,8.898271515792934e-07
F1778271000,2026-05-08 20:10:00,2026-05-08 20:20:17,2026-05-08 20:49:31,96.0,9.041495090275578,146.48928246878583,False,0.0,,,C,2371.0,617.0,1754.0,solexs,2.0950615312854577e-06
F1778274385,2026-05-08 21:06:25,2026-05-08 21:11:00,2026-05-08 21:21:14,26.0,8.554746066941188,26.618407700848387,False,0.0,,,B,889.0,275.0,614.0,solexs,6.697589503268807e-07
F1778276453,2026-05-08 21:40:53,2026-05-08 21:40:51,2026-05-08 21:44:43,18.0,6.619047619047619,19.783168556536843,False,0.0,,,B,230.0,-2.0,232.0,solexs,4.858386174718817e-07
F1778277901,2026-05-08 22:05:01,2026-05-08 22:06:56,2026-05-08 22:11:37,24.0,6.619047619047619,30.212788799731996,False,0.0,,,B,396.0,115.0,281.0,solexs,6.245533473619894e-07
F1778282548,2026-05-08 23:22:28,2026-05-08 23:28:07,2026-05-08 23:50:20,100.0,6.845528455284552,156.92693554829356,False,0.0,,,C,1672.0,339.0,1333.0,solexs,2.1710750989871012e-06
F1778285828,2026-05-09 00:17:08,2026-05-09 00:21:10,2026-05-09 00:33:29,41.0,5.761904761904761,65.65145945290134,False,0.0,,,B,981.0,242.0,739.0,solexs,9.968196385014052e-07
F1778288632,2026-05-09 01:03:52,2026-05-09 01:07:28,2026-05-09 01:08:00,21.0,6.142857142857142,26.80804163577629,False,0.0,,,B,248.0,216.0,32.0,solexs,5.55827192573561e-07
F1778290936,2026-05-09 01:42:16,2026-05-09 01:50:05,2026-05-09 02:15:23,29.0,7.347587371977616,38.417509310836124,False,0.0,,,B,1987.0,469.0,1518.0,solexs,7.367540289860129e-07
F1778293253,2026-05-09 02:20:53,2026-05-09 02:28:35,2026-05-09 02:47:18,83.0,10.285714285714285,101.39522702520108,False,0.0,,,C,1585.0,462.0,1123.0,solexs,1.845126475599689e-06
F1778295464,2026-05-09 02:57:44,2026-05-09 03:10:46,2026-05-09 03:13:25,31.0,9.428571428571427,31.41745179126209,False,0.0,,,B,941.0,782.0,159.0,solexs,7.809247997705754e-07
F1778297030,2026-05-09 03:23:50,2026-05-09 03:31:11,2026-05-09 03:57:53,105.0,9.543026079611446,139.0271796952648,False,0.0,,,C,2043.0,441.0,1602.0,solexs,2.2655524468217783e-06
F1778300287,2026-05-09 04:18:07,2026-05-09 04:26:58,2026-05-09 04:50:55,37.0,11.7134410305142,36.106115657195396,False,0.0,,,B,1968.0,531.0,1437.0,solexs,9.113689870620098e-07
F1778303844,2026-05-09 05:17:24,2026-05-09 05:20:32,2026-05-09 05:50:22,45.0,11.653785239151091,36.864557129536415,False,0.0,,,C,1978.0,188.0,1790.0,solexs,1.0812166918717587e-06
F1778307840,2026-05-09 06:24:00,2026-05-09 06:33:17,2026-05-09 06:47:43,51.0,7.949741315594974,65.61784605992756,False,0.0,,,C,1423.0,557.0,866.0,solexs,1.2060618704286024e-06
F1778313395,2026-05-09 07:56:35,2026-05-09 08:02:50,2026-05-09 08:13:56,58.0,7.562189842677647,82.27632672697035,False,0.0,,,C,1041.0,375.0,666.0,solexs,1.349385815476341e-06
F1778314894,2026-05-09 08:21:34,2026-05-09 08:22:29,2026-05-09 08:28:08,29.0,8.386337239995775,31.80505367460043,False,0.0,,,B,394.0,55.0,339.0,solexs,7.367540289860129e-07
F1778318541,2026-05-09 09:22:21,2026-05-09 09:24:44,2026-05-09 09:31:17,36.0,9.952380952380953,36.92491750733124,False,0.0,,,B,536.0,143.0,393.0,solexs,8.898271515792934e-07
F1778320557,2026-05-09 09:55:57,2026-05-09 09:59:35,2026-05-09 10:11:17,30.0,10.84077710906979,26.176481823654395,False,0.0,,,B,920.0,218.0,702.0,solexs,7.588861532643259e-07
F1778322070,2026-05-09 10:21:10,2026-05-09 10:20:44,2026-05-09 10:28:42,27.0,9.374194910780275,24.97694193364912,False,0.0,,,B,452.0,-26.0,478.0,solexs,6.921945017799407e-07
F1778327827,2026-05-09 11:57:07,2026-05-09 11:57:03,2026-05-09 11:59:51,23.0,7.476190476190475,25.39060938994178,False,0.0,,,B,164.0,-4.0,168.0,solexs,6.017729205999474e-07
F1778332104,2026-05-09 13:08:24,2026-05-09 13:19:21,2026-05-09 13:34:00,44.0,8.714285714285714,52.80192426623749,False,0.0,,,C,1536.0,657.0,879.0,solexs,1.0602100965893052e-06
F1778335390,2026-05-09 14:03:10,2026-05-09 14:15:57,2026-05-09 14:49:03,56.0,11.266444937176644,58.81667900577838,False,0.0,,,C,2753.0,767.0,1986.0,solexs,1.3086723271328416e-06
F1778339980,2026-05-09 15:19:40,2026-05-09 15:31:39,2026-05-09 15:39:10,50.0,10.656319290465632,53.75370122429774,False,0.0,,,C,1170.0,719.0,451.0,solexs,1.1853899070706525e-06
F1778342052,2026-05-09 15:54:12,2026-05-09 15:53:02,2026-05-09 15:59:20,28.0,10.685988807940024,23.210920541353012,False,0.0,,,B,308.0,-70.0,378.0,solexs,7.145247849646818e-07
F1778343752,2026-05-09 16:22:32,2026-05-09 16:25:09,2026-05-09 16:27:36,28.0,10.142857142857142,25.07533919640748,False,0.0,,,B,304.0,157.0,147.0,solexs,7.145247849646818e-07
F1778344884,2026-05-09 16:41:24,2026-05-09 16:46:13,2026-05-09 16:56:35,27.0,10.142857142857142,23.671120201408662,False,0.0,,,B,911.0,289.0,622.0,solexs,6.921945017799407e-07
F1778346297,2026-05-09 17:04:57,2026-05-09 17:05:42,2026-05-09 17:07:02,33.0,11.19047619047619,29.15660124482875,False,0.0,,,B,125.0,45.0,80.0,solexs,8.247350041951388e-07
F1778348972,2026-05-09 17:49:32,2026-05-09 17:55:34,2026-05-09 18:02:27,31.0,9.571428571428571,30.97560770866504,False,0.0,,,B,775.0,362.0,413.0,solexs,7.809247997705754e-07
F1778350626,2026-05-09 18:17:06,2026-05-09 18:16:39,2026-05-09 18:21:53,24.0,9.38095238095238,21.345710393134627,False,0.0,,,B,287.0,-27.0,314.0,solexs,6.245533473619894e-07
F1778352778,2026-05-09 18:52:58,2026-05-09 18:56:38,2026-05-09 19:23:06,41.0,10.089958821666137,44.70995644626446,False,0.0,,,B,1808.0,220.0,1588.0,solexs,9.968196385014052e-07
F1778355342,2026-05-09 19:35:42,2026-05-09 19:34:48,2026-05-09 19:56:24,37.0,9.80952380952381,33.469189318915994,False,0.0,,,B,1242.0,-54.0,1296.0,solexs,9.113689870620098e-07
F1778358261,2026-05-09 20:24:21,2026-05-09 20:26:48,2026-05-09 20:35:22,33.0,9.761904761904761,33.26199101764065,False,0.0,,,B,661.0,147.0,514.0,solexs,8.247350041951388e-07
F1778360520,2026-05-09 21:02:00,2026-05-09 21:03:46,2026-05-09 21:06:38,28.0,10.761904761904763,23.49955841458671,False,0.0,,,B,278.0,106.0,172.0,solexs,7.145247849646818e-07
F1778362362,2026-05-09 21:32:42,2026-05-09 22:02:57,2026-05-09 22:31:24,83.0,17.430471967057333,59.86323208831544,False,0.0,,,C,3522.0,1815.0,1707.0,solexs,1.845126475599689e-06
F1778367919,2026-05-09 23:05:19,2026-05-09 23:44:10,2026-05-10 00:15:33,58.0,17.57142857142857,38.90646210848955,False,0.0,,,C,4214.0,2331.0,1883.0,solexs,1.349385815476341e-06
F1778375357,2026-05-10 01:09:17,2026-05-10 01:29:47,2026-05-10 01:38:57,37.0,14.04603526554746,28.58920796748964,False,0.0,,,B,1780.0,1230.0,550.0,solexs,9.113689870620098e-07
F1778378322,2026-05-10 01:58:42,2026-05-10 01:59:59,2026-05-10 02:04:02,32.0,12.857142857142858,23.875337610843243,False,0.0,,,B,320.0,77.0,243.0,solexs,8.028733609749356e-07
F1778380180,2026-05-10 02:29:40,2026-05-10 02:40:01,2026-05-10 02:51:52,78.0,11.026607538802661,89.88256792732771,False,0.0,,,C,1332.0,621.0,711.0,solexs,1.747705529001579e-06
F1778384191,2026-05-10 03:36:31,2026-05-10 03:37:00,2026-05-10 03:37:58,25.0,9.142857142857142,23.453030568716336,False,0.0,,,B,87.0,29.0,58.0,solexs,6.472135544461507e-07
F1778384653,2026-05-10 03:44:13,2026-05-10 04:02:49,2026-05-10 04:17:04,42.0,10.884014359624114,41.5021518183068,False,0.0,,,C,1971.0,1116.0,855.0,solexs,1.0180132038735514e-06
F1778387488,2026-05-10 04:31:28,2026-05-10 04:40:03,2026-05-10 04:46:16,31.0,10.911730545876885,27.3246269694793,False,0.0,,,B,888.0,515.0,373.0,solexs,7.809247997705754e-07
F1778389327,2026-05-10 05:02:07,2026-05-10 05:05:13,2026-05-10 05:24:41,75.0,10.80952380952381,87.31368428244576,False,0.0,,,C,1354.0,186.0,1168.0,solexs,1.6888743435205183e-06
F1778391460,2026-05-10 05:37:40,2026-05-10 05:41:42,2026-05-10 05:56:08,28.0,9.60067574701721,25.01860249767026,False,0.0,,,B,1108.0,242.0,866.0,solexs,7.145247849646818e-07
F1778395014,2026-05-10 06:36:54,2026-05-10 06:40:47,2026-05-10 06:48:51,46.0,7.476190476190475,63.00921164559171,False,0.0,,,C,717.0,233.0,484.0,solexs,1.1021641026014044e-06
F1778396843,2026-05-10 07:07:23,2026-05-10 07:07:33,2026-05-10 07:09:00,21.0,8.904761904761905,18.126679826093305,False,0.0,,,B,97.0,10.0,87.0,solexs,5.55827192573561e-07
F1778397700,2026-05-10 07:21:40,2026-05-10 07:33:08,2026-05-10 07:56:23,82.0,9.07522964840038,100.4693505779563,False,0.0,,,C,2083.0,688.0,1395.0,solexs,1.82570332548203e-06
F1778403013,2026-05-10 08:50:13,2026-05-10 08:51:48,2026-05-10 08:54:46,22.0,8.2765811424348,21.432269102740694,False,0.0,,,B,273.0,95.0,178.0,solexs,5.788663637004989e-07
F1778404677,2026-05-10 09:17:57,2026-05-10 09:39:32,2026-05-10 10:02:13,166.0,10.054059761376834,212.21430020836905,False,0.0,,,C,2656.0,1295.0,1361.0,solexs,3.379401260093193e-06
F1778409540,2026-05-10 10:39:00,2026-05-10 10:43:54,2026-05-10 10:51:26,39.0,8.857142857142858,45.29524242318519,False,0.0,,,B,746.0,294.0,452.0,solexs,9.542334558471005e-07
F1778410869,2026-05-10 11:01:09,2026-05-10 11:05:10,2026-05-10 11:16:50,26.0,6.3809523809523805,33.674060086632856,False,0.0,,,B,941.0,241.0,700.0,solexs,6.697589503268807e-07
F1778417162,2026-05-10 12:46:02,2026-05-10 12:55:43,2026-05-10 13:00:28,39.0,7.761904761904761,50.08842646931742,False,0.0,,,B,866.0,581.0,285.0,solexs,9.542334558471005e-07
F1778418851,2026-05-10 13:14:11,2026-05-10 13:38:14,2026-05-10 15:53:54,3812.0,76.572853975293,3885.4481622027283,False,0.0,,,M,9583.0,1443.0,8140.0,solexs,5.213113012909712e-05
F1778429080,2026-05-10 16:04:40,2026-05-10 16:24:38,2026-05-10 17:07:53,79.0,28.952380952380953,38.34721847729511,False,0.0,,,C,3793.0,1198.0,2595.0,solexs,1.767251618210135e-06
F1778436378,2026-05-10 18:06:18,2026-05-10 18:09:02,2026-05-10 18:20:54,33.0,11.952380952380953,26.721107621198563,False,0.0,,,B,876.0,164.0,712.0,solexs,8.247350041951388e-07
F1778441504,2026-05-10 19:31:44,2026-05-10 19:35:27,2026-05-10 19:49:23,39.0,9.714285714285714,40.88253702663678,False,0.0,,,B,1059.0,223.0,836.0,solexs,9.542334558471005e-07
F1778446938,2026-05-10 21:02:18,2026-05-10 21:12:24,2026-05-10 21:23:21,41.0,9.095238095238095,47.31114617593489,False,0.0,,,B,1263.0,606.0,657.0,solexs,9.968196385014052e-07
F1778450819,2026-05-10 22:06:59,2026-05-10 22:06:56,2026-05-10 22:10:25,18.0,8.523809523809522,14.51549703466407,False,0.0,,,B,206.0,-3.0,209.0,solexs,4.858386174718817e-07
F1778453260,2026-05-10 22:47:40,2026-05-10 22:47:28,2026-05-10 22:51:23,22.0,8.952380952380953,19.50190285055025,False,0.0,,,B,223.0,-12.0,235.0,solexs,5.788663637004989e-07
F1778454990,2026-05-10 23:16:30,2026-05-10 23:18:55,2026-05-10 23:26:56,43.0,9.333333333333332,49.282953683900935,False,0.0,,,C,626.0,145.0,481.0,solexs,1.0391427984390398e-06
F1778457103,2026-05-10 23:51:43,2026-05-11 00:05:20,2026-05-11 00:32:51,35.0,9.714285714285714,35.635823971111755,False,0.0,,,B,2468.0,817.0,1651.0,solexs,8.682092054493216e-07
F1778460646,2026-05-11 00:50:46,2026-05-11 00:53:42,2026-05-11 00:58:48,29.0,8.80952380952381,30.421830541369026,False,0.0,,,B,482.0,176.0,306.0,solexs,7.367540289860129e-07
F1778462906,2026-05-11 01:28:26,2026-05-11 01:31:20,2026-05-11 01:32:05,25.0,9.047619047619047,23.717742901060422,False,0.0,,,B,219.0,174.0,45.0,solexs,6.472135544461507e-07
F1778480817,2026-05-11 06:26:57,2026-05-11 06:28:16,2026-05-11 06:30:57,19.0,5.476190476190475,25.84489489497888,False,0.0,,,B,240.0,79.0,161.0,solexs,5.093216705821942e-07
F1778487972,2026-05-11 08:26:12,2026-05-11 08:31:08,2026-05-11 09:02:59,56.0,7.857142857142857,78.74204323077036,False,0.0,,,C,2207.0,296.0,1911.0,solexs,1.3086723271328416e-06
F1778493078,2026-05-11 09:51:18,2026-05-11 09:56:48,2026-05-11 10:13:15,27.0,7.238095238095237,32.84971856843013,False,0.0,,,B,1317.0,330.0,987.0,solexs,6.921945017799407e-07
F1778495396,2026-05-11 10:29:56,2026-05-11 10:32:36,2026-05-11 10:35:00,25.0,8.666666666666666,24.812114493549835,False,0.0,,,B,304.0,160.0,144.0,solexs,6.472135544461507e-07
F1778496104,2026-05-11 10:41:44,2026-05-11 10:43:04,2026-05-11 10:42:56,24.0,8.666666666666666,23.293005442924333,False,0.0,,,B,72.0,80.0,-8.0,solexs,6.245533473619894e-07
F1778500269,2026-05-11 11:51:09,2026-05-11 11:53:38,2026-05-11 12:02:34,41.0,8.571428571428571,49.43993781555427,False,0.0,,,B,685.0,149.0,536.0,solexs,9.968196385014052e-07
F1778503803,2026-05-11 12:50:03,2026-05-11 13:00:54,2026-05-11 13:09:29,31.0,8.15552739942984,35.86277258409501,False,0.0,,,B,1166.0,651.0,515.0,solexs,7.809247997705754e-07
F1778506869,2026-05-11 13:41:09,2026-05-11 13:41:47,2026-05-11 13:42:20,21.0,8.146394256150353,20.138918899491802,False,0.0,,,B,71.0,38.0,33.0,solexs,5.55827192573561e-07
F1778508490,2026-05-11 14:08:10,2026-05-11 14:15:48,2026-05-11 14:19:50,84.0,8.37377256889452,117.35683311548146,False,0.0,,,C,700.0,458.0,242.0,solexs,1.864519939124312e-06
F1778510515,2026-05-11 14:41:55,2026-05-11 14:42:26,2026-05-11 14:47:34,20.0,7.142857142857142,21.514114968019086,False,0.0,,,B,339.0,31.0,308.0,solexs,5.326482637068238e-07
F1778514462,2026-05-11 15:47:42,2026-05-11 15:49:41,2026-05-11 15:54:24,23.0,8.523809523809522,22.174427630843603,False,0.0,,,B,402.0,119.0,283.0,solexs,6.017729205999474e-07
F1778515238,2026-05-11 16:00:38,2026-05-11 16:04:27,2026-05-11 16:09:01,28.0,9.013778904022807,28.396252248222474,False,0.0,,,B,503.0,229.0,274.0,solexs,7.145247849646818e-07
F1778516998,2026-05-11 16:29:58,2026-05-11 16:31:02,2026-05-11 16:35:38,26.0,10.19047619047619,22.14810366085866,False,0.0,,,B,340.0,64.0,276.0,solexs,6.697589503268807e-07
F1778517923,2026-05-11 16:45:23,2026-05-11 16:47:38,2026-05-11 16:53:48,29.0,10.193802132826523,26.333835291863345,False,0.0,,,B,505.0,135.0,370.0,solexs,7.367540289860129e-07
F1778520476,2026-05-11 17:27:56,2026-05-11 17:28:21,2026-05-11 17:30:28,25.0,8.065251821349381,26.37002502020437,False,0.0,,,B,152.0,25.0,127.0,solexs,6.472135544461507e-07
F1778524869,2026-05-11 18:41:09,2026-05-11 18:42:46,2026-05-11 18:42:56,19.0,7.095238095238095,19.987212274907463,False,0.0,,,B,107.0,97.0,10.0,solexs,5.093216705821942e-07
F1778525355,2026-05-11 18:49:15,2026-05-11 18:57:10,2026-05-11 19:21:02,34.0,7.855083940449794,43.89537492411684,False,0.0,,,B,1907.0,475.0,1432.0,solexs,8.465126929032813e-07
F1778543704,2026-05-11 23:55:04,2026-05-11 23:57:52,2026-05-11 23:58:02,19.0,6.736564248759371,21.064318624604034,False,0.0,,,B,178.0,168.0,10.0,solexs,5.093216705821942e-07
F1778547090,2026-05-12 00:51:30,2026-05-12 01:10:14,2026-05-12 01:43:22,49.0,10.127019322141273,53.14596640075637,False,0.0,,,C,3112.0,1124.0,1988.0,solexs,1.164665386329856e-06
F1778552669,2026-05-12 02:24:29,2026-05-12 02:27:15,2026-05-12 02:29:08,19.0,6.032150776053214,23.629211951911103,False,0.0,,,B,279.0,166.0,113.0,solexs,5.093216705821942e-07
F1778566013,2026-05-12 06:06:53,2026-05-12 06:07:03,2026-05-12 06:09:42,18.0,5.975504170626121,22.204134611066547,False,0.0,,,B,169.0,10.0,159.0,solexs,4.858386174718817e-07
F1778567510,2026-05-12 06:31:50,2026-05-12 06:57:06,2026-05-12 07:11:53,31.0,8.401699926090169,31.25650280330872,False,0.0,,,B,2403.0,1516.0,887.0,solexs,7.809247997705754e-07
F1778578182,2026-05-12 09:29:42,2026-05-12 09:35:11,2026-05-12 09:59:10,37.0,8.285714285714285,46.10709246905516,False,0.0,,,B,1768.0,329.0,1439.0,solexs,9.113689870620098e-07
F1778581298,2026-05-12 10:21:38,2026-05-12 10:48:06,2026-05-12 11:36:54,54.0,9.078450005279272,46.9426905743314,False,0.0,,,C,4516.0,1588.0,2928.0,solexs,1.2677737827074654e-06
F1778589344,2026-05-12 12:35:44,2026-05-12 12:49:10,2026-05-12 13:28:44,75.0,9.188153310104529,100.91222634290746,False,0.0,,,C,3180.0,806.0,2374.0,solexs,1.6888743435205183e-06
F1778597823,2026-05-12 14:57:03,2026-05-12 14:58:46,2026-05-12 15:01:25,48.0,8.095238095238095,62.72272360175703,False,0.0,,,C,262.0,103.0,159.0,solexs,1.1438870977039946e-06
F1778598920,2026-05-12 15:15:20,2026-05-12 15:49:16,2026-05-12 16:25:30,52.0,13.095132509766657,45.72834236748637,False,0.0,,,C,4210.0,2036.0,2174.0,solexs,1.2266824364751102e-06
F1778604905,2026-05-12 16:55:05,2026-05-12 17:03:31,2026-05-12 17:05:56,30.0,9.571428571428571,29.530079348927337,False,0.0,,,B,651.0,506.0,145.0,solexs,7.588861532643259e-07
F1778606139,2026-05-12 17:15:39,2026-05-12 17:17:14,2026-05-12 17:49:25,49.0,9.571428571428571,56.99511818394367,False,0.0,,,C,2026.0,95.0,1931.0,solexs,1.164665386329856e-06
F1778610053,2026-05-12 18:20:53,2026-05-12 18:25:14,2026-05-12 18:25:11,25.0,9.047619047619047,23.717742901060422,False,0.0,,,B,258.0,261.0,-3.0,solexs,6.472135544461507e-07
F1778617093,2026-05-12 20:18:13,2026-05-12 20:21:44,2026-05-12 20:32:16,29.0,7.338559814169569,36.57564291943187,False,0.0,,,B,843.0,211.0,632.0,solexs,7.367540289860129e-07
F1778622427,2026-05-12 21:47:07,2026-05-12 21:49:15,2026-05-12 21:52:13,33.0,8.33481152993348,38.378297844110016,False,0.0,,,B,306.0,128.0,178.0,solexs,8.247350041951388e-07
F1778624133,2026-05-12 22:15:33,2026-05-12 22:17:20,2026-05-12 22:24:31,34.0,9.095238095238095,36.930939477632755,False,0.0,,,B,538.0,107.0,431.0,solexs,8.465126929032813e-07
F1778625746,2026-05-12 22:42:26,2026-05-12 22:43:53,2026-05-12 22:50:09,27.0,9.095238095238095,26.550732779330623,False,0.0,,,B,463.0,87.0,376.0,solexs,6.921945017799407e-07
F1778628282,2026-05-12 23:24:42,2026-05-12 23:38:03,2026-05-12 23:46:42,31.0,8.723999577658113,33.747089072830924,False,0.0,,,B,1320.0,801.0,519.0,solexs,7.809247997705754e-07
F1778632817,2026-05-13 00:40:17,2026-05-13 00:43:45,2026-05-13 01:00:00,33.0,6.921444409249286,42.274943474867676,False,0.0,,,B,1183.0,208.0,975.0,solexs,8.247350041951388e-07
F1778636636,2026-05-13 01:43:56,2026-05-13 01:55:40,2026-05-13 02:21:53,79.0,9.226322458029774,102.3311351683731,False,0.0,,,C,2277.0,704.0,1573.0,solexs,1.767251618210135e-06
F1778644408,2026-05-13 03:53:28,2026-05-13 04:11:26,2026-05-13 04:14:31,27.0,7.9097244219195435,28.479828515566652,False,0.0,,,B,1263.0,1078.0,185.0,solexs,6.921945017799407e-07
F1778647664,2026-05-13 04:47:44,2026-05-13 04:50:14,2026-05-13 05:11:56,29.0,9.166719459402387,28.169360486479505,False,0.0,,,B,1452.0,150.0,1302.0,solexs,7.367540289860129e-07
F1778653227,2026-05-13 06:20:27,2026-05-13 06:40:24,2026-05-13 06:51:37,78.0,9.904761904761905,96.76308820048706,False,0.0,,,C,1870.0,1197.0,673.0,solexs,1.747705529001579e-06
F1778658294,2026-05-13 07:44:54,2026-05-13 07:45:15,2026-05-13 07:46:46,20.0,8.095238095238095,18.712029714127993,False,0.0,,,B,112.0,21.0,91.0,solexs,5.326482637068238e-07
F1778668239,2026-05-13 10:30:39,2026-05-13 10:37:00,2026-05-13 10:45:56,56.0,8.273730334705943,75.06170017430463,False,0.0,,,C,917.0,381.0,536.0,solexs,1.3086723271328416e-06
F1778670016,2026-05-13 11:00:16,2026-05-13 11:03:10,2026-05-13 11:11:28,23.0,7.666666666666666,24.765567494675615,False,0.0,,,B,672.0,174.0,498.0,solexs,6.017729205999474e-07
F1778673690,2026-05-13 12:01:30,2026-05-13 12:29:44,2026-05-13 12:56:34,40.0,8.30334705944462,44.43832128389886,False,0.0,,,B,3304.0,1694.0,1610.0,solexs,9.755603409095623e-07
F1778685536,2026-05-13 15:18:56,2026-05-13 15:19:57,2026-05-13 15:20:35,19.0,5.387181923767289,26.21721356649814,False,0.0,,,B,99.0,61.0,38.0,solexs,5.093216705821942e-07
F1778686630,2026-05-13 15:37:10,2026-05-13 15:38:17,2026-05-13 15:40:32,20.0,6.7142857142857135,22.929785781551516,False,0.0,,,B,202.0,67.0,135.0,solexs,5.326482637068238e-07
F1778687170,2026-05-13 15:46:10,2026-05-13 15:46:22,2026-05-13 15:48:06,19.0,5.988807940027452,23.720040963703518,False,0.0,,,B,116.0,12.0,104.0,solexs,5.093216705821942e-07
F1778691080,2026-05-13 16:51:20,2026-05-13 17:15:14,2026-05-13 17:54:59,69.0,8.318551367331855,78.89357011810165,False,0.0,,,C,3819.0,1434.0,2385.0,solexs,1.5702990755445013e-06
F1778695344,2026-05-13 18:02:24,2026-05-13 18:05:27,2026-05-13 18:31:25,50.0,10.142857142857142,43.077517691914764,False,0.0,,,C,1741.0,183.0,1558.0,solexs,1.1853899070706525e-06
F1778697892,2026-05-13 18:44:52,2026-05-13 18:42:54,2026-05-13 18:46:30,20.0,8.193326998205047,17.8008098234127,False,0.0,,,B,98.0,-118.0,216.0,solexs,5.326482637068238e-07
F1778701195,2026-05-13 19:39:55,2026-05-13 19:49:16,2026-05-13 20:14:51,48.0,9.233027135466159,59.98537665630574,False,0.0,,,C,2096.0,561.0,1535.0,solexs,1.1438870977039946e-06
F1778720260,2026-05-14 00:57:40,2026-05-14 01:00:32,2026-05-14 01:04:57,29.0,8.863266814486327,30.383672667696082,False,0.0,,,B,437.0,172.0,265.0,solexs,7.367540289860129e-07
F1778722433,2026-05-14 01:33:53,2026-05-14 01:34:07,2026-05-14 01:35:47,23.0,9.523809523809522,19.52885532938863,False,0.0,,,B,114.0,14.0,100.0,solexs,6.017729205999474e-07
F1778723086,2026-05-14 01:44:46,2026-05-14 01:52:40,2026-05-14 01:54:23,29.0,9.613768345475663,27.84833064016633,False,0.0,,,B,577.0,474.0,103.0,solexs,7.367540289860129e-07
F1778724656,2026-05-14 02:10:56,2026-05-14 02:12:36,2026-05-14 02:37:38,58.0,9.607749973603632,69.43610909724813,False,0.0,,,C,1602.0,100.0,1502.0,solexs,1.349385815476341e-06
F1778726574,2026-05-14 02:42:54,2026-05-14 02:45:04,2026-05-14 02:45:18,23.0,7.476190476190475,25.39060938994178,False,0.0,,,B,144.0,130.0,14.0,solexs,6.017729205999474e-07
F1778729481,2026-05-14 03:31:21,2026-05-14 03:40:52,2026-05-14 04:04:30,110.0,8.13229859571323,166.30419702429188,False,0.0,,,C,1989.0,571.0,1418.0,solexs,2.3594601419053937e-06
F1778736215,2026-05-14 05:23:35,2026-05-14 05:35:53,2026-05-14 05:51:44,74.0,8.018794213916165,104.95203141624825,False,0.0,,,C,1689.0,738.0,951.0,solexs,1.6691980436117363e-06
F1778738356,2026-05-14 05:59:16,2026-05-14 06:04:41,2026-05-14 06:20:11,53.0,14.002217294900221,45.381911174891165,False,0.0,,,C,1255.0,325.0,930.0,solexs,1.2472527178803989e-06
F1778740619,2026-05-14 06:36:59,2026-05-14 06:42:40,2026-05-14 07:20:54,326.0,21.694277267448,365.5849176360844,False,0.0,,,C,2635.0,341.0,2294.0,solexs,6.091698785750647e-06
F1778743849,2026-05-14 07:30:49,2026-05-14 07:35:43,2026-05-14 08:09:32,45.0,14.699292577341357,31.987821009432576,False,0.0,,,C,2323.0,294.0,2029.0,solexs,1.0812166918717587e-06
F1778747265,2026-05-14 08:27:45,2026-05-14 08:31:01,2026-05-14 08:34:10,29.0,12.0,21.946905628508695,False,0.0,,,B,385.0,196.0,189.0,solexs,7.367540289860129e-07
F1778748661,2026-05-14 08:51:01,2026-05-14 08:55:40,2026-05-14 08:59:59,40.0,12.0,36.14784456460256,False,0.0,,,B,538.0,279.0,259.0,solexs,9.755603409095623e-07
F1778750104,2026-05-14 09:15:04,2026-05-14 09:20:20,2026-05-14 09:50:01,109.0,12.49878576707845,124.58253187096643,False,0.0,,,C,2097.0,316.0,1781.0,solexs,2.340722736352315e-06
F1778755078,2026-05-14 10:37:58,2026-05-14 10:55:46,2026-05-14 11:17:20,109.0,16.285714285714285,98.42470846881133,False,0.0,,,C,2362.0,1068.0,1294.0,solexs,2.340722736352315e-06
F1778758198,2026-05-14 11:29:58,2026-05-14 11:37:06,2026-05-14 11:55:31,172.0,15.428571428571427,178.2644133252654,False,0.0,,,C,1533.0,428.0,1105.0,solexs,3.4858000709107275e-06
F1778760172,2026-05-14 12:02:52,2026-05-14 12:03:40,2026-05-14 12:52:35,49.0,10.958452116988703,37.48744768716244,False,0.0,,,C,2983.0,48.0,2935.0,solexs,1.164665386329856e-06
F1778765079,2026-05-14 13:24:39,2026-05-14 13:36:11,2026-05-14 13:49:19,35.0,7.047619047619047,47.088254717113195,False,0.0,,,B,1480.0,692.0,788.0,solexs,8.682092054493216e-07
F1778767247,2026-05-14 14:00:47,2026-05-14 14:02:05,2026-05-14 14:05:54,27.0,11.155844155844155,21.18425015486209,False,0.0,,,B,307.0,78.0,229.0,solexs,6.921945017799407e-07
F1778768905,2026-05-14 14:28:25,2026-05-14 14:33:26,2026-05-14 14:44:03,43.0,9.850385386970752,46.55028768824296,False,0.0,,,C,938.0,301.0,637.0,solexs,1.0391427984390398e-06
F1778774223,2026-05-14 15:57:03,2026-05-14 15:59:06,2026-05-14 16:00:11,23.0,6.489811002006124,29.072809835853015,False,0.0,,,B,188.0,123.0,65.0,solexs,6.017729205999474e-07
F1778778541,2026-05-14 17:09:01,2026-05-14 17:37:04,2026-05-14 18:16:51,252.0,81.67004540175273,102.06998862490367,False,0.0,,,C,4070.0,1683.0,2387.0,solexs,4.865380007166541e-06
F1778783147,2026-05-14 18:25:47,2026-05-14 18:39:01,2026-05-14 20:29:13,209.0,36.800654629922924,73.39428203544055,False,0.0,,,C,7406.0,794.0,6612.0,solexs,4.132167385738207e-06
F1778792591,2026-05-14 21:03:11,2026-05-14 21:18:09,2026-05-14 21:30:44,35.0,6.904761904761904,47.753982977223416,False,0.0,,,B,1653.0,898.0,755.0,solexs,8.682092054493216e-07
F1778796021,2026-05-14 22:00:21,2026-05-14 22:20:10,2026-05-14 22:35:51,47.0,8.882061028402491,54.37919863953048,False,0.0,,,C,2130.0,1189.0,941.0,solexs,1.1230537769694857e-06
F1778799884,2026-05-14 23:04:44,2026-05-14 23:23:20,2026-05-14 23:27:36,39.0,12.57142857142857,31.50359582385601,False,0.0,,,B,1372.0,1116.0,256.0,solexs,9.542334558471005e-07
F1778802778,2026-05-14 23:52:58,2026-05-15 00:10:47,2026-05-15 00:20:51,55.0,16.63926723682821,40.02029301412962,False,0.0,,,C,1673.0,1069.0,604.0,solexs,1.2882466569926608e-06
F1778805034,2026-05-15 00:30:34,2026-05-15 00:35:27,2026-05-15 01:24:41,57.0,13.91363108436279,42.64998783406092,False,0.0,,,C,3247.0,293.0,2954.0,solexs,1.329051742096738e-06
F1778809883,2026-05-15 01:51:23,2026-05-15 01:52:36,2026-05-15 01:57:06,33.0,8.142857142857142,38.956308667049115,False,0.0,,,B,343.0,73.0,270.0,solexs,8.247350041951388e-07
F1778813403,2026-05-15 02:50:03,2026-05-15 03:09:08,2026-05-15 04:10:16,125.0,11.195280329426671,149.70337153626886,False,0.0,,,C,4813.0,1145.0,3668.0,solexs,2.638043390972882e-06
F1778818979,2026-05-15 04:22:59,2026-05-15 04:23:39,2026-05-15 04:26:14,30.0,6.619047619047619,40.64240904292715,False,0.0,,,B,195.0,40.0,155.0,solexs,7.588861532643259e-07
F1778825032,2026-05-15 06:03:52,2026-05-15 06:26:47,2026-05-15 06:42:16,25.0,5.628339140534262,34.68759840024287,False,0.0,,,B,2304.0,1375.0,929.0,solexs,6.472135544461507e-07
F1778830876,2026-05-15 07:41:16,2026-05-15 07:42:16,2026-05-15 07:43:21,17.0,5.129500580720093,23.43638277818805,False,0.0,,,B,125.0,60.0,65.0,solexs,4.6218926413135106e-07
F1778837677,2026-05-15 09:34:37,2026-05-15 09:36:15,2026-05-15 09:44:42,38.0,4.466634991025234,70.88230872718015,False,0.0,,,B,605.0,98.0,507.0,solexs,9.328370266861128e-07
F1778843366,2026-05-15 11:09:26,2026-05-15 11:11:39,2026-05-15 11:15:37,23.0,3.9523809523809517,42.84757973243224,False,0.0,,,B,371.0,133.0,238.0,solexs,6.017729205999474e-07
F1778845574,2026-05-15 11:46:14,2026-05-15 11:50:29,2026-05-15 11:57:22,230.0,3.999999999999999,505.69854581852314,False,0.0,,,C,668.0,255.0,413.0,solexs,4.492422488158986e-06
F1778850718,2026-05-15 13:11:58,2026-05-15 13:13:41,2026-05-15 13:22:36,399.0,4.196177805933903,857.2780953759707,False,0.0,,,C,638.0,103.0,535.0,solexs,7.266963885076613e-06
F1778852797,2026-05-15 13:46:37,2026-05-15 13:51:14,2026-05-15 14:03:05,35.0,4.19047619047619,67.30824936737274,False,0.0,,,B,988.0,277.0,711.0,solexs,8.682092054493216e-07
F1778861528,2026-05-15 16:12:08,2026-05-15 16:15:14,2026-05-15 16:27:14,596.0,4.626016260162601,1224.2604566098416,False,0.0,,,M,906.0,186.0,720.0,solexs,1.0315778428249692e-05
F1778866683,2026-05-15 17:38:03,2026-05-15 17:40:12,2026-05-15 17:50:02,27.0,5.19047619047619,42.811217566165965,False,0.0,,,B,719.0,129.0,590.0,solexs,6.921945017799407e-07
F1778868227,2026-05-15 18:03:47,2026-05-15 18:06:29,2026-05-15 18:09:02,15.0,4.399429838454228,22.614170828312787,False,0.0,,,B,315.0,162.0,153.0,solexs,4.143458635377904e-07
F1778875443,2026-05-15 20:04:03,2026-05-15 20:07:35,2026-05-15 20:15:06,25.0,3.7768978988491178,48.7499927276031,False,0.0,,,B,663.0,212.0,451.0,solexs,6.472135544461507e-07
F1778885299,2026-05-15 22:48:19,2026-05-15 22:51:45,2026-05-15 22:57:15,35.0,4.333333333333332,65.88256841162783,False,0.0,,,B,536.0,206.0,330.0,solexs,8.682092054493216e-07
F1778891236,2026-05-16 00:27:16,2026-05-16 00:25:50,2026-05-16 00:28:17,14.0,4.7142857142857135,19.078124565079936,False,0.0,,,B,61.0,-86.0,147.0,solexs,3.901249057870534e-07
F1778898735,2026-05-16 02:32:15,2026-05-16 02:33:01,2026-05-16 02:34:17,14.0,3.389715975081828,25.736676039222377,False,0.0,,,B,122.0,46.0,76.0,solexs,3.901249057870534e-07
F1778937335,2026-05-16 13:15:35,2026-05-16 13:17:32,2026-05-16 13:21:47,18.0,4.914053426248548,26.71857146444098,False,0.0,,,B,372.0,117.0,255.0,solexs,4.858386174718817e-07
F1778941249,2026-05-16 14:20:49,2026-05-16 14:32:21,2026-05-16 14:56:54,38.0,5.435381691479252,64.21829333979841,False,0.0,,,B,2165.0,692.0,1473.0,solexs,9.328370266861128e-07
F1778944244,2026-05-16 15:10:44,2026-05-16 15:12:43,2026-05-16 15:27:18,180.0,6.809523809523809,296.8114378473809,False,0.0,,,C,994.0,119.0,875.0,solexs,3.626936766398165e-06
F1778946925,2026-05-16 15:55:25,2026-05-16 17:41:45,2026-05-16 17:58:33,1422.0,50.80952380952381,988.129009083172,False,0.0,,,M,7388.0,6380.0,1008.0,solexs,2.2039994277026794e-05
F1778954884,2026-05-16 18:08:04,2026-05-16 18:09:46,2026-05-16 18:46:43,62.0,23.626808151198397,30.50003949897763,False,0.0,,,C,2319.0,102.0,2217.0,solexs,1.430285829877857e-06
F1778958331,2026-05-16 19:05:31,2026-05-16 19:07:21,2026-05-16 19:30:19,87.0,18.28497518741421,67.8464464624545,False,0.0,,,C,1488.0,110.0,1378.0,solexs,1.9225261407027262e-06
F1778961663,2026-05-16 20:01:03,2026-05-16 20:03:30,2026-05-16 20:38:54,143.0,16.43912997571534,134.8490716172268,False,0.0,,,C,2271.0,147.0,2124.0,solexs,2.9668162944589497e-06
F1778965808,2026-05-16 21:10:08,2026-05-16 21:13:13,2026-05-16 21:27:46,32.0,13.473867595818813,22.569201346070173,False,0.0,,,B,1058.0,185.0,873.0,solexs,8.028733609749356e-07
F1778968265,2026-05-16 21:51:05,2026-05-16 21:55:27,2026-05-16 21:59:19,39.0,12.952380952380953,32.36743054714244,False,0.0,,,B,494.0,262.0,232.0,solexs,9.542334558471005e-07
F1778969764,2026-05-16 22:16:04,2026-05-16 22:27:03,2026-05-16 22:40:37,43.0,8.734874881216344,51.605500717157426,False,0.0,,,C,1473.0,659.0,814.0,solexs,1.0391427984390398e-06
F1778973444,2026-05-16 23:17:24,2026-05-16 23:29:08,2026-05-16 23:57:22,300.0,8.80952380952381,462.87498051913497,False,0.0,,,C,2398.0,704.0,1694.0,solexs,5.665321758709641e-06
F1778988765,2026-05-17 03:32:45,2026-05-17 03:39:00,2026-05-17 04:00:41,978.0,2.428571428571428,2036.9350523366509,False,0.0,,,M,1676.0,375.0,1301.0,solexs,1.5896011010636753e-05
F1779068733,2026-05-18 01:45:33,2026-05-18 01:49:33,2026-05-18 02:03:22,13.0,2.428571428571428,30.337042282559157,False,0.0,,,B,1069.0,240.0,829.0,solexs,3.656831126008119e-07
F1779074658,2026-05-18 03:24:18,2026-05-18 03:28:48,2026-05-18 03:34:53,22.0,4.095238095238095,39.567988224539796,False,0.0,,,B,635.0,270.0,365.0,solexs,5.788663637004989e-07
F1779128183,2026-05-18 18:16:23,2026-05-18 18:26:40,2026-05-18 19:18:38,72.0,5.330799282018794,151.98103519360183,False,0.0,,,C,3735.0,617.0,3118.0,solexs,1.6297435634242153e-06
F1779134291,2026-05-18 19:58:11,2026-05-18 19:59:45,2026-05-18 20:05:25,17.0,3.817125963467426,29.929554721827042,False,0.0,,,B,434.0,94.0,340.0,solexs,4.6218926413135106e-07
F1779176195,2026-05-19 07:36:35,2026-05-19 07:40:01,2026-05-19 07:53:24,76.0,3.3333333333333326,175.28280124013085,False,0.0,,,C,1009.0,206.0,803.0,solexs,1.7085173645996588e-06
F1779183922,2026-05-19 09:45:22,2026-05-19 09:45:58,2026-05-19 09:46:30,16.0,3.471122373561397,30.07681453546616,False,0.0,,,B,68.0,36.0,32.0,solexs,4.3836253255338715e-07
F1779186206,2026-05-19 10:23:26,2026-05-19 10:26:28,2026-05-19 10:33:09,25.0,3.19047619047619,54.60512770400523,False,0.0,,,B,583.0,182.0,401.0,solexs,6.472135544461507e-07
F1779199619,2026-05-19 14:06:59,2026-05-19 14:08:10,2026-05-19 14:12:04,17.0,3.9806778587266383,29.119776907042347,False,0.0,,,B,305.0,71.0,234.0,solexs,4.6218926413135106e-07
F1779209260,2026-05-19 16:47:40,2026-05-19 16:51:10,2026-05-19 17:11:52,37.0,4.013937282229964,77.03884499348926,False,0.0,,,B,1452.0,210.0,1242.0,solexs,9.113689870620098e-07
F1779220179,2026-05-19 19:49:39,2026-05-19 20:01:05,2026-05-19 20:45:07,85.0,4.860732763171788,181.38617885282537,False,0.0,,,C,3328.0,686.0,2642.0,solexs,1.883884114052155e-06
F1779225505,2026-05-19 21:18:25,2026-05-19 21:45:02,2026-05-19 21:50:55,32.0,4.955442931052687,37.36930874368522,False,0.0,,,B,1950.0,1597.0,353.0,solexs,8.028733609749356e-07
F1779227982,2026-05-19 21:59:42,2026-05-19 22:02:32,2026-05-19 22:20:21,47.0,5.619047619047619,70.51741221818286,False,0.0,,,C,1239.0,170.0,1069.0,solexs,1.1230537769694857e-06
F1779242224,2026-05-20 01:57:04,2026-05-20 01:57:14,2026-05-20 02:04:19,18.0,4.597508182874035,28.201551458086996,False,0.0,,,B,435.0,10.0,425.0,solexs,4.858386174718817e-07
F1779242996,2026-05-20 02:09:56,2026-05-20 02:09:18,2026-05-20 02:11:31,15.0,5.107063668039277,19.866162394946414,False,0.0,,,B,95.0,-38.0,133.0,solexs,4.143458635377904e-07
F1779244828,2026-05-20 02:40:28,2026-05-20 02:43:14,2026-05-20 02:51:39,22.0,5.904761904761904,29.621783822128535,False,0.0,,,B,671.0,166.0,505.0,solexs,5.788663637004989e-07
F1779247822,2026-05-20 03:30:22,2026-05-20 03:33:56,2026-05-20 03:37:42,22.0,5.676380530039065,30.604647036694658,False,0.0,,,B,440.0,214.0,226.0,solexs,5.788663637004989e-07
F1779250698,2026-05-20 04:18:18,2026-05-20 04:23:08,2026-05-20 05:13:21,27.0,8.804561292366168,34.06605125636697,False,0.0,,,B,3303.0,290.0,3013.0,solexs,6.921945017799407e-07
F1779259229,2026-05-20 06:40:29,2026-05-20 06:44:56,2026-05-20 06:46:08,24.0,7.384700665188469,27.500904405209457,False,0.0,,,B,339.0,267.0,72.0,solexs,6.245533473619894e-07
F1779271519,2026-05-20 10:05:19,2026-05-20 10:09:06,2026-05-20 10:25:15,30.0,5.575335233871819,46.677150592391584,False,0.0,,,B,1196.0,227.0,969.0,solexs,7.588861532643259e-07
F1779288734,2026-05-20 14:52:14,2026-05-20 14:55:36,2026-05-20 15:05:46,19.0,6.1584837926301335,23.53054163956257,False,0.0,,,B,812.0,202.0,610.0,solexs,5.093216705821942e-07
F1779320778,2026-05-20 23:46:18,2026-05-20 23:49:06,2026-05-20 23:59:28,21.0,6.704255094498997,24.939738299436772,False,0.0,,,B,790.0,168.0,622.0,solexs,5.55827192573561e-07
F1779341953,2026-05-21 05:39:13,2026-05-21 05:40:01,2026-05-21 05:44:38,19.0,6.13821138211382,23.350568783658794,False,0.0,,,B,325.0,48.0,277.0,solexs,5.093216705821942e-07
F1779349155,2026-05-21 07:39:15,2026-05-21 07:44:55,2026-05-21 07:54:58,22.0,6.169306303452645,28.53627021498883,False,0.0,,,B,943.0,340.0,603.0,solexs,5.788663637004989e-07
F1779351569,2026-05-21 08:19:29,2026-05-21 08:19:39,2026-05-21 08:22:16,20.0,6.142857142857142,25.003654217983655,False,0.0,,,B,167.0,10.0,157.0,solexs,5.326482637068238e-07
F1779363174,2026-05-21 11:32:54,2026-05-21 11:34:09,2026-05-21 11:38:10,17.0,5.319501636574807,22.537461902315435,False,0.0,,,B,316.0,75.0,241.0,solexs,4.6218926413135106e-07
F1779369332,2026-05-21 13:15:32,2026-05-21 13:20:51,2026-05-21 13:33:09,306.0,6.3425720620842565,543.4324555492319,False,0.0,,,C,1057.0,319.0,738.0,solexs,5.7641190600098126e-06
F1779371286,2026-05-21 13:48:06,2026-05-21 13:48:47,2026-05-21 13:51:11,24.0,7.275578080456129,27.44322000387103,False,0.0,,,B,185.0,41.0,144.0,solexs,6.245533473619894e-07
F1779379337,2026-05-21 16:02:17,2026-05-21 16:05:23,2026-05-21 16:09:23,17.0,5.285714285714285,22.786570589445866,False,0.0,,,B,426.0,186.0,240.0,solexs,4.6218926413135106e-07
F1779380158,2026-05-21 16:15:58,2026-05-21 16:16:14,2026-05-21 16:21:55,21.0,5.863847534579241,28.922006949193925,False,0.0,,,B,357.0,16.0,341.0,solexs,5.55827192573561e-07
F1779381078,2026-05-21 16:31:18,2026-05-21 16:36:27,2026-05-21 16:42:22,31.0,7.986696230598669,36.428599747865356,False,0.0,,,B,664.0,309.0,355.0,solexs,7.809247997705754e-07
F1779382323,2026-05-21 16:52:03,2026-05-21 16:54:00,2026-05-21 16:55:40,27.0,7.930049625171576,30.303801081304808,False,0.0,,,B,217.0,117.0,100.0,solexs,6.921945017799407e-07
F1779383063,2026-05-21 17:04:23,2026-05-21 17:04:53,2026-05-21 17:08:12,24.0,6.7440080244958285,29.56460042322946,False,0.0,,,B,229.0,30.0,199.0,solexs,6.245533473619894e-07
F1779383672,2026-05-21 17:14:32,2026-05-21 17:16:32,2026-05-21 17:16:48,18.0,6.476190476190475,20.2512232918885,False,0.0,,,B,136.0,120.0,16.0,solexs,4.858386174718817e-07
F1779386276,2026-05-21 17:57:56,2026-05-21 18:25:46,2026-05-21 18:53:49,545.0,9.922764227642276,669.6529639092147,False,0.0,,,C,3353.0,1670.0,1683.0,solexs,9.540789284022885e-06
F1779392139,2026-05-21 19:35:39,2026-05-21 19:36:26,2026-05-21 19:38:36,25.0,7.619047619047619,28.16036136808177,False,0.0,,,B,177.0,47.0,130.0,solexs,6.472135544461507e-07
F1779392767,2026-05-21 19:46:07,2026-05-21 19:55:23,2026-05-21 20:32:41,41.0,11.726322458029774,43.90730022447568,False,0.0,,,B,2794.0,556.0,2238.0,solexs,9.968196385014052e-07
F1779404813,2026-05-21 23:06:53,2026-05-21 23:08:19,2026-05-21 23:22:24,36.0,9.626808151198393,37.06133209496626,False,0.0,,,B,931.0,86.0,845.0,solexs,8.898271515792934e-07
F1779495071,2026-05-23 00:11:11,2026-05-23 00:15:40,2026-05-23 00:26:49,33.0,11.127124907612712,28.855228811541306,False,0.0,,,B,938.0,269.0,669.0,solexs,8.247350041951388e-07
F1779502912,2026-05-23 02:21:52,2026-05-23 02:24:00,2026-05-23 02:34:35,53.0,10.769876464998415,55.73892350635721,False,0.0,,,C,763.0,128.0,635.0,solexs,1.2472527178803989e-06
F1779506704,2026-05-23 03:25:04,2026-05-23 03:28:10,2026-05-23 03:33:13,43.0,9.20620842572062,49.80942377153902,False,0.0,,,C,489.0,186.0,303.0,solexs,1.0391427984390398e-06
F1779508154,2026-05-23 03:49:14,2026-05-23 03:50:30,2026-05-23 03:53:59,54.0,8.226111287086896,70.92069118184442,False,0.0,,,C,285.0,76.0,209.0,solexs,1.2677737827074654e-06
F1779510113,2026-05-23 04:21:53,2026-05-23 04:22:33,2026-05-23 04:27:54,23.0,8.20620842572062,23.095279474022494,False,0.0,,,B,361.0,40.0,321.0,solexs,6.017729205999474e-07
F1779514837,2026-05-23 05:40:37,2026-05-23 05:48:41,2026-05-23 06:06:04,169.0,9.272093759898638,235.5021656193185,False,0.0,,,C,1527.0,484.0,1043.0,solexs,3.432660613560192e-06
F1779517184,2026-05-23 06:19:44,2026-05-23 06:40:57,2026-05-23 06:54:04,64.0,29.060922817020376,28.143463578566216,False,0.0,,,C,2060.0,1273.0,787.0,solexs,1.4704852397135108e-06
F1779519746,2026-05-23 07:02:26,2026-05-23 07:18:04,2026-05-23 07:36:51,87.0,16.433903494879104,76.4440682692878,False,0.0,,,C,2065.0,938.0,1127.0,solexs,1.9225261407027262e-06
F1779527521,2026-05-23 09:12:01,2026-05-23 09:13:23,2026-05-23 09:20:19,76.0,11.505648822721993,84.73213681826266,False,0.0,,,C,498.0,82.0,416.0,solexs,1.7085173645996588e-06
F1779536484,2026-05-23 11:41:24,2026-05-23 11:43:57,2026-05-23 11:53:06,134.0,9.989969380213282,174.0023483380212,False,0.0,,,C,702.0,153.0,549.0,solexs,2.8031312311171826e-06
F1779542016,2026-05-23 13:13:36,2026-05-23 13:19:18,2026-05-23 13:26:21,39.0,14.163340724316335,29.416279645140463,False,0.0,,,B,765.0,342.0,423.0,solexs,9.542334558471005e-07
F1779545328,2026-05-23 14:08:48,2026-05-23 14:11:19,2026-05-23 14:24:02,94.0,12.868018160701087,99.95142923424945,False,0.0,,,C,914.0,151.0,763.0,solexs,2.0569047158729886e-06
F1779547813,2026-05-23 14:50:13,2026-05-23 15:03:38,2026-05-23 15:22:56,60.0,14.749498469010664,55.23321630395801,False,0.0,,,C,1963.0,805.0,1158.0,solexs,1.38992142626712e-06
F1779555077,2026-05-23 16:51:17,2026-05-23 17:13:47,2026-05-23 17:22:34,69.0,21.99033892936332,44.95201680316131,False,0.0,,,C,1877.0,1350.0,527.0,solexs,1.5702990755445013e-06
F1779557906,2026-05-23 17:38:26,2026-05-23 17:46:52,2026-05-23 18:06:13,73.0,18.25836764861155,54.64234399424323,False,0.0,,,C,1667.0,506.0,1161.0,solexs,1.6494879576016124e-06
F1779560887,2026-05-23 18:28:07,2026-05-23 18:28:45,2026-05-23 18:38:46,46.0,17.587160806673,30.29924200762655,False,0.0,,,C,639.0,38.0,601.0,solexs,1.1021641026014044e-06
F1779563113,2026-05-23 19:05:13,2026-05-23 19:25:09,2026-05-23 19:41:31,106.0,22.272304930841514,78.31339494423506,False,0.0,,,C,2178.0,1196.0,982.0,solexs,2.2843785844489447e-06
F1779565819,2026-05-23 19:50:19,2026-05-23 19:57:24,2026-05-23 20:49:10,119.0,50.72869813113715,37.90737660967142,False,0.0,,,C,3531.0,425.0,3106.0,solexs,2.5271496843410326e-06
F1779570114,2026-05-23 21:01:54,2026-05-23 22:04:42,2026-05-23 22:14:56,285.0,37.35487276950691,211.40666583010437,False,0.0,,,C,4382.0,3768.0,614.0,solexs,5.417216837338371e-06
F1779575164,2026-05-23 22:26:04,2026-05-23 22:32:15,2026-05-23 23:01:38,109.0,28.661598564037583,68.58230475049703,False,0.0,,,C,2134.0,371.0,1763.0,solexs,2.340722736352315e-06
F1779578047,2026-05-23 23:14:07,2026-05-23 23:24:28,2026-05-23 23:25:25,50.0,26.6823989019111,20.18768083409325,False,0.0,,,C,678.0,621.0,57.0,solexs,1.1853899070706525e-06
F1779579917,2026-05-23 23:45:17,2026-05-23 23:59:13,2026-05-24 00:33:37,241.0,26.6823989019111,182.191508599375,False,0.0,,,C,2900.0,836.0,2064.0,solexs,4.679441720648422e-06
F1779583900,2026-05-24 00:51:40,2026-05-24 01:04:03,2026-05-24 01:28:48,164.0,22.5453489599831,135.60456033301503,False,0.0,,,C,2228.0,743.0,1485.0,solexs,3.3438272119991387e-06
F1779587850,2026-05-24 01:57:30,2026-05-24 02:37:53,2026-05-24 03:06:56,179.0,26.387604265653046,133.88962319132295,False,0.0,,,C,4166.0,2423.0,1743.0,solexs,3.6093389403005274e-06
F1779593468,2026-05-24 03:31:08,2026-05-24 03:34:08,2026-05-24 03:41:41,46.0,18.730017949530144,28.10489133372625,False,0.0,,,C,633.0,180.0,453.0,solexs,1.1021641026014044e-06
F1779598125,2026-05-24 04:48:45,2026-05-24 04:50:36,2026-05-24 04:57:09,33.0,11.349065568577762,28.74164295637501,False,0.0,,,B,504.0,111.0,393.0,solexs,8.247350041951388e-07
F1779600309,2026-05-24 05:25:09,2026-05-24 05:26:36,2026-05-24 05:36:13,29.0,10.821032625910673,24.13260227805065,False,0.0,,,B,664.0,87.0,577.0,solexs,7.367540289860129e-07
F1779601665,2026-05-24 05:47:45,2026-05-24 05:50:10,2026-05-24 05:51:45,30.0,9.063351282863477,31.10124380249093,False,0.0,,,B,240.0,145.0,95.0,solexs,7.588861532643259e-07
F1779617455,2026-05-24 10:10:55,2026-05-24 10:32:59,2026-05-24 11:00:25,43.0,11.621053743004964,36.29465302500507,False,0.0,,,C,2970.0,1324.0,1646.0,solexs,1.0391427984390398e-06
F1779623121,2026-05-24 11:45:21,2026-05-24 11:50:32,2026-05-24 12:09:18,39.0,11.273730334705943,35.29641051410497,False,0.0,,,B,1437.0,311.0,1126.0,solexs,9.542334558471005e-07
F1779647463,2026-05-24 18:31:03,2026-05-24 18:36:49,2026-05-24 18:43:56,37.0,10.178122690317812,37.88608778876288,False,0.0,,,B,773.0,346.0,427.0,solexs,9.113689870620098e-07
F1779651504,2026-05-24 19:38:24,2026-05-24 19:40:20,2026-05-24 19:42:28,24.0,9.835075493612079,20.184544102150603,False,0.0,,,B,244.0,116.0,128.0,solexs,6.245533473619894e-07
F1779670625,2026-05-25 00:57:05,2026-05-25 01:04:08,2026-05-25 01:32:28,173.0,11.262168725583358,231.31812234614313,False,0.0,,,C,2123.0,423.0,1700.0,solexs,3.503486989215673e-06
F1779673130,2026-05-25 01:38:50,2026-05-25 01:39:15,2026-05-25 01:41:31,39.0,16.25493612078978,25.089743383227933,False,0.0,,,B,161.0,25.0,136.0,solexs,9.542334558471005e-07
F1779675884,2026-05-25 02:24:44,2026-05-25 02:24:54,2026-05-25 02:27:36,28.0,13.389082462253194,17.835775815193784,False,0.0,,,B,172.0,10.0,162.0,solexs,7.145247849646818e-07
F1779679791,2026-05-25 03:29:51,2026-05-25 03:30:01,2026-05-25 03:31:49,29.0,13.224791468693908,19.41873157768743,False,0.0,,,B,118.0,10.0,108.0,solexs,7.367540289860129e-07
F1779680689,2026-05-25 03:44:49,2026-05-25 03:45:26,2026-05-25 03:45:51,35.0,13.908562981733711,25.283757234302414,False,0.0,,,B,62.0,37.0,25.0,solexs,8.682092054493216e-07
F1779681587,2026-05-25 03:59:47,2026-05-25 04:06:13,2026-05-25 04:07:45,33.0,13.923978460563827,23.187738902798667,False,0.0,,,B,478.0,386.0,92.0,solexs,8.247350041951388e-07
F1779685723,2026-05-25 05:08:43,2026-05-25 05:09:03,2026-05-25 05:18:13,31.0,11.8858621053743,24.75840046569649,False,0.0,,,B,570.0,20.0,550.0,solexs,7.809247997705754e-07
F1779691585,2026-05-25 06:46:25,2026-05-25 06:52:22,2026-05-25 07:15:35,59.0,13.158589378101572,56.51559492395148,False,0.0,,,C,1750.0,357.0,1393.0,solexs,1.3696754273924648e-06
F1779695153,2026-05-25 07:45:53,2026-05-25 07:52:44,2026-05-25 08:04:55,34.0,12.416640270298807,28.022992124145972,False,0.0,,,B,1142.0,411.0,731.0,solexs,8.465126929032813e-07
F1779708775,2026-05-25 11:32:55,2026-05-25 11:58:26,2026-05-25 11:59:54,51.0,16.30566993981628,31.512552958070913,False,0.0,,,C,1619.0,1531.0,88.0,solexs,1.2060618704286024e-06
F1779714317,2026-05-25 13:05:17,2026-05-25 13:07:50,2026-05-25 13:25:07,38.0,15.292049414000633,24.980138304370943,False,0.0,,,B,1190.0,153.0,1037.0,solexs,9.328370266861128e-07
F1779720387,2026-05-25 14:46:27,2026-05-25 14:59:14,2026-05-25 15:00:26,33.0,11.444303663815859,28.07604210710376,False,0.0,,,B,839.0,767.0,72.0,solexs,8.247350041951388e-07
F1779723672,2026-05-25 15:41:12,2026-05-25 15:46:03,2026-05-25 15:58:38,38.0,16.012459085629814,25.195654506822425,False,0.0,,,B,1046.0,291.0,755.0,solexs,9.328370266861128e-07
F1779736397,2026-05-25 19:13:17,2026-05-25 19:16:40,2026-05-25 19:24:52,42.0,17.994298384542283,25.201991575203174,False,0.0,,,C,695.0,203.0,492.0,solexs,1.0180132038735514e-06
F1779740688,2026-05-25 20:24:48,2026-05-25 20:43:23,2026-05-25 20:46:50,50.0,18.01425403864428,31.109878808014848,False,0.0,,,C,1322.0,1115.0,207.0,solexs,1.1853899070706525e-06
F1779743112,2026-05-25 21:05:12,2026-05-25 22:42:55,2026-05-25 23:24:33,233.0,56.82525604476824,77.13024159841719,False,0.0,,,C,8361.0,5863.0,2498.0,solexs,4.543538167604147e-06
F1779752361,2026-05-25 23:39:21,2026-05-25 23:41:07,2026-05-25 23:53:58,92.0,48.92049414000633,27.54484249571898,False,0.0,,,C,877.0,106.0,771.0,solexs,2.018644687188779e-06
F1779754219,2026-05-26 00:10:19,2026-05-26 00:20:01,2026-05-26 00:56:20,78.0,32.739942983845424,32.24655914554512,False,0.0,,,C,2761.0,582.0,2179.0,solexs,1.747705529001579e-06
F1779758478,2026-05-26 01:21:18,2026-05-26 01:25:57,2026-05-26 02:02:12,51.0,22.928624221307146,24.981303240753615,False,0.0,,,C,2454.0,279.0,2175.0,solexs,1.2060618704286024e-06
F1779763430,2026-05-26 02:43:50,2026-05-26 03:14:46,2026-05-26 03:41:11,58.0,27.403125329954598,24.103569129237034,False,0.0,,,C,3441.0,1856.0,1585.0,solexs,1.349385815476341e-06
F1779768595,2026-05-26 04:09:55,2026-05-26 04:10:05,2026-05-26 04:17:24,49.0,22.730017949530144,24.6419393616902,False,0.0,,,C,449.0,10.0,439.0,solexs,1.164665386329856e-06
F1779775169,2026-05-26 05:59:29,2026-05-26 06:06:53,2026-05-26 06:18:04,48.0,19.984478935698448,27.728694620184367,False,0.0,,,C,1115.0,444.0,671.0,solexs,1.1438870977039946e-06
F1779779665,2026-05-26 07:14:25,2026-05-26 07:16:45,2026-05-26 07:39:26,86.0,19.751715763910887,66.86157684219805,False,0.0,,,C,1501.0,140.0,1361.0,solexs,1.9032193884271946e-06
F1779782944,2026-05-26 08:09:04,2026-05-26 08:39:33,2026-05-26 09:24:57,116.0,27.603104212860313,57.48833918491558,False,0.0,,,C,4553.0,1829.0,2724.0,solexs,2.4714382376907434e-06
F1779788732,2026-05-26 09:45:32,2026-05-26 09:48:09,2026-05-26 10:30:59,52.0,18.389240840460353,31.175551100286825,False,0.0,,,C,2727.0,157.0,2570.0,solexs,1.2266824364751102e-06
F1779794964,2026-05-26 11:29:24,2026-05-26 11:32:44,2026-05-26 11:55:19,42.0,16.482261640798225,28.21046614941072,False,0.0,,,C,1555.0,200.0,1355.0,solexs,1.0180132038735514e-06
F1779798862,2026-05-26 12:34:22,2026-05-26 12:38:19,2026-05-26 12:54:55,576.0,15.29738148030831,631.5127847556614,False,0.0,,,M,1233.0,237.0,996.0,solexs,1.0012905971469188e-05
F1779803563,2026-05-26 13:52:43,2026-05-26 13:57:44,2026-05-26 14:21:24,53.0,14.072326047935803,49.82910207131454,False,0.0,,,C,1721.0,301.0,1420.0,solexs,1.2472527178803989e-06
F1779813920,2026-05-26 16:45:20,2026-05-26 16:46:17,2026-05-26 16:48:29,25.0,11.730017949530144,17.327503486746913,False,0.0,,,B,189.0,57.0,132.0,solexs,6.472135544461507e-07
F1779814939,2026-05-26 17:02:19,2026-05-26 17:04:44,2026-05-26 17:11:50,33.0,12.777636997149191,25.300064407894425,False,0.0,,,B,571.0,145.0,426.0,solexs,8.247350041951388e-07
F1779818221,2026-05-26 17:57:01,2026-05-26 17:59:45,2026-05-26 18:09:55,31.0,11.627494456762749,25.03139052946003,False,0.0,,,B,774.0,164.0,610.0,solexs,7.809247997705754e-07
F1779825747,2026-05-26 20:02:27,2026-05-26 20:18:49,2026-05-26 20:28:13,94.0,12.968113187625383,100.35578722835277,False,0.0,,,C,1546.0,982.0,564.0,solexs,2.0569047158729886e-06
F1779828144,2026-05-26 20:42:24,2026-05-26 20:50:43,2026-05-26 21:23:18,69.0,15.825256044768238,59.77850265109489,False,0.0,,,C,2454.0,499.0,1955.0,solexs,1.5702990755445013e-06
F1779831738,2026-05-26 21:42:18,2026-05-26 21:43:55,2026-05-26 21:45:57,34.0,12.407401541547884,27.41298889552518,False,0.0,,,B,219.0,97.0,122.0,solexs,8.465126929032813e-07
F1779838263,2026-05-26 23:31:03,2026-05-26 23:48:39,2026-05-27 00:28:42,217.0,14.24242424242424,242.12536312003184,False,0.0,,,C,3459.0,1056.0,2403.0,solexs,4.269925795319707e-06
F1779846852,2026-05-27 01:54:12,2026-05-27 01:59:31,2026-05-27 02:07:37,77.0,9.59708584098828,97.12421302100937,False,0.0,,,C,805.0,319.0,486.0,solexs,1.7281275999348735e-06
F1779869290,2026-05-27 08:08:10,2026-05-27 08:08:20,2026-05-27 08:10:16,22.0,7.511667194594024,23.667429672988934,False,0.0,,,B,126.0,10.0,116.0,solexs,5.788663637004989e-07
F1779883187,2026-05-27 11:59:47,2026-05-27 12:16:16,2026-05-27 13:07:16,130.0,15.836184141062189,140.70455785044263,False,0.0,,,C,4049.0,989.0,3060.0,solexs,2.729938457433488e-06
F1779888083,2026-05-27 13:21:23,2026-05-27 13:23:12,2026-05-27 13:47:12,103.0,15.682398901911096,98.60763555713078,False,0.0,,,C,1549.0,109.0,1440.0,solexs,2.227831596015032e-06
F1779897348,2026-05-27 15:55:48,2026-05-27 16:05:19,2026-05-27 16:10:20,29.0,11.030830957660225,23.301350646656584,False,0.0,,,B,872.0,571.0,301.0,solexs,7.367540289860129e-07
F1779900420,2026-05-27 16:47:00,2026-05-27 16:52:40,2026-05-27 16:56:15,28.0,11.331116038433112,22.21108602083624,False,0.0,,,B,555.0,340.0,215.0,solexs,7.145247849646818e-07
F1779907318,2026-05-27 18:41:58,2026-05-27 18:44:32,2026-05-27 18:51:10,26.0,7.349065568577763,30.768018784450923,False,0.0,,,B,552.0,154.0,398.0,solexs,6.697589503268807e-07
F1779914781,2026-05-27 20:46:21,2026-05-27 20:49:03,2026-05-27 20:53:19,22.0,7.885545348959983,22.59812625565501,False,0.0,,,B,418.0,162.0,256.0,solexs,5.788663637004989e-07
F1779981239,2026-05-28 15:13:59,2026-05-28 15:16:25,2026-05-28 15:34:55,133.0,8.20620842572062,194.82142076692654,False,0.0,,,C,1256.0,146.0,1110.0,solexs,2.7848593615840564e-06
F1779985926,2026-05-28 16:32:06,2026-05-28 16:36:19,2026-05-28 16:42:12,39.0,10.031147714074542,40.71698980155787,False,0.0,,,B,606.0,253.0,353.0,solexs,9.542334558471005e-07
F1779986958,2026-05-28 16:49:18,2026-05-28 16:50:15,2026-05-28 16:52:57,38.0,9.96811318762538,39.706430630090644,False,0.0,,,B,219.0,57.0,162.0,solexs,9.328370266861128e-07
F1779996771,2026-05-28 19:32:51,2026-05-28 19:37:06,2026-05-28 19:43:10,28.0,8.414475768134304,30.226135534739957,False,0.0,,,B,619.0,255.0,364.0,solexs,7.145247849646818e-07
F1780014932,2026-05-29 00:35:32,2026-05-29 00:35:57,2026-05-29 00:42:45,24.0,8.301868862844472,24.366102304231834,False,0.0,,,B,433.0,25.0,408.0,solexs,6.245533473619894e-07
F1780020315,2026-05-29 02:05:15,2026-05-29 02:15:41,2026-05-29 02:25:13,31.0,9.26681448632668,31.888888957391035,False,0.0,,,B,1198.0,626.0,572.0,solexs,7.809247997705754e-07
F1780030452,2026-05-29 04:54:12,2026-05-29 05:40:12,2026-05-29 06:19:47,363.0,66.53362897265336,109.33681688610946,False,0.0,,,C,5135.0,2760.0,2375.0,solexs,6.691140948933652e-06
F1780035948,2026-05-29 06:25:48,2026-05-29 07:03:16,2026-05-29 08:19:48,638.0,65.92049414000634,194.58912746016046,False,0.0,,,M,6840.0,2248.0,4592.0,solexs,1.0947674877284149e-05
F1780060378,2026-05-29 13:12:58,2026-05-29 13:17:18,2026-05-29 13:19:08,32.0,10.671206841938549,29.09655520084821,False,0.0,,,B,370.0,260.0,110.0,solexs,8.028733609749356e-07
F1780061458,2026-05-29 13:30:58,2026-05-29 13:31:08,2026-05-29 13:36:51,27.0,9.920494140006333,24.250664705084603,False,0.0,,,B,353.0,10.0,343.0,solexs,6.921945017799407e-07
F1780064225,2026-05-29 14:17:05,2026-05-29 14:17:55,2026-05-29 14:29:48,28.0,8.633776792313377,28.61330639754893,False,0.0,,,B,763.0,50.0,713.0,solexs,7.145247849646818e-07
F1780069586,2026-05-29 15:46:26,2026-05-29 15:50:52,2026-05-29 16:02:43,34.0,7.682398901911096,42.463214828275085,False,0.0,,,B,977.0,266.0,711.0,solexs,8.465126929032813e-07
F1780081618,2026-05-29 19:06:58,2026-05-29 19:07:57,2026-05-29 19:14:04,27.0,6.920494140006334,34.13496533809805,False,0.0,,,B,426.0,59.0,367.0,solexs,6.921945017799407e-07
F1780083077,2026-05-29 19:31:17,2026-05-29 19:46:02,2026-05-29 20:17:58,115.0,9.110970330482525,172.46202888773544,False,0.0,,,C,2801.0,885.0,1916.0,solexs,2.452827301204531e-06
F1780089325,2026-05-29 21:15:25,2026-05-29 21:28:35,2026-05-29 21:54:29,66.0,7.777636997149192,93.15338093842581,False,0.0,,,C,2344.0,790.0,1554.0,solexs,1.5105254568059737e-06
F1780108613,2026-05-30 02:36:53,2026-05-30 02:39:44,2026-05-30 02:45:28,33.0,9.253827473339669,34.90984475418757,False,0.0,,,B,515.0,171.0,344.0,solexs,8.247350041951388e-07
F1780115134,2026-05-30 04:25:34,2026-05-30 04:47:39,2026-05-30 04:48:38,35.0,8.938654841093864,34.542361484023644,False,0.0,,,B,1384.0,1325.0,59.0,solexs,8.682092054493216e-07
F1780121486,2026-05-30 06:11:26,2026-05-30 06:14:25,2026-05-30 06:21:00,26.0,9.261957554640482,24.864243838770683,False,0.0,,,B,574.0,179.0,395.0,solexs,6.697589503268807e-07
F1780124802,2026-05-30 07:06:42,2026-05-30 07:10:47,2026-05-30 07:10:42,29.0,13.539541759053954,18.7903719477424,False,0.0,,,B,240.0,245.0,-5.0,solexs,7.367540289860129e-07
F1780126469,2026-05-30 07:34:29,2026-05-30 07:46:49,2026-05-30 08:16:30,153.0,13.545190581775948,168.2355036934174,False,0.0,,,C,2521.0,740.0,1781.0,solexs,3.1471636149652157e-06
F1780130674,2026-05-30 08:44:34,2026-05-30 08:50:37,2026-05-30 09:19:12,53.0,11.865484109386548,51.03269452258049,False,0.0,,,C,2078.0,363.0,1715.0,solexs,1.2472527178803989e-06
F1780141872,2026-05-30 11:51:12,2026-05-30 11:53:20,2026-05-30 11:59:06,204.0,6.825256044768239,337.5256709357874,False,0.0,,,C,474.0,128.0,346.0,solexs,4.045729383659263e-06
F1780143643,2026-05-30 12:20:43,2026-05-30 12:25:48,2026-05-30 12:29:11,21.0,7.163657480730651,23.00987697077802,False,0.0,,,B,508.0,305.0,203.0,solexs,5.55827192573561e-07
F1780149571,2026-05-30 13:59:31,2026-05-30 14:02:20,2026-05-30 14:06:27,22.0,8.561609122584732,20.51952056225915,False,0.0,,,B,416.0,169.0,247.0,solexs,5.788663637004989e-07
F1780152163,2026-05-30 14:42:43,2026-05-30 14:48:05,2026-05-30 14:58:06,29.0,7.768451061133987,33.83997210299496,False,0.0,,,B,923.0,322.0,601.0,solexs,7.367540289860129e-07
F1780162394,2026-05-30 17:33:14,2026-05-30 17:35:59,2026-05-30 17:42:47,28.0,6.8539225002639625,36.23564089648537,False,0.0,,,B,573.0,165.0,408.0,solexs,7.145247849646818e-07
F1780171008,2026-05-30 19:56:48,2026-05-30 20:03:04,2026-05-30 20:04:48,23.0,7.9796220040122465,23.334753292371595,False,0.0,,,B,480.0,376.0,104.0,solexs,6.017729205999474e-07
F1780179908,2026-05-30 22:25:08,2026-05-30 22:37:42,2026-05-30 22:49:08,34.0,7.349065568577763,43.96543530964738,False,0.0,,,B,1440.0,754.0,686.0,solexs,8.465126929032813e-07
F1780231361,2026-05-31 12:42:41,2026-05-31 12:49:03,2026-05-31 12:57:24,34.0,7.539541759053954,43.09628984017821,False,0.0,,,B,883.0,382.0,501.0,solexs,8.465126929032813e-07
F1780250444,2026-05-31 18:00:44,2026-05-31 18:12:56,2026-05-31 18:42:40,50.0,9.253827473339669,69.03100866976574,False,0.0,,,C,2516.0,732.0,1784.0,solexs,1.1853899070706525e-06
F1780256494,2026-05-31 19:41:34,2026-05-31 19:43:22,2026-05-31 19:51:29,49.0,7.398690740154153,68.21395835218304,False,0.0,,,C,595.0,108.0,487.0,solexs,1.164665386329856e-06
F1780263446,2026-05-31 21:37:26,2026-05-31 21:50:35,2026-05-31 22:37:49,61.0,11.587160806673001,64.68927540744946,False,0.0,,,C,3623.0,789.0,2834.0,solexs,1.4101246304740755e-06
F1780284958,2026-06-01 03:35:58,2026-06-01 03:37:45,2026-06-01 03:39:30,29.0,8.682398901911096,30.83667614487947,False,0.0,,,B,212.0,107.0,105.0,solexs,7.367540289860129e-07
F1780285958,2026-06-01 03:52:38,2026-06-01 03:53:05,2026-06-01 03:54:01,20.0,7.064935064935065,21.758824609440165,False,0.0,,,B,83.0,27.0,56.0,solexs,5.326482637068238e-07
F1780291004,2026-06-01 05:16:44,2026-06-01 05:18:26,2026-06-01 05:29:00,42.0,7.301446520958716,57.42776489439787,False,0.0,,,C,736.0,102.0,634.0,solexs,1.0180132038735514e-06
F1780354115,2026-06-01 22:48:35,2026-06-01 22:50:57,2026-06-01 22:50:12,19.0,5.863108436279168,24.365736327745193,False,0.0,,,B,97.0,142.0,-45.0,solexs,5.093216705821942e-07
F1780366354,2026-06-02 02:12:34,2026-06-02 02:12:44,2026-06-02 02:13:46,19.0,6.539541759053954,21.790909308477733,False,0.0,,,B,72.0,10.0,62.0,solexs,5.093216705821942e-07
F1780367417,2026-06-02 02:30:17,2026-06-02 02:50:29,2026-06-02 03:07:43,47.0,7.435804033365008,55.84877844779995,False,0.0,,,C,2246.0,1212.0,1034.0,solexs,1.1230537769694857e-06
F1780373729,2026-06-02 04:15:29,2026-06-02 04:20:58,2026-06-02 04:34:16,44.0,9.589061345158905,50.07564430821268,False,0.0,,,C,1127.0,329.0,798.0,solexs,1.0602100965893052e-06
F1780375431,2026-06-02 04:43:51,2026-06-02 04:44:58,2026-06-02 05:51:36,737.0,14.539541759053954,847.3322192972333,False,0.0,,,M,4065.0,67.0,3998.0,solexs,1.2416967937384562e-05
F1780382707,2026-06-02 06:45:07,2026-06-02 06:59:41,2026-06-02 07:16:32,100.0,8.517316017316016,135.34926910269866,False,0.0,,,C,1885.0,874.0,1011.0,solexs,2.1710750989871012e-06
F1780386834,2026-06-02 07:53:54,2026-06-02 07:55:08,2026-06-02 08:00:20,32.0,7.7300179495301435,39.038597047257404,False,0.0,,,B,386.0,74.0,312.0,solexs,8.028733609749356e-07
F1780388735,2026-06-02 08:25:35,2026-06-02 08:44:04,2026-06-02 09:01:05,142.0,13.02069475240207,157.78255390441078,False,0.0,,,C,2130.0,1109.0,1021.0,solexs,2.948695135941977e-06
F1780391415,2026-06-02 09:10:15,2026-06-02 09:11:29,2026-06-02 09:37:45,59.0,18.444620420230176,35.935610339561066,False,0.0,,,C,1650.0,74.0,1576.0,solexs,1.3696754273924648e-06
F1780394238,2026-06-02 09:57:18,2026-06-02 10:04:44,2026-06-02 11:43:42,743.0,25.875197972758947,773.1560366827059,False,0.0,,,M,6384.0,446.0,5938.0,solexs,1.250517708335923e-05
F1780402924,2026-06-02 12:22:04,2026-06-02 12:27:21,2026-06-02 12:49:50,41.0,14.24601414845317,31.585785434212095,False,0.0,,,B,1666.0,317.0,1349.0,solexs,9.968196385014052e-07
F1780405932,2026-06-02 13:12:12,2026-06-02 13:17:36,2026-06-02 13:17:46,32.0,12.514729173265756,24.68171484368135,False,0.0,,,B,334.0,324.0,10.0,solexs,8.028733609749356e-07
F1780408507,2026-06-02 13:55:07,2026-06-02 13:58:03,2026-06-02 14:06:27,87.0,11.110970330482525,101.81646247491828,False,0.0,,,C,680.0,176.0,504.0,solexs,1.9225261407027262e-06
F1780411918,2026-06-02 14:51:58,2026-06-02 14:52:58,2026-06-02 14:53:28,30.0,12.169253510716924,22.855779607571186,False,0.0,,,B,90.0,60.0,30.0,solexs,7.588861532643259e-07
F1780418178,2026-06-02 16:36:18,2026-06-02 16:49:15,2026-06-02 17:27:24,2043.0,25.319184880160485,2476.720579636301,False,0.0,,,M,3066.0,777.0,2289.0,solexs,3.0241404689004537e-05
F1780421765,2026-06-02 17:36:05,2026-06-02 17:46:43,2026-06-02 17:56:11,46.0,18.056065885334178,29.436850143805685,False,0.0,,,C,1206.0,638.0,568.0,solexs,1.1021641026014044e-06
F1780423791,2026-06-02 18:09:51,2026-06-02 18:12:49,2026-06-02 18:32:09,100.0,17.920494140006333,86.71110899297328,False,0.0,,,C,1338.0,178.0,1160.0,solexs,2.1710750989871012e-06
F1780425450,2026-06-02 18:37:30,2026-06-02 18:40:34,2026-06-02 18:53:07,78.0,15.21454967796431,70.7481638016091,False,0.0,,,C,937.0,184.0,753.0,solexs,1.747705529001579e-06
F1780428519,2026-06-02 19:28:39,2026-06-02 19:32:53,2026-06-02 19:37:59,31.0,12.396684616196811,23.629393266292283,False,0.0,,,B,560.0,254.0,306.0,solexs,7.809247997705754e-07
F1780432057,2026-06-02 20:27:37,2026-06-02 20:39:26,2026-06-02 21:17:06,167.0,15.840724316334072,188.34322596668704,False,0.0,,,C,2969.0,709.0,2260.0,solexs,3.397167848708544e-06
F1780435415,2026-06-02 21:23:35,2026-06-02 21:24:42,2026-06-02 21:26:30,47.0,15.444303663815859,35.909437312008976,False,0.0,,,C,175.0,67.0,108.0,solexs,1.1230537769694857e-06
F1780440408,2026-06-02 22:46:48,2026-06-02 23:06:27,2026-06-02 23:10:24,36.0,10.96811318762538,27.050225734258593,False,0.0,,,B,1416.0,1179.0,237.0,solexs,8.898271515792934e-07
F1780443714,2026-06-02 23:41:54,2026-06-02 23:43:30,2026-06-02 23:44:25,33.0,12.57765811424348,25.76977812415041,False,0.0,,,B,151.0,96.0,55.0,solexs,8.247350041951388e-07
F1780446364,2026-06-03 00:26:04,2026-06-03 00:43:29,2026-06-03 01:05:20,155.0,15.665294055537958,165.04857207594097,False,0.0,,,C,2356.0,1045.0,1311.0,solexs,3.1830506217449693e-06
F1780449184,2026-06-03 01:13:04,2026-06-03 01:15:05,2026-06-03 01:18:31,56.0,19.920494140006333,36.151433685351336,False,0.0,,,C,327.0,121.0,206.0,solexs,1.3086723271328416e-06
F1780449868,2026-06-03 01:24:28,2026-06-03 01:35:06,2026-06-03 02:06:14,6580.0,18.199028613662758,6497.780038328853,False,0.0,,,M,2506.0,638.0,1868.0,solexs,8.396015630353706e-05
F1780454747,2026-06-03 02:45:47,2026-06-03 02:47:10,2026-06-03 03:01:22,32.0,13.920494140006335,21.581571706189703,False,0.0,,,B,935.0,83.0,852.0,solexs,8.028733609749356e-07
F1780457331,2026-06-03 03:28:51,2026-06-03 03:33:54,2026-06-03 03:44:40,54.0,14.556804983634251,46.87554455832505,False,0.0,,,C,949.0,303.0,646.0,solexs,1.2677737827074654e-06
F1780462356,2026-06-03 04:52:36,2026-06-03 04:56:19,2026-06-03 05:07:27,65.0,14.539541759053954,59.18216226277739,False,0.0,,,C,891.0,223.0,668.0,solexs,1.4905248997952339e-06
F1780464635,2026-06-03 05:30:35,2026-06-03 05:49:08,2026-06-03 05:52:19,43.0,13.855875831485587,35.80101584905335,False,0.0,,,C,1304.0,1113.0,191.0,solexs,1.0391427984390398e-06
F1780467347,2026-06-03 06:15:47,2026-06-03 06:28:25,2026-06-03 06:34:54,38.0,11.388871291310316,35.48063083322254,False,0.0,,,B,1147.0,758.0,389.0,solexs,9.328370266861128e-07
F1780469548,2026-06-03 06:52:28,2026-06-03 07:00:27,2026-06-03 07:35:40,5343.0,13.123323830640903,7120.374075837843,False,0.0,,,M,2592.0,479.0,2113.0,solexs,7.000259724508242e-05
F1780476435,2026-06-03 08:47:15,2026-06-03 08:49:54,2026-06-03 08:55:35,29.0,10.96811318762538,24.349509023184886,False,0.0,,,B,500.0,159.0,341.0,solexs,7.367540289860129e-07
F1780480846,2026-06-03 10:00:46,2026-06-03 10:01:05,2026-06-03 10:14:12,26.0,9.444303663815859,24.092256515324785,False,0.0,,,B,806.0,19.0,787.0,solexs,6.697589503268807e-07
F1780484121,2026-06-03 10:55:21,2026-06-03 11:28:03,2026-06-03 12:16:23,7190.0,16.182451694646815,5643.832895830902,False,0.0,,,M,4862.0,1962.0,2900.0,solexs,9.071689997675877e-05
F1780489552,2026-06-03 12:25:52,2026-06-03 12:28:40,2026-06-03 12:36:37,39.0,13.110970330482525,31.9752061953542,False,0.0,,,B,645.0,168.0,477.0,solexs,9.542334558471005e-07
F1780491142,2026-06-03 12:52:22,2026-06-03 13:10:55,2026-06-03 13:23:37,34.0,13.116988702354556,26.47262629400637,False,0.0,,,B,1875.0,1113.0,762.0,solexs,8.465126929032813e-07
F1780500661,2026-06-03 15:31:01,2026-06-03 15:34:44,2026-06-03 15:49:54,54.0,12.882166613873931,54.43125793091751,False,0.0,,,C,1133.0,223.0,910.0,solexs,1.2677737827074654e-06
F1780504506,2026-06-03 16:35:06,2026-06-03 16:53:50,2026-06-03 16:56:13,39.0,15.177489177489178,25.94092469028054,False,0.0,,,B,1267.0,1124.0,143.0,solexs,9.542334558471005e-07
F1780507509,2026-06-03 17:25:09,2026-06-03 17:39:08,2026-06-03 18:09:33,58.0,16.5167352972231,42.74398710225289,False,0.0,,,C,2664.0,839.0,1825.0,solexs,1.349385815476341e-06
F1780511706,2026-06-03 18:35:06,2026-06-03 18:36:58,2026-06-03 18:47:12,31.0,10.000316756414318,29.49429535404923,False,0.0,,,B,726.0,112.0,614.0,solexs,7.809247997705754e-07
F1780514587,2026-06-03 19:23:07,2026-06-03 19:25:04,2026-06-03 19:41:40,41.0,9.491658747756308,46.32120398952095,False,0.0,,,B,1113.0,117.0,996.0,solexs,9.968196385014052e-07
F1780519877,2026-06-03 20:51:17,2026-06-03 20:52:35,2026-06-03 20:59:41,54.0,10.682398901911096,59.27137466305245,False,0.0,,,C,504.0,78.0,426.0,solexs,1.2677737827074654e-06
F1780520821,2026-06-03 21:07:01,2026-06-03 21:08:24,2026-06-03 21:12:13,32.0,11.049519586104953,28.334879224286365,False,0.0,,,B,312.0,83.0,229.0,solexs,8.028733609749356e-07
F1780522920,2026-06-03 21:42:00,2026-06-03 21:41:22,2026-06-03 21:46:01,30.0,11.584309998944144,24.136822773863976,False,0.0,,,B,241.0,-38.0,279.0,solexs,7.588861532643259e-07
F1780526166,2026-06-03 22:36:06,2026-06-03 22:36:38,2026-06-03 22:39:30,27.0,11.20620842572062,21.09949458821431,False,0.0,,,B,204.0,32.0,172.0,solexs,6.921945017799407e-07
F1780528900,2026-06-03 23:21:40,2026-06-03 23:43:12,2026-06-03 23:59:59,219.0,14.263118994826312,230.15696283345014,False,0.0,,,C,2299.0,1292.0,1007.0,solexs,4.304263828224885e-06
F1780617938,2026-06-05 00:05:38,2026-06-05 00:07:41,2026-06-05 00:13:03,37.0,12.95238095238095,29.882179938403905,False,0.0,,,B,445.0,123.0,322.0,solexs,9.113689870620098e-07
F1780624733,2026-06-05 01:58:53,2026-06-05 02:08:55,2026-06-05 02:28:46,38.0,9.568261007285397,41.2015041292752,False,0.0,,,B,1793.0,602.0,1191.0,solexs,9.328370266861128e-07
F1780642523,2026-06-05 06:55:23,2026-06-05 06:56:00,2026-06-05 06:58:56,22.0,9.282018794213915,18.499868124685843,False,0.0,,,B,213.0,37.0,176.0,solexs,5.788663637004989e-07
F1780647224,2026-06-05 08:13:44,2026-06-05 08:13:56,2026-06-05 08:21:22,27.0,10.220251293422024,23.776133244088157,False,0.0,,,B,458.0,12.0,446.0,solexs,6.921945017799407e-07
F1780654177,2026-06-05 10:09:37,2026-06-05 10:10:35,2026-06-05 10:23:20,27.0,10.597613768345475,22.766875495135206,False,0.0,,,B,823.0,58.0,765.0,solexs,6.921945017799407e-07
F1780656580,2026-06-05 10:49:40,2026-06-05 10:49:17,2026-06-05 10:51:49,28.0,12.767236828212436,18.770530675966313,False,0.0,,,B,129.0,-23.0,152.0,solexs,7.145247849646818e-07
F1780657422,2026-06-05 11:03:42,2026-06-05 11:04:04,2026-06-05 11:06:38,28.0,10.693063034526448,23.50101381378477,False,0.0,,,B,176.0,22.0,154.0,solexs,7.145247849646818e-07
F1780659457,2026-06-05 11:37:37,2026-06-05 11:54:21,2026-06-05 12:01:07,62.0,11.15774469433006,65.15048140038772,False,0.0,,,C,1410.0,1004.0,406.0,solexs,1.430285829877857e-06
F1780661320,2026-06-05 12:08:40,2026-06-05 12:10:12,2026-06-05 12:13:29,44.0,14.095238095238095,35.60127355295664,False,0.0,,,C,289.0,92.0,197.0,solexs,1.0602100965893052e-06
F1780663908,2026-06-05 12:51:48,2026-06-05 12:52:13,2026-06-05 13:04:14,34.0,15.39562876148242,21.559098245676147,False,0.0,,,B,746.0,25.0,721.0,solexs,8.465126929032813e-07
F1780665779,2026-06-05 13:22:59,2026-06-05 13:26:33,2026-06-05 13:38:33,44.0,13.714285714285714,36.17271729041855,False,0.0,,,C,934.0,214.0,720.0,solexs,1.0602100965893052e-06
F1780671288,2026-06-05 14:54:48,2026-06-05 15:01:53,2026-06-05 15:28:40,183.0,12.90370605004751,212.1473515735705,False,0.0,,,C,2032.0,425.0,1607.0,solexs,3.679656109198752e-06
F1780683629,2026-06-05 18:20:29,2026-06-05 18:52:37,2026-06-05 19:45:11,123.0,12.444567627494457,117.65286671540399,False,0.0,,,C,5082.0,1928.0,3154.0,solexs,2.601155524350953e-06
F1780692417,2026-06-05 20:46:57,2026-06-05 20:52:53,2026-06-05 20:55:58,30.0,10.375989863794741,26.81810998009748,False,0.0,,,B,541.0,356.0,185.0,solexs,7.588861532643259e-07
F1780693882,2026-06-05 21:11:22,2026-06-05 21:13:30,2026-06-05 21:14:54,37.0,15.643332277478619,24.185888148085095,False,0.0,,,B,212.0,128.0,84.0,solexs,9.113689870620098e-07
F1780697707,2026-06-05 22:15:07,2026-06-05 22:46:30,2026-06-05 23:46:52,184.0,19.05939182768451,112.17540521356666,False,0.0,,,C,5505.0,1883.0,3622.0,solexs,3.697204766057577e-06
F1780708138,2026-06-06 01:08:58,2026-06-06 01:16:27,2026-06-06 01:35:47,40.0,13.302766339351704,31.93121956016519,False,0.0,,,B,1609.0,449.0,1160.0,solexs,9.755603409095623e-07
F1780711908,2026-06-06 02:11:48,2026-06-06 02:19:24,2026-06-06 02:37:59,32.0,12.142857142857142,25.484218217384274,False,0.0,,,B,1571.0,456.0,1115.0,solexs,8.028733609749356e-07
F1780718214,2026-06-06 03:56:54,2026-06-06 04:04:44,2026-06-06 04:22:20,77.0,11.604160067574702,86.59260405455261,False,0.0,,,C,1526.0,470.0,1056.0,solexs,1.7281275999348735e-06
F1780720871,2026-06-06 04:41:11,2026-06-06 05:00:29,2026-06-06 05:00:43,50.0,21.172949002217294,27.047763195897915,False,0.0,,,C,1172.0,1158.0,14.0,solexs,1.1853899070706525e-06
F1780724436,2026-06-06 05:40:36,2026-06-06 05:41:26,2026-06-06 05:47:22,35.0,14.75609756097561,23.35617119213402,False,0.0,,,B,406.0,50.0,356.0,solexs,8.682092054493216e-07
F1780727247,2026-06-06 06:27:27,2026-06-06 06:29:02,2026-06-06 06:50:37,110.0,12.809523809523808,121.44292397970605,False,0.0,,,C,1390.0,95.0,1295.0,solexs,2.3594601419053937e-06
F1780729494,2026-06-06 07:04:54,2026-06-06 07:09:32,2026-06-06 07:21:39,47.0,15.438918804772463,35.54282946271869,False,0.0,,,C,1005.0,278.0,727.0,solexs,1.1230537769694857e-06
F1780746727,2026-06-06 11:52:07,2026-06-06 11:57:13,2026-06-06 12:08:41,62.0,12.916270721148768,61.30885970463971,False,0.0,,,C,994.0,306.0,688.0,solexs,1.430285829877857e-06
F1780751323,2026-06-06 13:08:43,2026-06-06 14:04:03,2026-06-06 16:14:27,1019.0,17.792946890507864,486.3362558801783,False,0.0,,,M,11144.0,3320.0,7824.0,solexs,1.6476283367485834e-05
F1780764341,2026-06-06 16:45:41,2026-06-06 16:45:40,2026-06-06 16:55:39,46.0,24.333333333333336,19.635137072097987,False,0.0,,,C,598.0,-1.0,599.0,solexs,1.1021641026014044e-06
F1780765629,2026-06-06 17:07:09,2026-06-06 17:11:37,2026-06-06 17:22:31,53.0,20.843522331327208,31.21053899129417,False,0.0,,,C,922.0,268.0,654.0,solexs,1.2472527178803989e-06
F1780768761,2026-06-06 17:59:21,2026-06-06 17:58:47,2026-06-06 18:10:58,51.0,16.523809523809526,36.69143564968525,False,0.0,,,C,697.0,-34.0,731.0,solexs,1.2060618704286024e-06
F1780780306,2026-06-06 21:11:46,2026-06-06 21:21:54,2026-06-06 21:45:17,51.0,14.73418857565199,45.025375568691565,False,0.0,,,C,2011.0,608.0,1403.0,solexs,1.2060618704286024e-06
F1780782768,2026-06-06 21:52:48,2026-06-06 21:52:58,2026-06-06 21:57:09,47.0,15.430788723471649,35.548534250916916,False,0.0,,,C,261.0,10.0,251.0,solexs,1.1230537769694857e-06
F1780784409,2026-06-06 22:20:09,2026-06-06 22:21:14,2026-06-06 22:23:22,29.0,11.192957449055008,23.715223354328202,False,0.0,,,B,193.0,65.0,128.0,solexs,7.367540289860129e-07
F1780786388,2026-06-06 22:53:08,2026-06-06 22:53:27,2026-06-06 23:05:14,26.0,11.0,20.22599587389726,False,0.0,,,B,726.0,19.0,707.0,solexs,6.697589503268807e-07
F1780788408,2026-06-06 23:26:48,2026-06-06 23:25:58,2026-06-06 23:37:12,31.0,10.337873508605217,27.307576911637785,False,0.0,,,B,624.0,-50.0,674.0,solexs,7.809247997705754e-07
F1780793710,2026-06-07 00:55:10,2026-06-07 00:59:23,2026-06-07 01:00:49,21.0,9.047619047619047,17.770607367660197,False,0.0,,,B,339.0,253.0,86.0,solexs,5.55827192573561e-07
F1780796965,2026-06-07 01:49:25,2026-06-07 01:51:54,2026-06-07 02:11:24,58.0,9.867173476929574,70.53668824455515,False,0.0,,,C,1319.0,149.0,1170.0,solexs,1.349385815476341e-06
F1780799078,2026-06-07 02:24:38,2026-06-07 02:29:39,2026-06-07 02:59:50,55.0,14.608594657375145,43.327853761689376,False,0.0,,,C,2112.0,301.0,1811.0,solexs,1.2882466569926608e-06
F1780805666,2026-06-07 04:14:26,2026-06-07 04:19:47,2026-06-07 04:38:16,119.0,9.809523809523808,155.91065461912248,False,0.0,,,C,1430.0,321.0,1109.0,solexs,2.5271496843410326e-06
F1780809642,2026-06-07 05:20:42,2026-06-07 05:23:34,2026-06-07 05:22:47,35.0,16.670626121845636,20.023528689497983,False,0.0,,,B,125.0,172.0,-47.0,solexs,8.682092054493216e-07
F1780810311,2026-06-07 05:31:51,2026-06-07 05:33:07,2026-06-07 05:36:31,43.0,19.02861366276,24.672192056189598,False,0.0,,,C,280.0,76.0,204.0,solexs,1.0391427984390398e-06
F1780811112,2026-06-07 05:45:12,2026-06-07 05:51:50,2026-06-07 06:14:12,92.0,12.026185196916904,90.87464168220767,False,0.0,,,C,1740.0,398.0,1342.0,solexs,2.018644687188779e-06
F1780814214,2026-06-07 06:36:54,2026-06-07 06:44:34,2026-06-07 06:58:58,49.0,10.952380952380953,51.41480722181417,False,0.0,,,C,1324.0,460.0,864.0,solexs,1.164665386329856e-06
F1780816004,2026-06-07 07:06:44,2026-06-07 07:07:03,2026-06-07 07:21:57,27.0,10.447418435223312,21.184353874606863,False,0.0,,,B,913.0,19.0,894.0,solexs,6.921945017799407e-07
F1780819065,2026-06-07 07:57:45,2026-06-07 08:25:04,2026-06-07 08:44:51,87.0,10.172843416745856,97.39179042949418,False,0.0,,,C,2826.0,1639.0,1187.0,solexs,1.9225261407027262e-06
F1780824126,2026-06-07 09:22:06,2026-06-07 09:28:14,2026-06-07 09:41:04,48.0,9.285714285714285,56.817038150327974,False,0.0,,,C,1138.0,368.0,770.0,solexs,1.1438870977039946e-06
F1780838857,2026-06-07 13:27:37,2026-06-07 13:59:08,2026-06-07 14:21:42,85.0,11.103579347481785,85.303621613396,False,0.0,,,C,3245.0,1891.0,1354.0,solexs,1.883884114052155e-06
F1780844679,2026-06-07 15:04:39,2026-06-07 15:07:51,2026-06-07 15:13:24,28.0,10.73661704149509,23.768617157942,False,0.0,,,B,525.0,192.0,333.0,solexs,7.145247849646818e-07
F1780847177,2026-06-07 15:46:17,2026-06-07 15:55:23,2026-06-07 16:18:40,59.0,10.435751240629289,68.51727661799751,False,0.0,,,C,1943.0,546.0,1397.0,solexs,1.3696754273924648e-06
F1780850302,2026-06-07 16:38:22,2026-06-07 16:47:55,2026-06-07 17:05:41,44.0,11.705627705627705,43.48857197014665,False,0.0,,,C,1639.0,573.0,1066.0,solexs,1.0602100965893052e-06
F1780854471,2026-06-07 17:47:51,2026-06-07 17:53:56,2026-06-07 18:10:29,34.0,10.576813430471965,30.82885843172897,False,0.0,,,B,1358.0,365.0,993.0,solexs,8.465126929032813e-07
F1780858832,2026-06-07 19:00:32,2026-06-07 19:02:49,2026-06-07 19:05:36,29.0,8.850279801499314,30.27960017999894,False,0.0,,,B,304.0,137.0,167.0,solexs,7.367540289860129e-07
F1780860715,2026-06-07 19:31:55,2026-06-07 19:33:00,2026-06-07 19:46:47,34.0,8.714285714285714,38.306663498457745,False,0.0,,,B,892.0,65.0,827.0,solexs,8.465126929032813e-07
F1780870214,2026-06-07 22:10:14,2026-06-07 22:11:10,2026-06-07 22:37:12,34.0,9.98764649984162,34.00548414029882,False,0.0,,,B,1618.0,56.0,1562.0,solexs,8.465126929032813e-07
F1780873672,2026-06-07 23:07:52,2026-06-07 23:27:28,2026-06-07 23:37:29,29.0,10.820135149403441,23.09911439803799,False,0.0,,,B,1777.0,1176.0,601.0,solexs,7.367540289860129e-07
F1780885050,2026-06-08 02:17:30,2026-06-08 02:49:54,2026-06-08 03:37:25,362.0,21.557755252877204,198.29868080865035,False,0.0,,,C,4795.0,1944.0,2851.0,solexs,6.675045330570769e-06
F1780890598,2026-06-08 03:49:58,2026-06-08 03:50:31,2026-06-08 03:52:53,34.0,14.666666666666666,22.55026676133174,False,0.0,,,B,175.0,33.0,142.0,solexs,8.465126929032813e-07
F1780892279,2026-06-08 04:17:59,2026-06-08 04:20:44,2026-06-08 04:33:44,43.0,14.262432689261956,33.558248713770396,False,0.0,,,C,945.0,165.0,780.0,solexs,1.0391427984390398e-06
F1780895105,2026-06-08 05:05:05,2026-06-08 05:10:14,2026-06-08 05:21:24,225.0,12.753827473339667,266.2005091484667,False,0.0,,,C,979.0,309.0,670.0,solexs,4.407040811502624e-06
F1780900578,2026-06-08 06:36:18,2026-06-08 06:37:55,2026-06-08 06:46:28,41.0,12.095238095238095,37.23342101130335,False,0.0,,,B,610.0,97.0,513.0,solexs,9.968196385014052e-07
F1780903987,2026-06-08 07:33:07,2026-06-08 07:39:21,2026-06-08 07:44:04,35.0,11.142857142857142,31.962088348152278,False,0.0,,,B,657.0,374.0,283.0,solexs,8.682092054493216e-07
F1780907217,2026-06-08 08:26:57,2026-06-08 08:29:01,2026-06-08 08:32:32,32.0,9.19047619047619,33.64822887156089,False,0.0,,,B,335.0,124.0,211.0,solexs,8.028733609749356e-07
F1780914036,2026-06-08 10:20:36,2026-06-08 10:24:19,2026-06-08 10:24:20,23.0,9.86770140428677,18.553762797475255,False,0.0,,,B,224.0,223.0,1.0,solexs,6.017729205999474e-07
F1780922337,2026-06-08 12:38:57,2026-06-08 12:42:07,2026-06-08 12:51:32,48.0,15.19047619047619,37.646900903447225,False,0.0,,,C,755.0,190.0,565.0,solexs,1.1438870977039946e-06
F1780935794,2026-06-08 16:23:14,2026-06-08 16:24:08,2026-06-08 16:27:37,26.0,10.523809523809522,21.334996433773593,False,0.0,,,B,263.0,54.0,209.0,solexs,6.697589503268807e-07
F1780939918,2026-06-08 17:31:58,2026-06-08 17:33:47,2026-06-08 17:40:11,36.0,10.285714285714285,35.58826379940251,False,0.0,,,B,493.0,109.0,384.0,solexs,8.898271515792934e-07
F1780960629,2026-06-08 23:17:09,2026-06-08 23:19:40,2026-06-08 23:25:47,24.0,7.505543237250553,27.15479445118994,False,0.0,,,B,518.0,151.0,367.0,solexs,6.245533473619894e-07
F1781053056,2026-06-10 00:57:36,2026-06-10 00:59:24,2026-06-10 01:13:56,98.0,6.9396051103368155,159.52268482104506,False,0.0,,,C,980.0,108.0,872.0,solexs,2.1331175538364294e-06
F1781055116,2026-06-10 01:31:56,2026-06-10 01:33:56,2026-06-10 01:35:32,27.0,8.071798120578606,29.80173111040501,False,0.0,,,B,216.0,120.0,96.0,solexs,6.921945017799407e-07
F1781060999,2026-06-10 03:09:59,2026-06-10 03:09:08,2026-06-10 03:12:37,18.0,6.08837503959455,21.589138405161155,False,0.0,,,B,158.0,-51.0,209.0,solexs,4.858386174718817e-07
F1781064627,2026-06-10 04:10:27,2026-06-10 04:16:45,2026-06-10 04:27:18,25.0,6.865325731179388,31.481557831199144,False,0.0,,,B,1011.0,378.0,633.0,solexs,6.472135544461507e-07
F1781067996,2026-06-10 05:06:36,2026-06-10 05:06:45,2026-06-10 05:09:11,19.0,7.164977299123638,19.805391073749828,False,0.0,,,B,155.0,9.0,146.0,solexs,5.093216705821942e-07
F1781068462,2026-06-10 05:14:22,2026-06-10 05:16:05,2026-06-10 05:21:29,25.0,7.595766022595289,28.381964618223236,False,0.0,,,B,427.0,103.0,324.0,solexs,6.472135544461507e-07
F1781096234,2026-06-10 12:57:14,2026-06-10 12:57:42,2026-06-10 13:03:27,25.0,6.08837503959455,34.27623771683928,False,0.0,,,B,373.0,28.0,345.0,solexs,6.472135544461507e-07
F1781097754,2026-06-10 13:22:34,2026-06-10 13:25:23,2026-06-10 13:39:12,58.0,7.422764227642274,83.02677043136194,False,0.0,,,C,998.0,169.0,829.0,solexs,1.349385815476341e-06
F1781105669,2026-06-10 15:34:29,2026-06-10 15:40:26,2026-06-10 15:45:24,28.0,10.062348220884804,25.26940922588388,False,0.0,,,B,655.0,357.0,298.0,solexs,7.145247849646818e-07
F1781107535,2026-06-10 16:05:35,2026-06-10 16:07:02,2026-06-10 16:13:43,26.0,11.074437757364585,19.933586593096592,False,0.0,,,B,488.0,87.0,401.0,solexs,6.697589503268807e-07
F1781131325,2026-06-10 22:42:05,2026-06-10 22:42:53,2026-06-10 22:47:04,17.0,6.040755991975502,19.941138403900005,False,0.0,,,B,299.0,48.0,251.0,solexs,4.6218926413135106e-07
F1781134187,2026-06-10 23:29:47,2026-06-11 00:02:56,2026-06-11 02:57:11,310.0,38.30007390983001,157.55653302401612,False,0.0,,,C,12444.0,1989.0,10455.0,solexs,5.829847126641698e-06
F1781160205,2026-06-11 06:43:25,2026-06-11 06:47:52,2026-06-11 06:57:42,39.0,7.755041706261216,50.176790444637795,False,0.0,,,B,857.0,267.0,590.0,solexs,9.542334558471005e-07
F1781162544,2026-06-11 07:22:24,2026-06-11 07:40:20,2026-06-11 07:42:08,34.0,11.423186569528031,28.869717670279996,False,0.0,,,B,1184.0,1076.0,108.0,solexs,8.465126929032813e-07
F1781165091,2026-06-11 08:04:51,2026-06-11 08:06:25,2026-06-11 08:11:37,39.0,12.231232182451691,34.2301083212584,False,0.0,,,B,406.0,94.0,312.0,solexs,9.542334558471005e-07
F1781166348,2026-06-11 08:25:48,2026-06-11 08:28:09,2026-06-11 08:44:31,507.0,9.231232182451691,706.9396282550265,False,0.0,,,C,1123.0,141.0,982.0,solexs,8.957371798580829e-06
F1781177414,2026-06-11 11:30:14,2026-06-11 11:36:56,2026-06-11 11:47:10,41.0,8.126174638369758,51.6933409216761,False,0.0,,,B,1016.0,402.0,614.0,solexs,9.968196385014052e-07
F1781195526,2026-06-11 16:32:06,2026-06-11 16:38:20,2026-06-11 16:45:32,27.0,7.2999683243585665,32.65506110476664,False,0.0,,,B,806.0,374.0,432.0,solexs,6.921945017799407e-07
F1781197900,2026-06-11 17:11:40,2026-06-11 17:14:10,2026-06-11 17:23:32,31.0,7.553901383169674,37.77171440599356,False,0.0,,,B,712.0,150.0,562.0,solexs,7.809247997705754e-07
F1781199721,2026-06-11 17:42:01,2026-06-11 17:43:32,2026-06-11 17:44:12,19.0,7.005648822721993,20.277671567830918,False,0.0,,,B,131.0,91.0,40.0,solexs,5.093216705821942e-07
F1781208516,2026-06-11 20:08:36,2026-06-11 20:18:30,2026-06-11 20:38:07,34.0,8.868123746172525,39.43932590516769,False,0.0,,,B,1771.0,594.0,1177.0,solexs,8.465126929032813e-07
F1781213100,2026-06-11 21:25:00,2026-06-11 21:38:59,2026-06-11 21:48:58,40.0,10.01182557280118,40.54966389129,False,0.0,,,B,1438.0,839.0,599.0,solexs,9.755603409095623e-07
F1781215958,2026-06-11 22:12:38,2026-06-11 22:26:44,2026-06-11 22:52:07,45.0,11.60796114454651,40.24254332310828,False,0.0,,,C,2369.0,846.0,1523.0,solexs,1.0812166918717587e-06
F1781221429,2026-06-11 23:43:49,2026-06-11 23:56:42,2026-06-12 00:00:03,33.0,6.925878999049729,43.434962487476675,False,0.0,,,B,974.0,773.0,201.0,solexs,8.247350041951388e-07
F1781266533,2026-06-12 12:15:33,2026-06-12 12:18:38,2026-06-12 12:24:04,31.0,5.165399641009395,50.79863930059207,False,0.0,,,B,511.0,185.0,326.0,solexs,7.809247997705754e-07
F1781280678,2026-06-12 16:11:18,2026-06-12 16:24:43,2026-06-12 16:30:14,30.0,11.452961672473865,24.070363753095574,False,0.0,,,B,1136.0,805.0,331.0,solexs,7.588861532643259e-07
F1781290645,2026-06-12 18:57:25,2026-06-12 19:36:11,2026-06-12 20:21:46,70.0,21.735033259423503,38.11012044484969,False,0.0,,,C,5061.0,2326.0,2735.0,solexs,1.5901496844363245e-06
F1781302523,2026-06-12 22:15:23,2026-06-12 22:21:14,2026-06-12 22:19:33,38.0,18.374089325308834,20.548240251449066,False,0.0,,,B,250.0,351.0,-101.0,solexs,9.328370266861128e-07
F1781305810,2026-06-12 23:10:10,2026-06-12 23:12:58,2026-06-12 23:42:34,37.0,11.871502481258577,27.901755521214877,False,0.0,,,B,1944.0,168.0,1776.0,solexs,9.113689870620098e-07
F1781316244,2026-06-13 02:04:04,2026-06-13 02:16:30,2026-06-13 03:08:42,63.0,8.235561186780696,88.48118910214244,False,0.0,,,C,3878.0,746.0,3132.0,solexs,1.4504057872703728e-06
F1781333430,2026-06-13 06:50:30,2026-06-13 07:10:50,2026-06-13 07:16:18,27.0,7.329321085418644,30.408832911499495,False,0.0,,,B,1548.0,1220.0,328.0,solexs,6.921945017799407e-07
F1781339150,2026-06-13 08:25:50,2026-06-13 08:32:26,2026-06-13 08:32:36,20.0,6.421708372927883,23.96264976518628,False,0.0,,,B,406.0,396.0,10.0,solexs,5.326482637068238e-07
F1781354843,2026-06-13 12:47:23,2026-06-13 13:05:09,2026-06-13 14:22:23,110.0,18.14306831380002,129.23975080519034,False,0.0,,,C,5700.0,1066.0,4634.0,solexs,2.3594601419053937e-06
F1781361957,2026-06-13 14:45:57,2026-06-13 14:48:20,2026-06-13 15:03:31,36.0,9.814591912152887,35.49904411312603,False,0.0,,,B,1054.0,143.0,911.0,solexs,8.898271515792934e-07
F1781390442,2026-06-13 22:40:42,2026-06-13 22:46:25,2026-06-13 22:51:35,19.0,5.93543448421497,23.95730774290523,False,0.0,,,B,653.0,343.0,310.0,solexs,5.093216705821942e-07
F1781427233,2026-06-14 08:53:53,2026-06-14 08:56:05,2026-06-14 09:17:57,59.0,5.5522120156266475,104.50636346934832,False,0.0,,,C,1444.0,132.0,1312.0,solexs,1.3696754273924648e-06
F1781433844,2026-06-14 10:44:04,2026-06-14 10:46:59,2026-06-14 10:56:00,24.0,7.791891035793474,27.55467915874799,False,0.0,,,B,716.0,175.0,541.0,solexs,6.245533473619894e-07
F1781435948,2026-06-14 11:19:08,2026-06-14 11:27:30,2026-06-14 11:27:40,23.0,7.757892513990073,24.477550140094905,False,0.0,,,B,512.0,502.0,10.0,solexs,6.017729205999474e-07
F1781439452,2026-06-14 12:17:32,2026-06-14 12:35:03,2026-06-14 12:42:53,37.0,7.850279801499312,46.01360186276419,False,0.0,,,B,1521.0,1051.0,470.0,solexs,9.113689870620098e-07
F1781441743,2026-06-14 12:55:43,2026-06-14 13:02:50,2026-06-14 13:13:25,48.0,7.212226797592649,66.4526720090886,False,0.0,,,C,1062.0,427.0,635.0,solexs,1.1438870977039946e-06
F1781488581,2026-06-15 01:56:21,2026-06-15 02:15:11,2026-06-15 02:24:20,57.0,6.173740893253086,88.34060422858717,False,0.0,,,C,1679.0,1130.0,549.0,solexs,1.329051742096738e-06
F1781496802,2026-06-15 04:13:22,2026-06-15 04:18:40,2026-06-15 04:28:58,28.0,8.3831696758526,29.879383735550796,False,0.0,,,B,936.0,318.0,618.0,solexs,7.145247849646818e-07
F1781506974,2026-06-15 07:02:54,2026-06-15 07:03:48,2026-06-15 07:10:55,21.0,6.167036215816702,26.883897802351232,False,0.0,,,B,481.0,54.0,427.0,solexs,5.55827192573561e-07
F1781508843,2026-06-15 07:34:03,2026-06-15 07:36:03,2026-06-15 07:46:23,32.0,9.189525921233237,33.83811711315522,False,0.0,,,B,740.0,120.0,620.0,solexs,8.028733609749356e-07
F1781512386,2026-06-15 08:33:06,2026-06-15 08:42:13,2026-06-15 08:44:10,31.0,10.661598564037586,27.07416668071519,False,0.0,,,B,664.0,547.0,117.0,solexs,7.809247997705754e-07
F1781513561,2026-06-15 08:52:41,2026-06-15 08:59:36,2026-06-15 09:22:12,47.0,11.501161440185829,43.751413868257366,False,0.0,,,C,1771.0,415.0,1356.0,solexs,1.1230537769694857e-06
F1781517196,2026-06-15 09:53:16,2026-06-15 09:55:26,2026-06-15 10:19:01,73.0,8.993136944356454,95.45219891748519,False,0.0,,,C,1545.0,130.0,1415.0,solexs,1.6494879576016124e-06
F1781524001,2026-06-15 11:46:41,2026-06-15 11:52:11,2026-06-15 12:07:46,56.0,8.51694646816598,72.9329082075075,False,0.0,,,C,1265.0,330.0,935.0,solexs,1.3086723271328416e-06
F1781528311,2026-06-15 12:58:31,2026-06-15 12:58:58,2026-06-15 12:59:31,24.0,9.421708372927883,21.240112014169668,False,0.0,,,B,60.0,27.0,33.0,solexs,6.245533473619894e-07
F1781529270,2026-06-15 13:14:30,2026-06-15 13:15:26,2026-06-15 13:16:50,95.0,8.83824305775525,129.42853802700122,False,0.0,,,C,140.0,56.0,84.0,solexs,2.0759958714220978e-06
F1781533155,2026-06-15 14:19:15,2026-06-15 14:20:40,2026-06-15 14:22:48,26.0,7.502164502164501,30.220775577423428,False,0.0,,,B,213.0,85.0,128.0,solexs,6.697589503268807e-07
F1781535455,2026-06-15 14:57:35,2026-06-15 14:58:10,2026-06-15 15:04:16,21.0,7.183613134832645,23.05356080217957,False,0.0,,,B,401.0,35.0,366.0,solexs,5.55827192573561e-07
F1781541238,2026-06-15 16:33:58,2026-06-15 16:33:37,2026-06-15 16:34:58,20.0,6.850279801499312,22.46866941339899,False,0.0,,,B,60.0,-21.0,81.0,solexs,5.326482637068238e-07
F1781544638,2026-06-15 17:30:38,2026-06-15 17:45:18,2026-06-15 17:52:48,25.0,8.227008763594128,25.291212817026558,False,0.0,,,B,1330.0,880.0,450.0,solexs,6.472135544461507e-07
F1781547849,2026-06-15 18:24:09,2026-06-15 18:23:41,2026-06-15 18:25:12,20.0,7.46932742054693,20.504473932313918,False,0.0,,,B,63.0,-28.0,91.0,solexs,5.326482637068238e-07
F1781549374,2026-06-15 18:49:34,2026-06-15 18:51:19,2026-06-15 18:55:26,91.0,7.442086368915636,136.72937753528697,False,0.0,,,C,352.0,105.0,247.0,solexs,1.9994751810491056e-06
F1781555028,2026-06-15 20:23:48,2026-06-15 20:38:24,2026-06-15 20:47:55,27.0,6.199926090169991,36.84098557273003,False,0.0,,,B,1447.0,876.0,571.0,solexs,6.921945017799407e-07
F1781567602,2026-06-15 23:53:22,2026-06-16 00:03:13,2026-06-16 00:13:10,36.0,9.837926301340932,37.3329444858083,False,0.0,,,B,1188.0,591.0,597.0,solexs,8.898271515792934e-07
F1781570113,2026-06-16 00:35:13,2026-06-16 00:35:15,2026-06-16 00:37:33,32.0,12.89789884911836,23.786834719610717,False,0.0,,,B,140.0,2.0,138.0,solexs,8.028733609749356e-07
F1781570744,2026-06-16 00:45:44,2026-06-16 00:47:57,2026-06-16 00:54:58,49.0,12.90803505437652,44.943412145417604,False,0.0,,,C,554.0,133.0,421.0,solexs,1.164665386329856e-06
F1781573163,2026-06-16 01:26:03,2026-06-16 01:31:16,2026-06-16 01:44:26,31.0,8.924295216978141,31.825334841138556,False,0.0,,,B,1103.0,313.0,790.0,solexs,7.809247997705754e-07
F1781586535,2026-06-16 05:08:55,2026-06-16 05:08:48,2026-06-16 05:14:01,15.0,5.469116249604053,18.28177600194788,False,0.0,,,B,306.0,-7.0,313.0,solexs,4.143458635377904e-07
F1781610715,2026-06-16 11:51:55,2026-06-16 11:54:34,2026-06-16 11:56:48,22.0,6.388712913103155,27.59015410806332,False,0.0,,,B,293.0,159.0,134.0,solexs,5.788663637004989e-07
F1781623860,2026-06-16 15:31:00,2026-06-16 15:31:50,2026-06-16 15:35:05,32.0,8.231232182451691,37.05008767550017,False,0.0,,,B,245.0,50.0,195.0,solexs,8.028733609749356e-07
F1781625357,2026-06-16 15:55:57,2026-06-16 15:56:14,2026-06-16 16:02:24,21.0,6.942244747122794,23.500727978115002,False,0.0,,,B,387.0,17.0,370.0,solexs,5.55827192573561e-07
F1781632261,2026-06-16 17:51:01,2026-06-16 17:52:52,2026-06-16 18:07:58,24.0,5.7074226586421695,33.28612419954328,False,0.0,,,B,1017.0,111.0,906.0,solexs,6.245533473619894e-07
F1781644615,2026-06-16 21:16:55,2026-06-16 21:18:06,2026-06-16 21:20:45,25.0,4.516946468165978,43.10098804665089,False,0.0,,,B,230.0,71.0,159.0,solexs,6.472135544461507e-07
F1781654119,2026-06-16 23:55:19,2026-06-16 23:56:07,2026-06-16 23:57:48,19.0,5.412944778798435,26.157610124945283,False,0.0,,,B,149.0,48.0,101.0,solexs,5.093216705821942e-07
F1781655074,2026-06-17 00:11:14,2026-06-17 00:14:10,2026-06-17 00:16:57,21.0,5.819343258367647,28.122224665572396,False,0.0,,,B,343.0,176.0,167.0,solexs,5.55827192573561e-07
F1781753528,2026-06-18 03:32:08,2026-06-18 03:31:46,2026-06-18 03:38:10,19.0,4.994509555485163,28.30539868693147,False,0.0,,,B,362.0,-22.0,384.0,solexs,5.093216705821942e-07
F1781767941,2026-06-18 07:32:21,2026-06-18 07:45:16,2026-06-18 07:57:47,40.0,5.719987329743425,63.95149202103904,False,0.0,,,B,1526.0,775.0,751.0,solexs,9.755603409095623e-07
F1781781491,2026-06-18 11:18:11,2026-06-18 11:24:06,2026-06-18 11:29:31,29.0,7.802660753880264,33.93712013005557,False,0.0,,,B,680.0,355.0,325.0,solexs,7.367540289860129e-07
F1781783091,2026-06-18 11:44:51,2026-06-18 11:55:11,2026-06-18 12:25:14,97.0,9.264755569633618,140.46487133606513,False,0.0,,,C,2423.0,620.0,1803.0,solexs,2.114101994572128e-06
F1781788834,2026-06-18 13:20:34,2026-06-18 13:24:43,2026-06-18 13:32:55,32.0,7.052951113926722,41.657048965994406,False,0.0,,,B,741.0,249.0,492.0,solexs,8.028733609749356e-07
F1781794298,2026-06-18 14:51:38,2026-06-18 14:55:44,2026-06-18 15:03:40,33.0,5.828529194382851,49.90670739600507,False,0.0,,,B,722.0,246.0,476.0,solexs,8.247350041951388e-07
F1781809956,2026-06-18 19:12:36,2026-06-18 19:15:04,2026-06-18 19:18:04,20.0,5.718297962200399,26.696921964043153,False,0.0,,,B,328.0,148.0,180.0,solexs,5.326482637068238e-07
F1781812180,2026-06-18 19:49:40,2026-06-18 19:50:44,2026-06-18 19:53:59,18.0,5.612184563404074,23.385343400651735,False,0.0,,,B,259.0,64.0,195.0,solexs,4.858386174718817e-07
F1781819658,2026-06-18 21:54:18,2026-06-18 22:03:27,2026-06-18 22:29:15,58.0,6.321085418646392,92.19079114147276,False,0.0,,,C,2097.0,549.0,1548.0,solexs,1.349385815476341e-06
F1781828622,2026-06-19 00:23:42,2026-06-19 00:43:23,2026-06-19 00:48:10,26.0,5.663393517052052,32.3364631703143,False,0.0,,,B,1468.0,1181.0,287.0,solexs,6.697589503268807e-07
F1781833726,2026-06-19 01:48:46,2026-06-19 01:53:00,2026-06-19 01:59:44,27.0,6.183613134832645,37.43684081942842,False,0.0,,,B,658.0,254.0,404.0,solexs,6.921945017799407e-07
F1781853060,2026-06-19 07:11:00,2026-06-19 07:18:47,2026-06-19 07:42:18,30.0,8.077182979622002,34.071643829805105,False,0.0,,,B,1878.0,467.0,1411.0,solexs,7.588861532643259e-07
F1781862089,2026-06-19 09:41:29,2026-06-19 09:51:33,2026-06-19 09:58:03,26.0,5.516946468165978,38.999614383626856,False,0.0,,,B,994.0,604.0,390.0,solexs,6.697589503268807e-07
F1781864509,2026-06-19 10:21:49,2026-06-19 10:38:38,2026-06-19 10:39:08,28.0,9.36036321402175,27.43627136683288,False,0.0,,,B,1039.0,1009.0,30.0,solexs,7.145247849646818e-07
F1781870716,2026-06-19 12:05:16,2026-06-19 12:08:10,2026-06-19 12:20:25,25.0,7.426829268292681,29.85373051633353,False,0.0,,,B,909.0,174.0,735.0,solexs,6.472135544461507e-07
F1781872085,2026-06-19 12:28:05,2026-06-19 12:33:00,2026-06-19 12:36:38,33.0,8.374089325308836,38.057346387007144,False,0.0,,,B,513.0,295.0,218.0,solexs,8.247350041951388e-07
F1781881413,2026-06-19 15:03:33,2026-06-19 15:06:48,2026-06-19 15:09:42,30.0,7.6524654207581015,36.167319937708065,False,0.0,,,B,369.0,195.0,174.0,solexs,7.588861532643259e-07
F1781883422,2026-06-19 15:37:02,2026-06-19 15:41:39,2026-06-19 15:45:50,22.0,7.612184563404074,23.321431325149028,False,0.0,,,B,528.0,277.0,251.0,solexs,5.788663637004989e-07
F1781896814,2026-06-19 19:20:14,2026-06-19 19:21:26,2026-06-19 19:21:58,25.0,8.322774786189417,25.842795732612338,False,0.0,,,B,104.0,72.0,32.0,solexs,6.472135544461507e-07
F1781897300,2026-06-19 19:28:20,2026-06-19 19:37:46,2026-06-19 20:03:32,217.0,8.46932742054693,320.45015087138506,False,0.0,,,C,2112.0,566.0,1546.0,solexs,4.269925795319707e-06
F1781903769,2026-06-19 21:16:09,2026-06-19 21:16:09,2026-06-19 21:18:24,17.0,5.930102417907293,20.378580236026348,False,0.0,,,B,135.0,0.0,135.0,solexs,4.6218926413135106e-07
F1781910849,2026-06-19 23:14:09,2026-06-19 23:16:54,2026-06-19 23:25:32,24.0,5.659803611023121,34.47611325515366,False,0.0,,,B,683.0,165.0,518.0,solexs,6.245533473619894e-07
F1781918431,2026-06-20 01:20:31,2026-06-20 01:52:12,2026-06-20 02:31:58,885.0,14.987012987012985,888.8830165745806,False,0.0,,,M,4287.0,1901.0,2386.0,solexs,1.4568060256453715e-05
F1781924720,2026-06-20 03:05:20,2026-06-20 03:07:15,2026-06-20 03:17:31,49.0,12.222679759265123,44.94931688263383,False,0.0,,,C,731.0,115.0,616.0,solexs,1.164665386329856e-06
F1781941951,2026-06-20 07:52:31,2026-06-20 07:52:53,2026-06-20 07:54:11,19.0,7.239045507338188,19.52872799291298,False,0.0,,,B,100.0,22.0,78.0,solexs,5.093216705821942e-07
F1781951426,2026-06-20 10:30:26,2026-06-20 10:49:49,2026-06-20 10:55:15,26.0,7.46932742054693,28.76633526448964,False,0.0,,,B,1489.0,1163.0,326.0,solexs,6.697589503268807e-07
F1781954398,2026-06-20 11:19:58,2026-06-20 11:27:26,2026-06-20 11:50:02,93.0,10.651340935487276,114.83561303164608,False,0.0,,,C,1804.0,448.0,1356.0,solexs,2.0377877587561498e-06
F1781957371,2026-06-20 12:09:31,2026-06-20 12:21:39,2026-06-20 12:30:48,97.0,10.46932742054693,119.59848714027962,False,0.0,,,C,1277.0,728.0,549.0,solexs,2.114101994572128e-06
F1781963989,2026-06-20 13:59:49,2026-06-20 13:59:36,2026-06-20 14:06:42,24.0,7.570267131242739,26.47450164280366,False,0.0,,,B,413.0,-13.0,426.0,solexs,6.245533473619894e-07
F1781967421,2026-06-20 14:57:01,2026-06-20 15:00:29,2026-06-20 15:43:35,709.0,8.27885123007074,1090.0226112461087,False,0.0,,,M,2794.0,208.0,2586.0,solexs,1.2004105385942461e-05
F1781980926,2026-06-20 18:42:06,2026-06-20 18:42:20,2026-06-20 18:43:19,22.0,6.663235138844892,26.566159796941204,False,0.0,,,B,73.0,14.0,59.0,solexs,5.788663637004989e-07
F1781990786,2026-06-20 21:26:26,2026-06-20 21:43:19,2026-06-20 22:50:04,258.0,17.341252243691265,330.23420453562056,False,0.0,,,C,5018.0,1013.0,4005.0,solexs,4.966364460577649e-06
F1781996640,2026-06-20 23:04:00,2026-06-20 23:06:16,2026-06-20 23:29:24,54.0,9.863583570900643,54.18386588908624,False,0.0,,,C,1524.0,136.0,1388.0,solexs,1.2677737827074654e-06
F1782003834,2026-06-21 01:03:54,2026-06-21 01:06:01,2026-06-21 01:19:20,39.0,7.897898849118359,49.493588552121736,False,0.0,,,B,926.0,127.0,799.0,solexs,9.542334558471005e-07
F1782009033,2026-06-21 02:30:33,2026-06-21 02:46:16,2026-06-21 05:30:18,1886.0,29.0407559919755,3016.781214816899,False,0.0,,,M,10785.0,943.0,9842.0,solexs,2.820225951580527e-05
F1782029560,2026-06-21 08:12:40,2026-06-21 08:15:40,2026-06-21 08:17:02,24.0,8.661492978566148,23.16286091229137,False,0.0,,,B,262.0,180.0,82.0,solexs,6.245533473619894e-07
F1782030996,2026-06-21 08:36:36,2026-06-21 08:37:27,2026-06-21 08:42:41,41.0,8.326470277689788,50.63847096420217,False,0.0,,,B,365.0,51.0,314.0,solexs,9.968196385014052e-07
F1782033716,2026-06-21 09:21:56,2026-06-21 09:25:50,2026-06-21 09:34:10,32.0,7.707422658642169,39.13217654746821,False,0.0,,,B,734.0,234.0,500.0,solexs,8.028733609749356e-07
F1782036806,2026-06-21 10:13:26,2026-06-21 10:21:07,2026-06-21 10:33:07,29.0,7.516946468165979,35.042112515063806,False,0.0,,,B,1181.0,461.0,720.0,solexs,7.367540289860129e-07
F1782038822,2026-06-21 10:47:02,2026-06-21 10:49:05,2026-06-21 10:51:22,29.0,6.802660753880264,38.06067714417905,False,0.0,,,B,260.0,123.0,137.0,solexs,7.367540289860129e-07
F1782042358,2026-06-21 11:45:58,2026-06-21 11:52:48,2026-06-21 12:02:23,29.0,7.490286136627598,35.1322643271655,False,0.0,,,B,985.0,410.0,575.0,solexs,7.367540289860129e-07
F1782047817,2026-06-21 13:16:57,2026-06-21 13:21:41,2026-06-21 13:27:28,25.0,7.665294055537956,28.084849779674112,False,0.0,,,B,631.0,284.0,347.0,solexs,6.472135544461507e-07
F1782052666,2026-06-21 14:37:46,2026-06-21 14:40:40,2026-06-21 14:50:31,26.0,10.22083201351494,22.785870485415842,False,0.0,,,B,765.0,174.0,591.0,solexs,6.697589503268807e-07
F1782060544,2026-06-21 16:49:04,2026-06-21 16:58:12,2026-06-21 17:17:00,42.0,9.598986379474184,49.53518146493614,False,0.0,,,C,1676.0,548.0,1128.0,solexs,1.0180132038735514e-06
F1782065225,2026-06-21 18:07:05,2026-06-21 18:18:51,2026-06-21 18:37:20,115.0,16.7204624643649,106.03621524934259,False,0.0,,,C,1815.0,706.0,1109.0,solexs,2.452827301204531e-06
F1782069783,2026-06-21 19:23:03,2026-06-21 19:28:40,2026-06-21 21:21:50,4931.0,81.70742265864217,5624.318782166909,False,0.0,,,M,7127.0,337.0,6790.0,solexs,6.526619325536751e-05
F1782077878,2026-06-21 21:37:58,2026-06-21 22:00:00,2026-06-21 22:16:24,93.0,42.04033365008975,35.854458931029356,False,0.0,,,C,2306.0,1322.0,984.0,solexs,2.0377877587561498e-06
F1782081052,2026-06-21 22:30:52,2026-06-21 22:34:28,2026-06-21 23:00:00,109.0,27.758842783233025,65.06592630003976,False,0.0,,,C,1748.0,216.0,1532.0,solexs,2.340722736352315e-06
F1782084326,2026-06-21 23:25:26,2026-06-21 23:28:08,2026-06-21 23:44:16,43.0,19.662950058072006,22.958498798587566,False,0.0,,,C,1130.0,162.0,968.0,solexs,1.0391427984390398e-06
F1782087226,2026-06-22 00:13:46,2026-06-22 00:16:56,2026-06-22 00:20:29,35.0,12.634832647027768,28.094081586002837,False,0.0,,,B,403.0,190.0,213.0,solexs,8.682092054493216e-07
F1782090513,2026-06-22 01:08:33,2026-06-22 01:10:10,2026-06-22 01:11:48,27.0,10.802660753880264,22.039072184698124,False,0.0,,,B,195.0,97.0,98.0,solexs,6.921945017799407e-07
F1782091692,2026-06-22 01:28:12,2026-06-22 01:30:06,2026-06-22 01:36:03,39.0,11.02523492767395,37.32732935544952,False,0.0,,,B,471.0,114.0,357.0,solexs,9.542334558471005e-07
F1782097165,2026-06-22 02:59:25,2026-06-22 03:00:04,2026-06-22 03:02:00,25.0,7.989916587477561,26.90684731226636,False,0.0,,,B,155.0,39.0,116.0,solexs,6.472135544461507e-07
F1782100264,2026-06-22 03:51:04,2026-06-22 04:55:27,2026-06-22 05:38:43,53.0,20.4730229120473,27.976117632232924,False,0.0,,,C,6459.0,3863.0,2596.0,solexs,1.2472527178803989e-06
F1782127750,2026-06-22 11:29:10,2026-06-22 11:41:46,2026-06-22 11:52:57,33.0,9.4754513778904,34.14486391562552,False,0.0,,,B,1427.0,756.0,671.0,solexs,8.247350041951388e-07
F1782140187,2026-06-22 14:56:27,2026-06-22 15:00:47,2026-06-22 15:09:06,29.0,8.376570583887656,31.871836430545454,False,0.0,,,B,759.0,260.0,499.0,solexs,7.367540289860129e-07
F1782161843,2026-06-22 20:57:23,2026-06-22 21:01:27,2026-06-22 21:09:57,27.0,8.532467532467532,28.218661016160464,False,0.0,,,B,754.0,244.0,510.0,solexs,6.921945017799407e-07
F1782170432,2026-06-22 23:20:32,2026-06-22 23:22:18,2026-06-22 23:23:40,27.0,9.470383275261323,25.460759285426267,False,0.0,,,B,188.0,106.0,82.0,solexs,6.921945017799407e-07
F1782183301,2026-06-23 02:55:01,2026-06-23 02:54:22,2026-06-23 03:06:32,26.0,10.612184563404075,21.124652292347978,False,0.0,,,B,691.0,-39.0,730.0,solexs,6.697589503268807e-07
F1782192973,2026-06-23 05:36:13,2026-06-23 05:40:43,2026-06-23 06:03:25,29.0,12.010980889029668,21.11658028788547,False,0.0,,,B,1632.0,270.0,1362.0,solexs,7.367540289860129e-07
F1782198810,2026-06-23 07:13:30,2026-06-23 07:19:23,2026-06-23 07:25:08,29.0,9.51694646816598,28.243805260987774,False,0.0,,,B,698.0,353.0,345.0,solexs,7.367540289860129e-07
F1782201681,2026-06-23 08:01:21,2026-06-23 08:21:08,2026-06-23 08:27:34,37.0,11.809946151409564,30.137321503708844,False,0.0,,,B,1573.0,1187.0,386.0,solexs,9.113689870620098e-07
F1782210146,2026-06-23 10:22:26,2026-06-23 10:26:12,2026-06-23 10:28:44,26.0,9.945517896737407,22.766569560393304,False,0.0,,,B,378.0,226.0,152.0,solexs,6.697589503268807e-07
F1782213952,2026-06-23 11:25:52,2026-06-23 11:30:02,2026-06-23 11:35:24,29.0,10.368176538908244,25.891554345871217,False,0.0,,,B,572.0,250.0,322.0,solexs,7.367540289860129e-07
F1782214981,2026-06-23 11:43:01,2026-06-23 11:54:05,2026-06-23 12:05:31,40.0,12.95882166613874,33.41301293094144,False,0.0,,,B,1350.0,664.0,686.0,solexs,9.755603409095623e-07
F1782223102,2026-06-23 13:58:22,2026-06-23 13:59:48,2026-06-23 14:04:53,30.0,13.283496990814061,20.727453185991543,False,0.0,,,B,391.0,86.0,305.0,solexs,7.588861532643259e-07
F1782224791,2026-06-23 14:26:31,2026-06-23 14:32:05,2026-06-23 14:37:08,36.0,13.535159961989228,27.33921673004767,False,0.0,,,B,637.0,334.0,303.0,solexs,8.898271515792934e-07
F1782230499,2026-06-23 16:01:39,2026-06-23 16:07:43,2026-06-23 16:15:46,38.0,15.421708372927885,25.712235246655833,False,0.0,,,B,847.0,364.0,483.0,solexs,9.328370266861128e-07
F1782234146,2026-06-23 17:02:26,2026-06-23 17:17:01,2026-06-23 17:27:57,48.0,17.749392883539223,31.650734836214344,False,0.0,,,C,1531.0,875.0,656.0,solexs,1.1438870977039946e-06
F1782236744,2026-06-23 17:45:44,2026-06-23 17:52:10,2026-06-23 18:05:23,50.0,24.485587583148558,23.73192433870717,False,0.0,,,C,1179.0,386.0,793.0,solexs,1.1853899070706525e-06
F1782238764,2026-06-23 18:19:24,2026-06-23 18:24:52,2026-06-23 18:43:30,71.0,27.554429310526867,37.039096533892746,False,0.0,,,C,1446.0,328.0,1118.0,solexs,1.6099643235762207e-06
F1782240931,2026-06-23 18:55:31,2026-06-23 19:09:39,2026-06-23 19:17:31,101.0,38.94551789673741,44.46920972224535,False,0.0,,,C,1320.0,848.0,472.0,solexs,2.1900176390466558e-06
F1782243258,2026-06-23 19:34:18,2026-06-23 19:39:12,2026-06-23 19:48:52,93.0,43.61218456340407,33.444976388107705,False,0.0,,,C,874.0,294.0,580.0,solexs,2.0377877587561498e-06
F1782244679,2026-06-23 19:57:59,2026-06-23 20:08:04,2026-06-23 20:15:32,76.0,35.18392989124696,31.00793393987596,False,0.0,,,C,1053.0,605.0,448.0,solexs,1.7085173645996588e-06
F1782246202,2026-06-23 20:23:22,2026-06-23 20:24:44,2026-06-23 20:59:56,59.0,22.765811424348005,29.23840140373388,False,0.0,,,C,2194.0,82.0,2112.0,solexs,1.3696754273924648e-06
F1782249789,2026-06-23 21:23:09,2026-06-23 21:29:56,2026-06-23 21:31:00,42.0,19.564565515785024,22.683725255855357,False,0.0,,,C,471.0,407.0,64.0,solexs,1.0180132038735514e-06
F1782251700,2026-06-23 21:55:00,2026-06-23 22:27:02,2026-06-23 22:49:45,172.0,34.97291732657586,91.65555141320498,False,0.0,,,C,3285.0,1922.0,1363.0,solexs,3.4858000709107275e-06
F1782255336,2026-06-23 22:55:36,2026-06-23 23:25:30,2026-06-24 00:23:06,500.0,52.70526010147319,197.55525855857326,False,0.0,,,C,5250.0,1794.0,3456.0,solexs,8.849305266929879e-06
F1782261463,2026-06-24 00:37:43,2026-06-24 01:04:09,2026-06-24 01:31:47,149.0,18.183613134832644,126.81157199008341,False,0.0,,,C,3244.0,1586.0,1658.0,solexs,3.075209893264994e-06
F1782268339,2026-06-24 02:32:19,2026-06-24 02:33:06,2026-06-24 02:41:06,31.0,13.040755991975502,22.240864518004667,False,0.0,,,B,527.0,47.0,480.0,solexs,7.809247997705754e-07
F1782271905,2026-06-24 03:31:45,2026-06-24 03:53:17,2026-06-24 04:17:44,125.0,19.945517896737407,107.38306275951254,False,0.0,,,C,2759.0,1292.0,1467.0,solexs,2.638043390972882e-06
F1782276777,2026-06-24 04:52:57,2026-06-24 04:55:19,2026-06-24 05:07:01,45.0,15.04603526554746,34.07949293603954,False,0.0,,,C,844.0,142.0,702.0,solexs,1.0812166918717587e-06
F1782279361,2026-06-24 05:36:01,2026-06-24 05:36:12,2026-06-24 05:38:56,32.0,15.040755991975502,19.556298330837798,False,0.0,,,B,175.0,11.0,164.0,solexs,8.028733609749356e-07
F1782282916,2026-06-24 06:35:16,2026-06-24 07:10:31,2026-06-24 07:25:21,163.0,17.32266920071798,156.29890960390637,False,0.0,,,C,3005.0,2115.0,890.0,solexs,3.3260195655655916e-06
F1782286389,2026-06-24 07:33:09,2026-06-24 07:35:13,2026-06-24 07:42:07,33.0,12.433111603843308,25.716863868638207,False,0.0,,,B,538.0,124.0,414.0,solexs,8.247350041951388e-07
F1782290219,2026-06-24 08:36:59,2026-06-24 09:10:58,2026-06-24 09:19:53,66.0,17.00855242318657,46.87444633140641,False,0.0,,,C,2574.0,2039.0,535.0,solexs,1.5105254568059737e-06
F1782293310,2026-06-24 09:28:30,2026-06-24 09:30:10,2026-06-24 09:55:18,58.0,22.374089325308834,31.03603052150194,False,0.0,,,C,1608.0,100.0,1508.0,solexs,1.349385815476341e-06
F1782295232,2026-06-24 10:00:32,2026-06-24 10:03:13,2026-06-24 10:24:47,65.0,15.374089325308834,52.22642955142907,False,0.0,,,C,1455.0,161.0,1294.0,solexs,1.4905248997952339e-06
F1782300082,2026-06-24 11:21:22,2026-06-24 11:40:34,2026-06-24 12:34:28,62.0,18.2282757892514,44.9200760803298,False,0.0,,,C,4386.0,1152.0,3234.0,solexs,1.430285829877857e-06
F1782305083,2026-06-24 12:44:43,2026-06-24 12:46:13,2026-06-24 13:00:25,40.0,16.993136944356454,24.95948537313345,False,0.0,,,B,942.0,90.0,852.0,solexs,9.755603409095623e-07
F1782306511,2026-06-24 13:08:31,2026-06-24 13:14:56,2026-06-24 13:19:19,40.0,14.425931791785452,30.116636165509643,False,0.0,,,B,648.0,385.0,263.0,solexs,9.755603409095623e-07
F1782308229,2026-06-24 13:37:09,2026-06-24 13:42:48,2026-06-24 13:49:41,33.0,14.421708372927885,21.878241856316986,False,0.0,,,B,752.0,339.0,413.0,solexs,8.247350041951388e-07
F1782310174,2026-06-24 14:09:34,2026-06-24 14:41:02,2026-06-24 15:39:23,195.0,15.374089325308834,170.07538636260668,False,0.0,,,C,5389.0,1888.0,3501.0,solexs,3.889456956439725e-06
F1782317368,2026-06-24 16:09:28,2026-06-24 16:14:33,2026-06-24 16:22:54,130.0,14.564565515785027,135.27120944210694,False,0.0,,,C,806.0,305.0,501.0,solexs,2.729938457433488e-06
F1782319505,2026-06-24 16:45:05,2026-06-24 16:47:08,2026-06-24 16:58:07,34.0,12.759159539647342,25.88984919438979,False,0.0,,,B,782.0,123.0,659.0,solexs,8.465126929032813e-07
F1782322498,2026-06-24 17:34:58,2026-06-24 17:37:34,2026-06-24 17:46:09,36.0,11.231232182451691,33.052605276545634,False,0.0,,,B,671.0,156.0,515.0,solexs,8.898271515792934e-07
F1782325453,2026-06-24 18:24:13,2026-06-24 18:41:12,2026-06-24 19:04:26,95.0,16.0094498996938,83.26090870070803,False,0.0,,,C,2413.0,1019.0,1394.0,solexs,2.0759958714220978e-06
F1782332822,2026-06-24 20:27:02,2026-06-24 20:32:27,2026-06-24 20:47:37,42.0,13.48632668144863,34.930966312287474,False,0.0,,,C,1235.0,325.0,910.0,solexs,1.0180132038735514e-06
F1782334786,2026-06-24 20:59:46,2026-06-24 21:00:57,2026-06-24 21:05:24,46.0,17.469327420546932,30.52733659637445,False,0.0,,,C,338.0,71.0,267.0,solexs,1.1021641026014044e-06
F1782336592,2026-06-24 21:29:52,2026-06-24 21:42:23,2026-06-24 21:58:17,53.0,19.585999366487165,34.1645322084763,False,0.0,,,C,1705.0,751.0,954.0,solexs,1.2472527178803989e-06
F1782338721,2026-06-24 22:05:21,2026-06-24 22:17:44,2026-06-24 22:46:59,111.0,23.619153204519055,69.3727422736116,False,0.0,,,C,2498.0,743.0,1755.0,solexs,2.378175934597758e-06
F1782343922,2026-06-24 23:32:02,2026-06-25 00:22:49,2026-06-25 01:38:33,189.0,35.617991764333226,94.08505826238546,False,0.0,,,C,7591.0,3047.0,4544.0,solexs,3.7847679563985684e-06
F1782352830,2026-06-25 02:00:30,2026-06-25 02:00:31,2026-06-25 02:09:43,56.0,29.012723049308413,22.30473394537894,False,0.0,,,C,553.0,1.0,552.0,solexs,1.3086723271328416e-06
F1782353735,2026-06-25 02:15:35,2026-06-25 02:17:03,2026-06-25 02:21:23,58.0,28.564565515785024,24.630409772045404,False,0.0,,,C,348.0,88.0,260.0,solexs,1.349385815476341e-06
F1782355230,2026-06-25 02:40:30,2026-06-25 02:53:25,2026-06-25 04:06:08,180.0,28.565832541442294,125.17766919352091,False,0.0,,,C,5138.0,775.0,4363.0,solexs,3.626936766398165e-06
F1782362330,2026-06-25 04:38:50,2026-06-25 04:41:06,2026-06-25 04:44:40,29.0,13.245063879210218,19.369001858244935,False,0.0,,,B,350.0,136.0,214.0,solexs,7.367540289860129e-07
F1782363894,2026-06-25 05:04:54,2026-06-25 05:05:17,2026-06-25 05:14:18,36.0,13.421708372927885,27.56145729653637,False,0.0,,,B,564.0,23.0,541.0,solexs,8.898271515792934e-07
F1782365212,2026-06-25 05:26:52,2026-06-25 05:47:32,2026-06-25 05:59:32,78.0,13.699292577341357,75.73619616258108,False,0.0,,,C,1960.0,1240.0,720.0,solexs,1.747705529001579e-06
F1782369827,2026-06-25 06:43:47,2026-06-25 06:43:32,2026-06-25 06:48:18,32.0,14.83829585049097,20.227220121666704,False,0.0,,,B,271.0,-15.0,286.0,solexs,8.028733609749356e-07
F1782370408,2026-06-25 06:53:28,2026-06-25 07:01:31,2026-06-25 07:16:11,47.0,17.058652729384434,32.64385252677254,False,0.0,,,C,1363.0,483.0,880.0,solexs,1.1230537769694857e-06
F1782372305,2026-06-25 07:25:05,2026-06-25 07:31:49,2026-06-25 07:38:52,41.0,17.135994087213597,25.781233600479958,False,0.0,,,B,827.0,404.0,423.0,solexs,9.968196385014052e-07
F1782374054,2026-06-25 07:54:14,2026-06-25 08:03:06,2026-06-25 08:13:51,55.0,18.76639214444092,37.41150876399797,False,0.0,,,C,1177.0,532.0,645.0,solexs,1.2882466569926608e-06
F1782375707,2026-06-25 08:21:47,2026-06-25 08:31:15,2026-06-25 08:46:32,68.0,14.435012142329214,61.756826519168236,False,0.0,,,C,1485.0,568.0,917.0,solexs,1.5504119088381037e-06
F1782378127,2026-06-25 09:02:07,2026-06-25 09:04:17,2026-06-25 09:37:55,94.0,14.772463309048675,93.45466421170087,False,0.0,,,C,2148.0,130.0,2018.0,solexs,2.0569047158729886e-06
F1782383329,2026-06-25 10:28:49,2026-06-25 10:32:04,2026-06-25 10:44:34,36.0,15.49113082039911,24.200242794482392,False,0.0,,,B,945.0,195.0,750.0,solexs,8.898271515792934e-07
F1782386474,2026-06-25 11:21:14,2026-06-25 11:21:35,2026-06-25 11:29:21,39.0,16.861999788829056,24.260264329174277,False,0.0,,,B,487.0,21.0,466.0,solexs,9.542334558471005e-07
F1782388903,2026-06-25 12:01:43,2026-06-25 12:14:33,2026-06-25 12:24:35,53.0,19.784077710906978,33.34166146831733,False,0.0,,,C,1372.0,770.0,602.0,solexs,1.2472527178803989e-06
F1782390687,2026-06-25 12:31:27,2026-06-25 12:31:37,2026-06-25 12:33:30,43.0,19.755041706261217,23.38863054624173,False,0.0,,,C,123.0,10.0,113.0,solexs,1.0391427984390398e-06
F1782392154,2026-06-25 12:55:54,2026-06-25 13:29:16,2026-06-25 13:42:27,111.0,29.505068102629075,60.327829182080976,False,0.0,,,C,2793.0,2002.0,791.0,solexs,2.378175934597758e-06
F1782396320,2026-06-25 14:05:20,2026-06-25 14:08:12,2026-06-25 14:34:10,76.0,36.62960616619153,29.155525934063636,False,0.0,,,C,1730.0,172.0,1558.0,solexs,1.7085173645996588e-06
F1782399274,2026-06-25 14:54:34,2026-06-25 15:03:07,2026-06-25 15:12:28,350.0,37.94551789673741,226.55058102562188,False,0.0,,,C,1074.0,513.0,561.0,solexs,6.481452430758525e-06
F1782401335,2026-06-25 15:28:55,2026-06-25 15:31:11,2026-06-25 15:47:51,65.0,29.49931369443564,28.447721684333803,False,0.0,,,C,1136.0,136.0,1000.0,solexs,1.4905248997952339e-06
F1782403772,2026-06-25 16:09:32,2026-06-25 16:26:25,2026-06-25 16:38:58,81.0,30.694013303769403,40.120187079978066,False,0.0,,,C,1766.0,1013.0,753.0,solexs,1.8062500804429226e-06
F1782406195,2026-06-25 16:49:55,2026-06-25 17:15:34,2026-06-25 18:00:00,78.0,34.0407559919755,31.27934630351952,False,0.0,,,C,4205.0,1539.0,2666.0,solexs,1.747705529001579e-06
F1782421474,2026-06-25 21:04:34,2026-06-25 21:14:27,2026-06-25 21:20:27,86.0,17.844842149720193,71.734414497236,False,0.0,,,C,953.0,593.0,360.0,solexs,1.9032193884271946e-06
F1782423220,2026-06-25 21:33:40,2026-06-25 21:34:38,2026-06-25 21:37:39,37.0,16.993136944356454,21.70487148082218,False,0.0,,,B,239.0,58.0,181.0,solexs,9.113689870620098e-07
F1782424699,2026-06-25 21:58:19,2026-06-25 22:02:31,2026-06-25 22:20:08,70.0,16.993136944356454,57.505624296246125,False,0.0,,,C,1309.0,252.0,1057.0,solexs,1.5901496844363245e-06
F1782430782,2026-06-25 23:39:42,2026-06-25 23:48:16,2026-06-25 23:57:07,242.0,18.421708372927885,232.95909997346675,False,0.0,,,C,1045.0,514.0,531.0,solexs,4.696389034556212e-06
F1782448448,2026-06-26 04:34:08,2026-06-26 04:40:26,2026-06-26 04:45:25,38.0,14.183613134832644,28.281174108952534,False,0.0,,,B,677.0,378.0,299.0,solexs,9.328370266861128e-07
F1782449613,2026-06-26 04:53:33,2026-06-26 04:54:11,2026-06-26 04:59:31,52.0,17.932425298278954,36.45811896504321,False,0.0,,,C,358.0,38.0,320.0,solexs,1.2266824364751102e-06
F1782451288,2026-06-26 05:21:28,2026-06-26 05:21:09,2026-06-26 05:25:30,41.0,16.89652623798965,26.090064198551772,False,0.0,,,B,242.0,-19.0,261.0,solexs,9.968196385014052e-07
F1782453696,2026-06-26 06:01:36,2026-06-26 06:03:00,2026-06-26 06:04:00,31.0,13.564565515785027,21.171168484523065,False,0.0,,,B,144.0,84.0,60.0,solexs,7.809247997705754e-07
F1782454862,2026-06-26 06:21:02,2026-06-26 06:40:17,2026-06-26 06:46:06,39.0,13.564565515785027,28.833505257869803,False,0.0,,,B,1504.0,1155.0,349.0,solexs,9.542334558471005e-07
F1782458742,2026-06-26 07:25:42,2026-06-26 07:32:27,2026-06-26 07:53:14,53.0,19.643965790307252,33.603444779486686,False,0.0,,,C,1652.0,405.0,1247.0,solexs,1.2472527178803989e-06
F1782464051,2026-06-26 08:54:11,2026-06-26 08:53:40,2026-06-26 08:56:28,29.0,14.755041706261217,16.58463657775853,False,0.0,,,B,137.0,-31.0,168.0,solexs,7.367540289860129e-07
F1782465015,2026-06-26 09:10:15,2026-06-26 09:52:36,2026-06-26 10:29:38,74.0,16.254302607961144,50.422909872234854,False,0.0,,,C,4763.0,2541.0,2222.0,solexs,1.6691980436117363e-06
F1782473705,2026-06-26 11:35:05,2026-06-26 12:01:27,2026-06-26 12:09:30,48.0,16.21935381691479,32.18599076226781,False,0.0,,,C,2065.0,1582.0,483.0,solexs,1.1438870977039946e-06
F1782476749,2026-06-26 12:25:49,2026-06-26 12:46:54,2026-06-26 13:34:10,275.0,28.08837503959455,184.23791133541138,False,0.0,,,C,4101.0,1265.0,2836.0,solexs,5.250895250997346e-06
F1782481857,2026-06-26 13:50:57,2026-06-26 14:05:27,2026-06-26 14:31:11,152.0,19.135994087213597,133.01858886898154,False,0.0,,,C,2414.0,870.0,1544.0,solexs,3.129197814443935e-06
F1782485783,2026-06-26 14:56:23,2026-06-26 15:02:42,2026-06-26 15:17:18,73.0,15.374089325308834,65.72613575662852,False,0.0,,,C,1255.0,379.0,876.0,solexs,1.6494879576016124e-06
F1782496361,2026-06-26 17:52:41,2026-06-26 17:56:47,2026-06-26 17:57:18,38.0,13.926248548199766,29.02103067298029,False,0.0,,,B,277.0,246.0,31.0,solexs,9.328370266861128e-07
F1782500711,2026-06-26 19:05:11,2026-06-26 19:10:46,2026-06-26 19:14:51,33.0,13.135994087213597,24.49445552999572,False,0.0,,,B,580.0,335.0,245.0,solexs,8.247350041951388e-07
F1782504819,2026-06-26 20:13:39,2026-06-26 20:23:06,2026-06-26 20:38:45,94.0,16.688311688311686,85.96105990814033,False,0.0,,,C,1506.0,567.0,939.0,solexs,2.0569047158729886e-06
F1782512595,2026-06-26 22:23:15,2026-06-26 22:25:16,2026-06-26 22:26:51,38.0,18.0407559919755,21.015112494517766,False,0.0,,,B,216.0,121.0,95.0,solexs,9.328370266861128e-07
F1782514807,2026-06-26 23:00:07,2026-06-26 23:22:25,2026-06-26 23:43:14,57.0,23.960563826417484,29.94286093599901,False,0.0,,,C,2587.0,1338.0,1249.0,solexs,1.329051742096738e-06
F1782519338,2026-06-27 00:15:38,2026-06-27 00:13:42,2026-06-27 00:19:45,47.0,23.89789884911836,20.964860756884633,False,0.0,,,C,247.0,-116.0,363.0,solexs,1.1230537769694857e-06
F1782524225,2026-06-27 01:37:05,2026-06-27 01:41:51,2026-06-27 01:46:17,47.0,20.516946468165976,26.147290595444698,False,0.0,,,C,552.0,286.0,266.0,solexs,1.1230537769694857e-06
F1782528852,2026-06-27 02:54:12,2026-06-27 02:57:50,2026-06-27 03:13:43,59.0,20.78613662760004,37.59870179667894,False,0.0,,,C,1171.0,218.0,953.0,solexs,1.3696754273924648e-06
F1782534513,2026-06-27 04:28:33,2026-06-27 04:39:06,2026-06-27 04:37:19,45.0,20.659803611023122,23.83559287997224,False,0.0,,,C,526.0,633.0,-107.0,solexs,1.0812166918717587e-06
F1782536336,2026-06-27 04:58:56,2026-06-27 05:02:58,2026-06-27 05:17:27,61.0,24.59080350543765,32.97621146429643,False,0.0,,,C,1111.0,242.0,869.0,solexs,1.4101246304740755e-06
F1782538826,2026-06-27 05:40:26,2026-06-27 05:41:06,2026-06-27 05:44:29,79.0,26.89789884911836,44.92737633997724,False,0.0,,,C,243.0,40.0,203.0,solexs,1.767251618210135e-06
F1782541526,2026-06-27 06:25:26,2026-06-27 06:26:26,2026-06-27 06:41:34,88.0,24.993136944356454,56.36278848667546,False,0.0,,,C,968.0,60.0,908.0,solexs,1.9418047400858765e-06
F1782543182,2026-06-27 06:53:02,2026-06-27 06:56:06,2026-06-27 07:14:45,67.0,26.564565515785024,35.08534515690136,False,0.0,,,C,1303.0,184.0,1119.0,solexs,1.5304875778415327e-06
F1782544840,2026-06-27 07:20:40,2026-06-27 07:25:33,2026-06-27 08:11:59,87.0,35.22780065462992,38.215070608307435,False,0.0,,,C,3079.0,293.0,2786.0,solexs,1.9225261407027262e-06
F1782549252,2026-06-27 08:34:12,2026-06-27 08:45:36,2026-06-27 08:56:11,95.0,29.326470277689786,54.21642454177537,False,0.0,,,C,1319.0,684.0,635.0,solexs,2.0759958714220978e-06
F1782551501,2026-06-27 09:11:41,2026-06-27 09:23:31,2026-06-27 10:00:13,153.0,38.707422658642166,82.18697545114122,False,0.0,,,C,2912.0,710.0,2202.0,solexs,3.1471636149652157e-06
F1782557507,2026-06-27 10:51:47,2026-06-27 10:52:48,2026-06-27 11:09:01,119.0,30.652940555379576,69.69654140897815,False,0.0,,,C,1034.0,61.0,973.0,solexs,2.5271496843410326e-06
F1782560904,2026-06-27 11:48:24,2026-06-27 11:54:01,2026-06-27 12:03:36,59.0,29.08837503959455,24.80248948719907,False,0.0,,,C,912.0,337.0,575.0,solexs,1.3696754273924648e-06
F1782562375,2026-06-27 12:12:55,2026-06-27 12:21:23,2026-06-27 12:52:43,97.0,25.47122795903283,59.31110793635396,False,0.0,,,C,2388.0,508.0,1880.0,solexs,2.114101994572128e-06
F1782565109,2026-06-27 12:58:29,2026-06-27 12:58:38,2026-06-27 13:09:08,45.0,19.68282124379685,25.388989260737223,False,0.0,,,C,639.0,9.0,630.0,solexs,1.0812166918717587e-06
F1782569457,2026-06-27 14:10:57,2026-06-27 14:16:31,2026-06-27 14:23:19,58.0,19.0407559919755,39.92853950544372,False,0.0,,,C,742.0,334.0,408.0,solexs,1.349385815476341e-06
F1782573103,2026-06-27 15:11:43,2026-06-27 15:17:14,2026-06-27 15:42:47,63.0,18.89789884911836,46.13173937095045,False,0.0,,,C,1864.0,331.0,1533.0,solexs,1.4504057872703728e-06
F1782582508,2026-06-27 17:48:28,2026-06-27 17:49:28,2026-06-27 17:53:57,34.0,16.27885123007074,19.642419964379815,False,0.0,,,B,329.0,60.0,269.0,solexs,8.465126929032813e-07
F1782583380,2026-06-27 18:03:00,2026-06-27 20:14:40,2026-06-27 20:31:58,160.0,56.71977615880054,44.86878931238771,False,0.0,,,C,8938.0,7900.0,1038.0,solexs,3.272512989195038e-06
F1782592679,2026-06-27 20:37:59,2026-06-27 20:47:51,2026-06-27 20:49:30,167.0,107.37408932530884,25.733584012457595,False,0.0,,,C,691.0,592.0,99.0,solexs,3.397167848708544e-06
F1782593790,2026-06-27 20:56:30,2026-06-27 21:11:53,2026-06-27 21:35:34,318.0,97.29120473022913,98.17385043164067,False,0.0,,,C,2344.0,923.0,1421.0,solexs,5.960982052461846e-06
F1782596998,2026-06-27 21:49:58,2026-06-27 22:01:26,2026-06-27 23:23:02,140.0,48.678386653996405,47.42816134592737,False,0.0,,,C,5584.0,688.0,4896.0,solexs,2.9124040646451466e-06
F1782604505,2026-06-27 23:55:05,2026-06-27 23:59:22,2026-06-28 00:01:52,59.0,35.75504170626122,17.385017198675204,False,0.0,,,C,407.0,257.0,150.0,solexs,1.3696754273924648e-06
F1782605884,2026-06-28 00:18:04,2026-06-28 00:21:51,2026-06-28 00:56:40,86.0,26.14634146341463,47.720657223538836,False,0.0,,,C,2316.0,227.0,2089.0,solexs,1.9032193884271946e-06
F1782611421,2026-06-28 01:50:21,2026-06-28 01:55:40,2026-06-28 02:13:47,174.0,20.02153943617358,153.63938754690295,False,0.0,,,C,1406.0,319.0,1087.0,solexs,3.521160933068989e-06
F1782615836,2026-06-28 03:03:56,2026-06-28 03:17:09,2026-06-28 03:31:57,55.0,21.61218456340407,31.296420758109296,False,0.0,,,C,1681.0,793.0,888.0,solexs,1.2882466569926608e-06
F1782620813,2026-06-28 04:26:53,2026-06-28 04:27:18,2026-06-28 04:32:56,47.0,22.08837503959455,23.70473862809646,False,0.0,,,C,363.0,25.0,338.0,solexs,1.1230537769694857e-06
F1782621564,2026-06-28 04:39:24,2026-06-28 04:56:24,2026-06-28 05:01:10,59.0,25.091120261851966,30.023527426939477,False,0.0,,,C,1306.0,1020.0,286.0,solexs,1.3696754273924648e-06
F1782624165,2026-06-28 05:22:45,2026-06-28 05:24:20,2026-06-28 05:32:07,58.0,25.117622215183186,29.160118334617817,False,0.0,,,C,562.0,95.0,467.0,solexs,1.349385815476341e-06
F1782625840,2026-06-28 05:50:40,2026-06-28 05:56:38,2026-06-28 06:06:35,44.0,19.08837503959455,25.499553459925913,False,0.0,,,C,955.0,358.0,597.0,solexs,1.0602100965893052e-06
F1782629420,2026-06-28 06:50:20,2026-06-28 06:54:39,2026-06-28 07:30:20,75.0,21.516946468165976,52.74380090377534,False,0.0,,,C,2400.0,259.0,2141.0,solexs,1.6888743435205183e-06
F1782633561,2026-06-28 07:59:21,2026-06-28 07:59:29,2026-06-28 08:02:06,35.0,18.564565515785027,17.044038503401858,False,0.0,,,B,165.0,8.0,157.0,solexs,8.682092054493216e-07
F1782636313,2026-06-28 08:45:13,2026-06-28 08:52:10,2026-06-28 09:09:03,73.0,19.889557596874667,53.39064566261835,False,0.0,,,C,1430.0,417.0,1013.0,solexs,1.6494879576016124e-06
F1782638474,2026-06-28 09:21:14,2026-06-28 09:50:34,2026-06-28 09:54:58,81.0,32.43986907401541,34.11917829402623,False,0.0,,,C,2024.0,1760.0,264.0,solexs,1.8062500804429226e-06
F1782641386,2026-06-28 10:09:46,2026-06-28 10:10:55,2026-06-28 10:45:42,85.0,29.479780382219406,39.972781483670765,False,0.0,,,C,2156.0,69.0,2087.0,solexs,1.883884114052155e-06
F1782649091,2026-06-28 12:18:11,2026-06-28 12:20:24,2026-06-28 12:36:24,53.0,26.46932742054693,23.01070176468661,False,0.0,,,C,1093.0,133.0,960.0,solexs,1.2472527178803989e-06
F1782651198,2026-06-28 12:53:18,2026-06-28 12:57:41,2026-06-28 13:00:05,51.0,23.12569950374828,26.067759683123086,False,0.0,,,C,407.0,263.0,144.0,solexs,1.2060618704286024e-06
F1782654231,2026-06-28 13:43:51,2026-06-28 14:01:24,2026-06-28 14:38:02,63.0,22.013884489494245,39.952579437027914,False,0.0,,,C,3251.0,1053.0,2198.0,solexs,1.4504057872703728e-06
F1782659121,2026-06-28 15:05:21,2026-06-28 15:10:00,2026-06-28 15:36:46,94.0,21.894150564882267,71.44081366798352,False,0.0,,,C,1885.0,279.0,1606.0,solexs,2.0569047158729886e-06
F1782666047,2026-06-28 17:00:47,2026-06-28 17:07:17,2026-06-28 17:17:18,61.0,24.90887973814803,32.62038818114364,False,0.0,,,C,991.0,390.0,601.0,solexs,1.4101246304740755e-06
F1782669516,2026-06-28 17:58:36,2026-06-28 18:07:45,2026-06-28 18:11:51,59.0,26.193168619997884,28.446261133729926,False,0.0,,,C,795.0,549.0,246.0,solexs,1.3696754273924648e-06
F1782670810,2026-06-28 18:20:10,2026-06-28 18:22:11,2026-06-28 18:53:20,77.0,24.551472917326574,43.08320345537889,False,0.0,,,C,1990.0,121.0,1869.0,solexs,1.7281275999348735e-06
F1782674955,2026-06-28 19:29:15,2026-06-28 19:30:15,2026-06-28 19:31:41,47.0,20.326470277689786,26.458456367790923,False,0.0,,,C,146.0,60.0,86.0,solexs,1.1230537769694857e-06
F1782676566,2026-06-28 19:56:06,2026-06-28 19:57:02,2026-06-28 20:01:48,58.0,20.38053003906662,37.316137567959224,False,0.0,,,C,342.0,56.0,286.0,solexs,1.349385815476341e-06
F1782678261,2026-06-28 20:24:21,2026-06-28 20:57:48,2026-06-28 21:11:52,111.0,25.855664660542708,69.82124461000518,False,0.0,,,C,2851.0,2007.0,844.0,solexs,2.378175934597758e-06
F1782681661,2026-06-28 21:21:01,2026-06-28 21:42:43,2026-06-28 22:47:54,463.0,34.477035159961986,290.3145018888503,False,0.0,,,C,5213.0,1302.0,3911.0,solexs,8.274827844398453e-06
F1782688321,2026-06-28 23:12:01,2026-06-28 23:22:00,2026-06-28 23:22:06,55.0,27.27885123007074,23.736308766807042,False,0.0,,,C,605.0,599.0,6.0,solexs,1.2882466569926608e-06
F1782690059,2026-06-28 23:40:59,2026-06-28 23:42:07,2026-06-28 23:53:30,61.0,25.755041706261217,30.75008568485735,False,0.0,,,C,751.0,68.0,683.0,solexs,1.4101246304740755e-06
F1782691786,2026-06-29 00:09:46,2026-06-29 00:40:51,2026-06-29 01:40:51,206.0,25.755041706261217,137.75128753817626,False,0.0,,,C,5465.0,1865.0,3600.0,solexs,4.080336498559912e-06
F1782697685,2026-06-29 01:48:05,2026-06-29 01:48:26,2026-06-29 01:49:33,49.0,24.564565515785024,22.04857467900162,False,0.0,,,C,88.0,21.0,67.0,solexs,1.164665386329856e-06
F1782700045,2026-06-29 02:27:25,2026-06-29 02:31:15,2026-06-29 02:39:25,92.0,24.802660753880264,60.34175515321318,False,0.0,,,C,720.0,230.0,490.0,solexs,2.018644687188779e-06
F1782701287,2026-06-29 02:48:07,2026-06-29 03:16:08,2026-06-29 05:11:55,181.0,43.68630556435434,103.88027945595738,False,0.0,,,C,8628.0,1681.0,6947.0,solexs,3.644522185247857e-06
F1782710738,2026-06-29 05:25:38,2026-06-29 05:27:20,2026-06-29 05:47:43,72.0,26.651567944250864,37.1789390011896,False,0.0,,,C,1325.0,102.0,1223.0,solexs,1.6297435634242153e-06
F1782714096,2026-06-29 06:21:36,2026-06-29 06:24:12,2026-06-29 06:42:38,54.0,23.43585682610072,27.173437427971827,False,0.0,,,C,1262.0,156.0,1106.0,solexs,1.2677737827074654e-06
F1782716289,2026-06-29 06:58:09,2026-06-29 07:01:17,2026-06-29 07:19:18,55.0,23.326470277689786,29.32830394590575,False,0.0,,,C,1269.0,188.0,1081.0,solexs,1.2882466569926608e-06
F1782718525,2026-06-29 07:35:25,2026-06-29 08:26:17,2026-06-29 08:53:45,322.0,103.4217083729279,90.47191626775515,False,0.0,,,C,4700.0,3052.0,1648.0,solexs,6.026391957017802e-06
F1782723904,2026-06-29 09:05:04,2026-06-29 09:07:08,2026-06-29 09:49:24,327.0,40.09555485165241,138.29183283366908,False,0.0,,,C,2660.0,124.0,2536.0,solexs,6.108009555058661e-06
F1782726943,2026-06-29 09:55:43,2026-06-29 10:01:16,2026-06-29 10:19:35,97.0,35.80266075388026,45.739339230802834,False,0.0,,,C,1432.0,333.0,1099.0,solexs,2.114101994572128e-06
F1782728964,2026-06-29 10:29:24,2026-06-29 10:33:06,2026-06-29 11:04:01,73.0,25.70742265864217,37.37400967953631,False,0.0,,,C,2077.0,222.0,1855.0,solexs,1.6494879576016124e-06
F1782732251,2026-06-29 11:24:11,2026-06-29 11:27:04,2026-06-29 11:46:01,61.0,19.52518213493823,40.665978338635334,False,0.0,,,C,1310.0,173.0,1137.0,solexs,1.4101246304740755e-06
F1782734995,2026-06-29 12:09:55,2026-06-29 12:34:14,2026-06-29 12:44:00,78.0,18.89789884911836,62.31096483475161,False,0.0,,,C,2045.0,1459.0,586.0,solexs,1.747705529001579e-06
F1782738178,2026-06-29 13:02:58,2026-06-29 13:12:07,2026-06-29 13:20:59,46.0,18.06926406926407,29.373257354430145,False,0.0,,,C,1081.0,549.0,532.0,solexs,1.1021641026014044e-06
F1782741414,2026-06-29 13:56:54,2026-06-29 13:57:21,2026-06-29 14:04:21,47.0,21.516946468165976,24.568358726367045,False,0.0,,,C,447.0,27.0,420.0,solexs,1.1230537769694857e-06
F1782742317,2026-06-29 14:11:57,2026-06-29 14:46:45,2026-06-29 15:43:07,118.0,28.699503748284236,64.15119722787455,False,0.0,,,C,5470.0,2088.0,3382.0,solexs,2.5085992350439816e-06
F1782748400,2026-06-29 15:53:20,2026-06-29 15:54:36,2026-06-29 15:56:44,56.0,24.42170837292788,28.57693246969127,False,0.0,,,C,204.0,76.0,128.0,solexs,1.3086723271328416e-06
F1782748977,2026-06-29 16:02:57,2026-06-29 16:07:19,2026-06-29 16:23:29,56.0,24.61218456340407,28.363081617563775,False,0.0,,,C,1232.0,262.0,970.0,solexs,1.3086723271328416e-06
F1782752374,2026-06-29 16:59:34,2026-06-29 17:02:33,2026-06-29 17:02:29,48.0,23.42170837292788,22.71210598561641,False,0.0,,,C,175.0,179.0,-4.0,solexs,1.1438870977039946e-06
F1782753472,2026-06-29 17:17:52,2026-06-29 18:19:31,2026-06-29 19:09:52,266.0,39.44409249287298,137.12471451394168,False,0.0,,,C,6720.0,3699.0,3021.0,solexs,5.100548585787726e-06
F1782761062,2026-06-29 19:24:22,2026-06-29 19:46:53,2026-06-29 20:06:44,201.0,34.0407559919755,126.98067337923159,False,0.0,,,C,2542.0,1351.0,1191.0,solexs,3.993737747821676e-06
F1782764515,2026-06-29 20:21:55,2026-06-29 21:39:09,2026-06-29 23:17:21,748.0,35.11857248442614,281.64326100092177,False,0.0,,,M,10526.0,4634.0,5892.0,solexs,1.2578615625833737e-05
F1782776600,2026-06-29 23:43:20,2026-06-29 23:53:35,2026-06-30 00:01:06,98.0,28.08330693696547,59.17479880648125,False,0.0,,,C,1066.0,615.0,451.0,solexs,2.1331175538364294e-06
F1782780090,2026-06-30 00:41:30,2026-06-30 01:15:03,2026-06-30 02:10:31,705.0,76.6407982261641,223.2293951872037,False,0.0,,,M,5341.0,2013.0,3328.0,solexs,1.194495773737894e-05
F1782786048,2026-06-30 02:20:48,2026-06-30 02:38:46,2026-06-30 02:58:34,151.0,35.06155632984901,86.97561726644616,False,0.0,,,C,2266.0,1078.0,1188.0,solexs,3.111217002308013e-06
F1782789196,2026-06-30 03:13:16,2026-06-30 03:19:12,2026-06-30 03:36:54,120.0,31.516946468165976,70.48602708479422,False,0.0,,,C,1418.0,356.0,1062.0,solexs,2.545680353879815e-06
F1782791074,2026-06-30 03:44:34,2026-06-30 03:58:03,2026-06-30 04:19:23,98.0,27.046246436490335,58.657533665189,False,0.0,,,C,2089.0,809.0,1280.0,solexs,2.1331175538364294e-06
F1782795685,2026-06-30 05:01:25,2026-06-30 05:17:44,2026-06-30 05:22:38,57.0,25.86923239362263,26.130160144388345,False,0.0,,,C,1273.0,979.0,294.0,solexs,1.329051742096738e-06
F1782797827,2026-06-30 05:37:07,2026-06-30 05:38:43,2026-06-30 05:46:34,62.0,27.579611445465098,29.144384039840787,False,0.0,,,C,567.0,96.0,471.0,solexs,1.430285829877857e-06
F1782800503,2026-06-30 06:21:43,2026-06-30 06:35:09,2026-06-30 07:14:24,139.0,34.62807517685566,92.06061695606375,False,0.0,,,C,3161.0,806.0,2355.0,solexs,2.89423389068372e-06
F1782804121,2026-06-30 07:22:01,2026-06-30 07:36:16,2026-06-30 08:08:13,105.0,27.607010875303555,60.05888785806221,False,0.0,,,C,2772.0,855.0,1917.0,solexs,2.2655524468217783e-06
F1782807921,2026-06-30 08:25:21,2026-06-30 08:26:06,2026-06-30 08:33:49,52.0,20.08837503959455,31.31464642030084,False,0.0,,,C,508.0,45.0,463.0,solexs,1.2266824364751102e-06
F1782809716,2026-06-30 08:55:16,2026-06-30 08:54:25,2026-06-30 08:56:28,39.0,20.08837503959455,18.869980033532112,False,0.0,,,B,72.0,-51.0,123.0,solexs,9.542334558471005e-07
F1782810339,2026-06-30 09:05:39,2026-06-30 09:35:12,2026-06-30 09:59:29,118.0,21.164290993559284,87.68466822686707,False,0.0,,,C,3230.0,1773.0,1457.0,solexs,2.5085992350439816e-06
F1782814285,2026-06-30 10:11:25,2026-06-30 10:52:44,2026-06-30 10:56:12,57.0,21.013567733079924,29.272417833105496,False,0.0,,,C,2687.0,2479.0,208.0,solexs,1.329051742096738e-06
F1782817446,2026-06-30 11:04:06,2026-06-30 11:37:32,2026-06-30 12:04:22,101.0,30.23123218245169,57.56104999046178,False,0.0,,,C,3616.0,2006.0,1610.0,solexs,2.1900176390466558e-06
F1782822207,2026-06-30 12:23:27,2026-06-30 12:57:40,2026-06-30 14:48:35,3778.0,56.234082990180546,1463.0025269631988,False,0.0,,,M,8708.0,2053.0,6655.0,solexs,5.1724960076996624e-05
F1782831771,2026-06-30 15:02:51,2026-06-30 15:06:01,2026-06-30 15:23:24,84.0,32.27885123007074,40.216442748990545,False,0.0,,,C,1233.0,190.0,1043.0,solexs,1.864519939124312e-06
F1782833595,2026-06-30 15:33:15,2026-06-30 15:34:01,2026-06-30 16:10:43,130.0,33.15004751346215,76.23517028384819,False,0.0,,,C,2248.0,46.0,2202.0,solexs,2.729938457433488e-06
F1782836676,2026-06-30 16:24:36,2026-06-30 16:48:02,2026-06-30 17:06:58,254.0,37.733924611973386,162.8738972079491,False,0.0,,,C,2542.0,1406.0,1136.0,solexs,4.899075058752097e-06
F1782839917,2026-06-30 17:18:37,2026-06-30 17:26:08,2026-06-30 18:01:15,228.0,32.18361313483265,154.3642158574258,False,0.0,,,C,2558.0,451.0,2107.0,solexs,4.458298381900979e-06
F1782843133,2026-06-30 18:12:13,2026-06-30 18:12:38,2026-06-30 18:16:12,54.0,29.755041706261217,19.87724348178479,False,0.0,,,C,239.0,25.0,214.0,solexs,1.2677737827074654e-06
F1782844114,2026-06-30 18:28:34,2026-06-30 18:46:53,2026-06-30 19:42:24,205.0,46.75504170626122,126.51514885393895,False,0.0,,,C,4430.0,1099.0,3331.0,solexs,4.063038298990703e-06
F1782849055,2026-06-30 19:50:55,2026-06-30 19:58:27,2026-06-30 20:26:47,458.0,46.75504170626122,268.96846234116737,False,0.0,,,C,2152.0,452.0,1700.0,solexs,8.19675771611848e-06
F1782851900,2026-06-30 20:38:20,2026-06-30 20:50:06,2026-06-30 22:51:53,7566.0,101.85027980149931,3638.158027321368,False,0.0,,,M,8013.0,706.0,7307.0,solexs,9.484517741752226e-05
F1782860400,2026-06-30 23:00:00,2026-06-30 22:59:09,2026-06-30 23:02:41,85.0,52.85027980149931,19.77737052164117,False,0.0,,,C,161.0,-51.0,212.0,solexs,1.883884114052155e-06
F1782860988,2026-06-30 23:09:48,2026-06-30 23:18:24,2026-07-01 00:25:19,210.0,37.64750290360047,106.02515898612836,False,0.0,,,C,4531.0,516.0,4015.0,solexs,4.149423302328568e-06
F1782866090,2026-07-01 00:34:50,2026-07-01 01:03:54,2026-07-01 01:02:46,69.0,30.374089325308834,28.90875174326276,False,0.0,,,C,1676.0,1744.0,-68.0,solexs,1.5702990755445013e-06
F1782869308,2026-07-01 01:28:28,2026-07-01 01:35:54,2026-07-01 01:56:53,69.0,28.798437335022697,32.998701279596254,False,0.0,,,C,1705.0,446.0,1259.0,solexs,1.5702990755445013e-06
F1782872172,2026-07-01 02:16:12,2026-07-01 02:21:53,2026-07-01 02:26:05,49.0,24.850279801499312,21.665137997492334,False,0.0,,,C,593.0,341.0,252.0,solexs,1.164665386329856e-06
F1782874215,2026-07-01 02:50:15,2026-07-01 02:53:31,2026-07-01 03:02:32,65.0,22.06208425720621,40.56223171805582,False,0.0,,,C,737.0,196.0,541.0,solexs,1.4905248997952339e-06
F1782875972,2026-07-01 03:19:32,2026-07-01 03:20:13,2026-07-01 03:39:54,47.0,22.0407559919755,23.77569283610124,False,0.0,,,C,1222.0,41.0,1181.0,solexs,1.1230537769694857e-06
F1782878189,2026-07-01 03:56:29,2026-07-01 04:25:44,2026-07-01 04:35:42,107.0,31.087371977615877,54.699662549252245,False,0.0,,,C,2353.0,1755.0,598.0,solexs,2.3031821878898074e-06
F1782881087,2026-07-01 04:44:47,2026-07-01 04:55:15,2026-07-01 05:54:33,395.0,49.27885123007074,220.247332730329,False,0.0,,,C,4186.0,628.0,3558.0,solexs,7.203320170874574e-06
F1782885808,2026-07-01 06:03:28,2026-07-01 06:05:20,2026-07-01 06:09:46,81.0,36.23123218245169,33.26201745370415,False,0.0,,,C,378.0,112.0,266.0,solexs,1.8062500804429226e-06
F1782886822,2026-07-01 06:20:22,2026-07-01 06:26:59,2026-07-01 07:07:56,685.0,36.66339351705205,474.04939131756754,False,0.0,,,M,2854.0,397.0,2457.0,solexs,1.1648574670157566e-05
F1782890436,2026-07-01 07:20:36,2026-07-01 07:35:27,2026-07-01 07:55:13,952.0,28.510664132615346,754.3644734411256,False,0.0,,,M,2077.0,891.0,1186.0,solexs,1.5526437859934806e-05
F1782893588,2026-07-01 08:13:08,2026-07-01 08:17:42,2026-07-01 08:34:43,1723.0,27.808573540280854,1426.549408192203,False,0.0,,,M,1295.0,274.0,1021.0,solexs,2.6062206135426015e-05
F1782895701,2026-07-01 08:48:21,2026-07-01 08:53:31,2026-07-01 09:51:46,209.0,47.42170837292788,137.27768444273744,False,0.0,,,C,3805.0,310.0,3495.0,solexs,4.132167385738207e-06
F1782899909,2026-07-01 09:58:29,2026-07-01 10:07:55,2026-07-01 10:29:20,861.0,47.42170837292788,528.3549153627275,False,0.0,,,M,1851.0,566.0,1285.0,solexs,1.4222548796410993e-05
F1782902463,2026-07-01 10:41:03,2026-07-01 12:43:39,2026-07-01 12:56:13,606.0,92.53716608594658,123.92590614248313,False,0.0,,,M,8110.0,7356.0,754.0,solexs,1.0466728718071863e-05
F1782910908,2026-07-01 13:01:48,2026-07-01 13:07:35,2026-07-01 14:11:18,487.0,222.5725900116144,67.41958731111696,False,0.0,,,C,4170.0,347.0,3823.0,solexs,8.6480979043873e-06
F1782915742,2026-07-01 14:22:22,2026-07-01 14:54:46,2026-07-01 17:01:29,1615.0,107.98780487804878,409.6565313365349,False,0.0,,,M,9547.0,1944.0,7603.0,solexs,2.4630169238570928e-05
F1782925785,2026-07-01 17:09:45,2026-07-01 17:12:09,2026-07-01 18:22:14,421.0,60.897898849118356,206.36664277664588,False,0.0,,,C,4349.0,144.0,4205.0,solexs,7.615581168935104e-06
F1782930969,2026-07-01 18:36:09,2026-07-01 19:43:15,2026-07-01 21:47:11,2177.0,53.516946468165976,430.7377729235358,False,0.0,,,M,11462.0,4026.0,7436.0,solexs,3.196608186893235e-05
F1782943183,2026-07-01 21:59:43,2026-07-01 22:04:31,2026-07-01 22:12:52,216.0,93.94551789673741,56.31585702198434,False,0.0,,,C,789.0,288.0,501.0,solexs,4.2527417293357605e-06
F1782944757,2026-07-01 22:25:57,2026-07-01 23:08:49,2026-07-01 23:36:13,6128.0,96.2530883750396,2427.018645758933,False,0.0,,,M,4216.0,2572.0,1644.0,solexs,7.890232955966623e-05
F1782949745,2026-07-01 23:49:05,2026-07-02 00:01:51,2026-07-02 01:05:05,588.0,107.3264702776898,207.49698042448853,False,0.0,,,M,4560.0,766.0,3794.0,solexs,1.0194786727600124e-05
F1782955290,2026-07-02 01:21:30,2026-07-02 01:56:06,2026-07-02 03:36:37,2726.0,80.70742265864217,1245.818213212872,False,0.0,,,M,8107.0,2076.0,6031.0,solexs,3.890072993527883e-05
F1782964147,2026-07-02 03:49:07,2026-07-02 04:14:35,2026-07-02 04:37:46,406.0,78.80260796114455,166.52271313765766,False,0.0,,,C,2919.0,1528.0,1391.0,solexs,7.37814614548504e-06
F1782967557,2026-07-02 04:45:57,2026-07-02 04:47:46,2026-07-02 04:51:56,116.0,66.61218456340407,27.061880752029666,False,0.0,,,C,359.0,109.0,250.0,solexs,2.4714382376907434e-06
F1782968221,2026-07-02 04:57:01,2026-07-02 05:01:02,2026-07-02 05:31:42,502.0,50.567997043606795,258.07656210232716,False,0.0,,,C,2081.0,241.0,1840.0,solexs,8.880200903526198e-06
F1782971359,2026-07-02 05:49:19,2026-07-02 06:09:19,2026-07-02 06:48:39,278.0,55.18361313483265,137.26414912610846,False,0.0,,,C,3560.0,1200.0,2360.0,solexs,5.300871125380234e-06
F1782975317,2026-07-02 06:55:17,2026-07-02 06:56:25,2026-07-02 07:04:11,119.0,79.89789884911836,19.563538685089515,False,0.0,,,C,534.0,68.0,466.0,solexs,2.5271496843410326e-06
F1782976315,2026-07-02 07:11:55,2026-07-02 07:22:56,2026-07-02 07:59:47,280.0,76.05965579136311,100.63554129879385,False,0.0,,,C,2872.0,661.0,2211.0,solexs,5.334150312250835e-06
F1782979857,2026-07-02 08:10:57,2026-07-02 08:13:30,2026-07-02 08:22:04,135.0,61.85027980149931,41.57720283763348,False,0.0,,,C,667.0,153.0,514.0,solexs,2.8213857978468413e-06
F1782981512,2026-07-02 08:38:32,2026-07-02 10:26:27,2026-07-02 11:30:55,1945.0,107.71602787456446,684.1146381518091,False,0.0,,,M,10343.0,6475.0,3868.0,solexs,2.8970998783670802e-05
F1782992322,2026-07-02 11:38:42,2026-07-02 11:42:17,2026-07-02 12:00:42,116.0,66.46932742054693,26.623573298862745,False,0.0,,,C,1320.0,215.0,1105.0,solexs,2.4714382376907434e-06
F1782994576,2026-07-02 12:16:16,2026-07-02 12:18:59,2026-07-02 12:28:41,126.0,64.56456551578503,34.192969231089066,False,0.0,,,C,745.0,163.0,582.0,solexs,2.6564591695834337e-06
F1782997062,2026-07-02 12:57:42,2026-07-02 13:11:11,2026-07-02 13:33:40,114.0,62.2563615246542,28.8639960927071,False,0.0,,,C,2158.0,809.0,1349.0,solexs,2.434195807911221e-06
F1783000216,2026-07-02 13:50:16,2026-07-02 13:58:33,2026-07-02 14:18:36,101.0,47.31643965790306,33.094456197988634,False,0.0,,,C,1700.0,497.0,1203.0,solexs,2.1900176390466558e-06
F1783004129,2026-07-02 14:55:29,2026-07-02 14:57:25,2026-07-02 15:02:05,72.0,44.37408932530884,18.54670970638742,False,0.0,,,C,396.0,116.0,280.0,solexs,1.6297435634242153e-06
F1783005631,2026-07-02 15:20:31,2026-07-02 15:55:16,2026-07-02 16:04:28,108.0,52.98516524126279,31.953456849063098,False,0.0,,,C,2637.0,2085.0,552.0,solexs,2.3219634943465185e-06
F1783009062,2026-07-02 16:17:42,2026-07-02 16:28:08,2026-07-02 16:55:14,114.0,60.98183929891247,29.274396114962432,False,0.0,,,C,2252.0,626.0,1626.0,solexs,2.434195807911221e-06
F1783012548,2026-07-02 17:15:48,2026-07-02 17:31:05,2026-07-02 17:39:42,100.0,56.95048041389504,25.307621141056032,False,0.0,,,C,1434.0,917.0,517.0,solexs,2.1710750989871012e-06
F1783015670,2026-07-02 18:07:50,2026-07-02 18:05:55,2026-07-02 18:11:19,90.0,58.97550417062611,18.078809541570823,False,0.0,,,C,209.0,-115.0,324.0,solexs,1.9802789127274667e-06
F1783016624,2026-07-02 18:23:44,2026-07-02 18:39:41,2026-07-02 18:48:38,129.0,64.46932742054693,35.942196958657405,False,0.0,,,C,1494.0,957.0,537.0,solexs,2.711595885904496e-06
F1783019072,2026-07-02 19:04:32,2026-07-02 19:04:35,2026-07-02 19:09:38,124.0,84.37408932530884,19.2925531260399,False,0.0,,,C,306.0,3.0,303.0,solexs,2.6196088992824826e-06
F1783019899,2026-07-02 19:18:19,2026-07-02 20:11:35,2026-07-02 21:35:05,365.0,121.05923344947736,70.70512516982456,False,0.0,,,C,8206.0,3196.0,5010.0,solexs,6.723315318641624e-06
F1783028539,2026-07-02 21:42:19,2026-07-02 21:46:26,2026-07-02 22:11:28,166.0,83.61218456340409,39.75453838189405,False,0.0,,,C,1749.0,247.0,1502.0,solexs,3.379401260093193e-06
F1783030757,2026-07-02 22:19:17,2026-07-02 22:25:12,2026-07-02 22:42:47,168.0,83.61218456340409,41.272422141727105,False,0.0,,,C,1410.0,355.0,1055.0,solexs,3.414920936353532e-06
F1783032681,2026-07-02 22:51:21,2026-07-02 23:12:15,2026-07-03 00:35:15,684.0,86.11772780065462,269.8081923045488,False,0.0,,,M,6234.0,1254.0,4980.0,solexs,1.1633726922476052e-05
F1783039274,2026-07-03 00:41:14,2026-07-03 00:47:39,2026-07-03 01:15:34,174.0,33.06884172737831,99.08018027869981,False,0.0,,,C,2060.0,385.0,1675.0,solexs,3.521160933068989e-06
F1783042021,2026-07-03 01:27:01,2026-07-03 01:28:28,2026-07-03 01:28:44,56.0,31.374089325308834,19.661730242134023,False,0.0,,,C,103.0,87.0,16.0,solexs,1.3086723271328416e-06
F1783042723,2026-07-03 01:38:43,2026-07-03 01:52:51,2026-07-03 02:10:34,86.0,33.76317178756203,40.62266757610468,False,0.0,,,C,1911.0,848.0,1063.0,solexs,1.9032193884271946e-06
F1783045520,2026-07-03 02:25:20,2026-07-03 02:34:21,2026-07-03 03:26:30,179.0,38.44768239890191,101.8382769444532,False,0.0,,,C,3670.0,541.0,3129.0,solexs,3.6093389403005274e-06
F1783049736,2026-07-03 03:35:36,2026-07-03 03:51:07,2026-07-03 04:08:02,79.0,34.8901911097033,33.49436989779484,False,0.0,,,C,1946.0,931.0,1015.0,solexs,1.767251618210135e-06
F1783052751,2026-07-03 04:25:51,2026-07-03 04:54:18,2026-07-03 06:12:20,235.0,65.0213282652307,86.24729012342804,False,0.0,,,C,6389.0,1707.0,4682.0,solexs,4.577568831321494e-06
F1783059662,2026-07-03 06:21:02,2026-07-03 06:22:29,2026-07-03 06:28:41,100.0,56.516946468165976,25.866977615128963,False,0.0,,,C,459.0,87.0,372.0,solexs,2.1710750989871012e-06
F1783060494,2026-07-03 06:34:54,2026-07-03 06:47:26,2026-07-03 07:12:14,136.0,56.56456551578503,47.25414704712359,False,0.0,,,C,2240.0,752.0,1488.0,solexs,2.8396232061480173e-06
F1783064136,2026-07-03 07:35:36,2026-07-03 08:05:12,2026-07-03 08:42:28,159.0,67.94551789673741,49.419570293989814,False,0.0,,,C,4012.0,1776.0,2236.0,solexs,3.254649258569725e-06
F1783069094,2026-07-03 08:58:14,2026-07-03 11:07:43,2026-07-03 11:58:48,471.0,179.29484742899376,96.09924629505996,False,0.0,,,C,10834.0,7769.0,3065.0,solexs,8.399518107643514e-06
F1783080247,2026-07-03 12:04:07,2026-07-03 12:05:06,2026-07-03 12:11:07,176.0,120.08837503959455,22.81742480842549,False,0.0,,,C,420.0,59.0,361.0,solexs,3.5564702324096075e-06
F1783081249,2026-07-03 12:20:49,2026-07-03 13:13:51,2026-07-03 14:08:15,974.0,112.0407559919755,359.05495294291006,False,0.0,,,M,6446.0,3182.0,3264.0,solexs,1.5839235598197745e-05
F1783088104,2026-07-03 14:15:04,2026-07-03 14:33:32,2026-07-03 15:39:46,294.0,82.65399641009398,103.22549427370605,False,0.0,,,C,5082.0,1108.0,3974.0,solexs,5.56627327045162e-06
F1783093717,2026-07-03 15:48:37,2026-07-03 15:50:43,2026-07-03 15:51:38,114.0,71.65980361102312,22.36814962334922,False,0.0,,,C,181.0,126.0,55.0,solexs,2.434195807911221e-06
F1783094829,2026-07-03 16:07:09,2026-07-03 16:48:32,2026-07-03 17:16:22,323.0,95.85027980149931,103.7601310342216,False,0.0,,,C,4153.0,2483.0,1670.0,solexs,6.042728271283983e-06
F1783099404,2026-07-03 17:23:24,2026-07-03 18:10:27,2026-07-03 19:11:16,4693.0,248.9753985851547,1542.2805783165156,False,0.0,,,M,6472.0,2823.0,3649.0,solexs,6.250738477511954e-05
F1783106465,2026-07-03 19:21:05,2026-07-03 19:30:24,2026-07-03 19:55:58,585.0,324.09016999260893,61.43512032668011,False,0.0,,,M,2093.0,559.0,1534.0,solexs,1.014936108620235e-05
F1783108872,2026-07-03 20:01:12,2026-07-03 20:08:42,2026-07-03 22:23:06,917.0,182.51694646816597,194.24822337461572,False,0.0,,,M,8514.0,450.0,8064.0,solexs,1.5026900942603141e-05
F1783117727,2026-07-03 22:28:47,2026-07-03 22:34:59,2026-07-03 23:12:25,419.0,70.0091859360152,158.12418462695854,False,0.0,,,C,2618.0,372.0,2246.0,solexs,7.583986033279656e-06
F1783122053,2026-07-03 23:40:53,2026-07-04 00:23:34,2026-07-04 00:53:44,1505.0,150.17717242107483,395.04813112898427,False,0.0,,,M,4371.0,2561.0,1810.0,solexs,2.315904654516601e-05
F1783126806,2026-07-04 01:00:06,2026-07-04 01:12:56,2026-07-04 02:41:28,1386.0,191.80266075388025,385.62375856540285,False,0.0,,,M,6082.0,770.0,5312.0,solexs,2.1552065376582894e-05
F1783133247,2026-07-04 02:47:27,2026-07-04 03:42:36,2026-07-04 04:26:20,2875.0,113.11350438179707,928.7697970511498,False,0.0,,,M,5933.0,3309.0,2624.0,solexs,4.075075248413051e-05
F1783140087,2026-07-04 04:41:27,2026-07-04 05:15:04,2026-07-04 07:15:03,874.0,87.7517685566466,269.5790660053998,False,0.0,,,M,9216.0,2017.0,7199.0,solexs,1.4409850464400037e-05
F1783150192,2026-07-04 07:29:52,2026-07-04 08:06:18,2026-07-04 08:38:16,1144.0,147.61218456340407,366.69288270238377,False,0.0,,,M,4104.0,2186.0,1918.0,solexs,1.822768517558958e-05
F1783154631,2026-07-04 08:43:51,2026-07-04 08:52:35,2026-07-04 09:16:13,610.0,126.37408932530884,185.1105944646977,False,0.0,,,M,1942.0,524.0,1418.0,solexs,1.0527020050574844e-05
F1783157091,2026-07-04 09:24:51,2026-07-04 09:55:43,2026-07-04 10:11:14,344.0,139.59507971703096,71.14517603953549,False,0.0,,,C,2783.0,1852.0,931.0,solexs,6.384341294674683e-06
F1783160225,2026-07-04 10:17:05,2026-07-04 10:20:39,2026-07-04 10:59:08,353.0,195.56435434484217,47.17389358579829,False,0.0,,,C,2523.0,214.0,2309.0,solexs,6.529928572710891e-06
F1783163168,2026-07-04 11:06:08,2026-07-04 11:12:08,2026-07-04 12:16:57,2295.0,177.81607010875302,686.0583628332871,False,0.0,,,M,4249.0,360.0,3889.0,solexs,3.347367431933545e-05
F1783167882,2026-07-04 12:24:42,2026-07-04 12:42:04,2026-07-04 13:12:52,280.0,154.1945940238623,47.05527765014135,False,0.0,,,C,2890.0,1042.0,1848.0,solexs,5.334150312250835e-06
F1783171131,2026-07-04 13:18:51,2026-07-04 13:50:54,2026-07-04 17:35:06,2314.0,123.4217083729279,745.5739756539974,False,0.0,,,M,15375.0,1923.0,13452.0,solexs,3.371549019869657e-05
F1783187064,2026-07-04 17:44:24,2026-07-04 17:54:15,2026-07-04 18:31:13,246.0,102.01197755188886,61.43849554004334,False,0.0,,,C,2809.0,591.0,2218.0,solexs,4.7640898187388626e-06
F1783190331,2026-07-04 18:38:51,2026-07-04 22:05:59,2026-07-04 23:27:04,250000.0,97.16682504487383,68760.59884492282,False,0.0,,,X,17293.0,12428.0,4865.0,solexs,0.0020102006581231365
F1783207942,2026-07-04 23:32:22,2026-07-04 23:49:16,2026-07-05 00:21:39,545.0,99.45634040755992,183.28995402353388,False,0.0,,,C,2957.0,1014.0,1943.0,solexs,9.540789284022885e-06
F1783211222,2026-07-05 00:27:02,2026-07-05 00:31:50,2026-07-05 00:58:31,890.0,83.41341991341992,394.03707440069593,False,0.0,,,M,1889.0,288.0,1601.0,solexs,1.4639891124522992e-05
F1783213843,2026-07-05 01:10:43,2026-07-05 01:21:10,2026-07-05 01:51:52,459.0,89.51309259845846,182.85628250359332,False,0.0,,,C,2469.0,627.0,1842.0,solexs,8.212380361416351e-06
F1783217315,2026-07-05 02:08:35,2026-07-05 02:16:02,2026-07-05 03:01:06,179.0,65.01161440185831,58.324409370073816,False,0.0,,,C,3151.0,447.0,2704.0,solexs,3.6093389403005274e-06
F1783221394,2026-07-05 03:16:34,2026-07-05 03:23:14,2026-07-05 03:57:49,169.0,56.09434061873086,68.26649126589207,False,0.0,,,C,2475.0,400.0,2075.0,solexs,3.432660613560192e-06
F1783224359,2026-07-05 04:05:59,2026-07-05 04:31:53,2026-07-05 05:17:10,828.0,55.75504170626122,440.7890432206112,False,0.0,,,M,4271.0,1554.0,2717.0,solexs,1.3745462311859074e-05
F1783228975,2026-07-05 05:22:55,2026-07-05 05:39:49,2026-07-05 06:06:48,1905.0,118.4106746911625,754.3536932402839,False,0.0,,,M,2633.0,1014.0,1619.0,solexs,2.8450148457268e-05
F1783232067,2026-07-05 06:14:27,2026-07-05 06:19:01,2026-07-05 07:06:14,381.0,81.82562559391828,107.2878467574677,False,0.0,,,C,3107.0,274.0,2833.0,solexs,6.979916164592889e-06
F1783235564,2026-07-05 07:12:44,2026-07-05 07:26:13,2026-07-05 08:16:03,645.0,66.75504170626122,316.50809128612025,False,0.0,,,M,3799.0,809.0,2990.0,solexs,1.1052468781994265e-05
F1783239806,2026-07-05 08:23:26,2026-07-05 08:26:26,2026-07-05 08:37:46,198.0,60.85027980149931,78.62825437221504,False,0.0,,,C,860.0,180.0,680.0,solexs,3.9416475005955315e-06
F1783241169,2026-07-05 08:46:09,2026-07-05 09:27:32,2026-07-05 10:30:18,286.0,93.94551789673741,90.68286971720228,False,0.0,,,C,6249.0,2483.0,3766.0,solexs,5.4338078481590246e-06
F1783248319,2026-07-05 10:45:19,2026-07-05 11:15:52,2026-07-05 11:50:25,1102.0,94.25868440502586,377.6848642951024,False,0.0,,,M,3906.0,1833.0,2073.0,solexs,1.7642062351606623e-05
F1783252547,2026-07-05 11:55:47,2026-07-05 12:01:13,2026-07-05 12:43:22,521.0,83.627072114877,201.65031824872196,False,0.0,,,C,2855.0,326.0,2529.0,solexs,9.172939989085451e-06
F1783256033,2026-07-05 12:53:53,2026-07-05 12:58:15,2026-07-05 13:39:29,440.0,62.72716714180129,198.45630916429545,False,0.0,,,C,2736.0,262.0,2474.0,solexs,7.91479894998024e-06
F1783259402,2026-07-05 13:50:02,2026-07-05 14:34:34,2026-07-05 15:00:20,209.0,68.7280118255728,73.83574173311521,False,0.0,,,C,4218.0,2672.0,1546.0,solexs,4.132167385738207e-06
F1783264127,2026-07-05 15:08:47,2026-07-05 16:32:16,2026-07-05 17:22:10,860.0,167.56145074437757,235.3760580518496,False,0.0,,,M,8003.0,5009.0,2994.0,solexs,1.4208126168167209e-05
F1783272562,2026-07-05 17:29:22,2026-07-05 17:57:35,2026-07-05 18:27:26,4058.0,115.32889874353289,1665.1817993735865,False,0.0,,,M,3484.0,1693.0,1791.0,solexs,5.505647229513147e-05
F1783276464,2026-07-05 18:34:24,2026-07-05 19:06:40,2026-07-05 19:54:18,950.0,100.49614613029247,329.46806330850274,False,0.0,,,M,4794.0,1936.0,2858.0,solexs,1.549795648631694e-05
F1783282123,2026-07-05 20:08:43,2026-07-05 20:17:18,2026-07-05 20:44:27,380.0,62.696230598669615,163.02669873438683,False,0.0,,,C,2144.0,515.0,1629.0,solexs,6.963919267577e-06
F1783284779,2026-07-05 20:52:59,2026-07-05 21:22:20,2026-07-05 22:06:17,560.0,68.3264702776898,266.0096138201917,False,0.0,,,C,4398.0,1761.0,2637.0,solexs,9.769646972784446e-06
F1783289531,2026-07-05 22:12:11,2026-07-05 22:55:55,2026-07-05 23:10:45,214.0,78.14528560870023,83.57777311116563,False,0.0,,,C,3514.0,2624.0,890.0,solexs,4.218343236037149e-06
F1783293781,2026-07-05 23:23:01,2026-07-05 23:44:29,2026-07-06 00:01:59,124.0,54.33533945729068,41.73802494701666,False,0.0,,,C,2338.0,1288.0,1050.0,solexs,2.6196088992824826e-06
F1783296537,2026-07-06 00:08:57,2026-07-06 00:10:51,2026-07-06 00:18:51,119.0,56.43036638158589,37.22980039886641,False,0.0,,,C,594.0,114.0,480.0,solexs,2.5271496843410326e-06
F1783297473,2026-07-06 00:24:33,2026-07-06 00:25:37,2026-07-06 00:28:37,88.0,56.42170837292788,18.800981109115682,False,0.0,,,C,244.0,64.0,180.0,solexs,1.9418047400858765e-06
F1783298184,2026-07-06 00:36:24,2026-07-06 00:44:41,2026-07-06 01:33:54,311.0,58.26164079822615,150.47454666064894,False,0.0,,,C,3450.0,497.0,2953.0,solexs,5.846262272357996e-06
F1783302545,2026-07-06 01:49:05,2026-07-06 02:17:41,2026-07-06 02:40:22,523.0,59.326470277689786,268.53407782941287,False,0.0,,,C,3077.0,1716.0,1361.0,solexs,9.203674990491677e-06
F1783305942,2026-07-06 02:45:42,2026-07-06 03:00:28,2026-07-06 03:28:19,387.0,86.77594762960616,129.99780414229286,False,0.0,,,C,2557.0,886.0,1671.0,solexs,7.075786176355379e-06
F1783308842,2026-07-06 03:34:02,2026-07-06 03:40:27,2026-07-06 04:11:34,189.0,73.8664343786295,57.11210588889036,False,0.0,,,C,2252.0,385.0,1867.0,solexs,3.7847679563985684e-06
F1783311618,2026-07-06 04:20:18,2026-07-06 04:39:13,2026-07-06 04:48:12,122.0,72.0407559919755,25.966757989298095,False,0.0,,,C,1674.0,1135.0,539.0,solexs,2.5826830930729243e-06
F1783313895,2026-07-06 04:58:15,2026-07-06 05:11:08,2026-07-06 06:05:38,314.0,79.7536163023968,116.22764490612099,False,0.0,,,C,4043.0,773.0,3270.0,solexs,5.8954676096877216e-06
F1783318309,2026-07-06 06:11:49,2026-07-06 06:19:35,2026-07-06 06:30:50,133.0,66.18361313483265,36.73015395301581,False,0.0,,,C,1141.0,466.0,675.0,solexs,2.7848593615840564e-06
F1783320130,2026-07-06 06:42:10,2026-07-06 07:44:26,2026-07-06 09:09:43,353.0,120.54434589800445,76.4712865342501,False,0.0,,,C,8853.0,3736.0,5117.0,solexs,6.529928572710891e-06
F1783329532,2026-07-06 09:18:52,2026-07-06 09:29:44,2026-07-06 10:10:00,151.0,71.02681870974554,37.968420886509456,False,0.0,,,C,3068.0,652.0,2416.0,solexs,3.111217002308013e-06
F1783334696,2026-07-06 10:44:56,2026-07-06 10:51:00,2026-07-06 11:19:58,115.0,55.05142012459085,34.696026032351256,False,0.0,,,C,2102.0,364.0,1738.0,solexs,2.452827301204531e-06
F1783339045,2026-07-06 11:57:25,2026-07-06 12:21:05,2026-07-06 12:21:04,238070.0,46.897898849118356,155438.0774406417,False,0.0,,,X,1419.0,1420.0,-1.0,solexs,0.0019261936358002042
F1783341405,2026-07-06 12:36:45,2026-07-06 12:53:23,2026-07-06 13:03:49,88.0,47.57850279801499,25.687166726101616,False,0.0,,,C,1624.0,998.0,626.0,solexs,1.9418047400858765e-06
F1783343605,2026-07-06 13:13:25,2026-07-06 13:14:23,2026-07-06 13:16:27,86.0,56.528455284552834,17.540371796489104,False,0.0,,,C,182.0,58.0,124.0,solexs,1.9032193884271946e-06
F1783344620,2026-07-06 13:30:20,2026-07-06 13:34:36,2026-07-06 13:35:10,94.0,56.707422658642166,22.147129360308472,False,0.0,,,C,290.0,256.0,34.0,solexs,2.0569047158729886e-06
F1783345290,2026-07-06 13:41:30,2026-07-06 13:54:22,2026-07-06 14:08:42,148.0,59.46932742054693,51.34075465593693,False,0.0,,,C,1632.0,772.0,860.0,solexs,3.0571833673858236e-06
F1783347489,2026-07-06 14:18:09,2026-07-06 14:24:12,2026-07-06 15:35:22,140.0,61.956076443881315,39.20243270204136,False,0.0,,,C,4633.0,363.0,4270.0,solexs,2.9124040646451466e-06
F1783353091,2026-07-06 15:51:31,2026-07-06 16:14:59,2026-07-06 17:21:17,94.0,46.85027980149931,29.433064321126782,False,0.0,,,C,5386.0,1408.0,3978.0,solexs,2.0569047158729886e-06
F1783359765,2026-07-06 17:42:45,2026-07-06 17:49:49,2026-07-06 18:21:01,102.0,39.42170837292788,45.80508094626429,False,0.0,,,C,2296.0,424.0,1872.0,solexs,2.2089363838064796e-06
F1783362575,2026-07-06 18:29:35,2026-07-06 18:37:07,2026-07-06 18:58:58,164.0,39.45127230493084,88.71285840941347,False,0.0,,,C,1763.0,452.0,1311.0,solexs,3.3438272119991387e-06
F1783365093,2026-07-06 19:11:33,2026-07-06 19:17:29,2026-07-06 20:03:36,144.0,62.24263541336712,41.8673024561746,False,0.0,,,C,3123.0,356.0,2767.0,solexs,2.9849213724357506e-06
F1783369733,2026-07-06 20:28:53,2026-07-06 20:44:31,2026-07-06 20:51:20,74.0,40.47993876042656,23.620074513183976,False,0.0,,,C,1347.0,938.0,409.0,solexs,1.6691980436117363e-06
F1783375141,2026-07-06 21:59:01,2026-07-06 22:02:35,2026-07-06 22:15:13,82.0,39.195861049519586,30.868631940207784,False,0.0,,,C,972.0,214.0,758.0,solexs,1.82570332548203e-06
F1783376520,2026-07-06 22:22:00,2026-07-06 22:22:14,2026-07-06 22:26:08,66.0,39.1359940872136,19.20426045281599,False,0.0,,,C,248.0,14.0,234.0,solexs,1.5105254568059737e-06
F1783377485,2026-07-06 22:38:05,2026-07-06 23:13:40,2026-07-06 23:36:21,81.0,39.1359940872136,28.885786288781624,False,0.0,,,C,3496.0,2135.0,1361.0,solexs,1.8062500804429226e-06
F1783382898,2026-07-07 00:08:18,2026-07-07 00:13:56,2026-07-07 00:18:23,68.0,34.89789884911836,25.059414487612433,False,0.0,,,C,605.0,338.0,267.0,solexs,1.5504119088381037e-06
F1783384837,2026-07-07 00:40:37,2026-07-07 00:43:19,2026-07-07 00:45:02,62.0,34.89789884911836,20.517210769475643,False,0.0,,,C,265.0,162.0,103.0,solexs,1.430285829877857e-06
F1783386707,2026-07-07 01:11:47,2026-07-07 01:13:33,2026-07-07 01:29:13,67.0,29.619258789990496,30.002052822087492,False,0.0,,,C,1046.0,106.0,940.0,solexs,1.5304875778415327e-06
F1783388834,2026-07-07 01:47:14,2026-07-07 01:49:40,2026-07-07 01:59:50,60.0,24.326470277689786,32.34607070278286,False,0.0,,,C,756.0,146.0,610.0,solexs,1.38992142626712e-06
F1783391209,2026-07-07 02:26:49,2026-07-07 02:29:27,2026-07-07 02:43:05,59.0,24.051208953647976,31.61546645135487,False,0.0,,,C,976.0,158.0,818.0,solexs,1.3696754273924648e-06
F1783393634,2026-07-07 03:07:14,2026-07-07 03:07:41,2026-07-07 03:17:33,38.0,16.721201562664977,22.572612968857538,False,0.0,,,B,619.0,27.0,592.0,solexs,9.328370266861128e-07
F1783395401,2026-07-07 03:36:41,2026-07-07 03:39:11,2026-07-07 03:54:53,54.0,16.0407559919755,42.03542340542929,False,0.0,,,C,1092.0,150.0,942.0,solexs,1.2677737827074654e-06
F1783406630,2026-07-07 06:43:50,2026-07-07 06:48:59,2026-07-07 06:56:17,33.0,15.148822721993453,20.562168051173085,False,0.0,,,B,747.0,309.0,438.0,solexs,8.247350041951388e-07
F1783409045,2026-07-07 07:24:05,2026-07-07 07:36:36,2026-07-07 07:46:58,49.0,23.080825678386653,24.04599781765256,False,0.0,,,C,1373.0,751.0,622.0,solexs,1.164665386329856e-06
F1783411684,2026-07-07 08:08:04,2026-07-07 08:09:47,2026-07-07 08:19:37,58.0,31.450902755780803,21.473181260573803,False,0.0,,,C,693.0,103.0,590.0,solexs,1.349385815476341e-06
F1783416298,2026-07-07 09:24:58,2026-07-07 09:26:17,2026-07-07 09:37:30,49.0,22.61218456340407,24.516164088679385,False,0.0,,,C,752.0,79.0,673.0,solexs,1.164665386329856e-06
F1783418284,2026-07-07 09:58:04,2026-07-07 10:00:00,2026-07-07 10:02:01,39.0,20.889874353288985,17.71952536834873,False,0.0,,,B,237.0,116.0,121.0,solexs,9.542334558471005e-07
F1783419684,2026-07-07 10:21:24,2026-07-07 10:22:26,2026-07-07 10:32:31,38.0,16.774522225741734,23.027412393452458,False,0.0,,,B,667.0,62.0,605.0,solexs,9.328370266861128e-07
F1783426009,2026-07-07 12:06:49,2026-07-07 12:11:49,2026-07-07 12:21:12,55.0,15.421708372927885,45.07189302825001,False,0.0,,,C,863.0,300.0,563.0,solexs,1.2882466569926608e-06
F1783429079,2026-07-07 12:57:59,2026-07-07 12:59:40,2026-07-07 13:03:33,43.0,16.802660753880264,28.58137725638865,False,0.0,,,C,334.0,101.0,233.0,solexs,1.0391427984390398e-06
F1783433723,2026-07-07 14:15:23,2026-07-07 14:19:42,2026-07-07 14:39:29,2964.0,17.659803611023122,3227.339303543138,False,0.0,,,M,1446.0,259.0,1187.0,solexs,4.184996444108873e-05
F1783436704,2026-07-07 15:05:04,2026-07-07 15:05:37,2026-07-07 15:29:18,54.0,25.31844578186041,24.18454332999289,False,0.0,,,C,1454.0,33.0,1421.0,solexs,1.2677737827074654e-06
F1783438703,2026-07-07 15:38:23,2026-07-07 15:38:33,2026-07-07 15:45:20,50.0,22.135994087213597,26.485552465896156,False,0.0,,,C,417.0,10.0,407.0,solexs,1.1853899070706525e-06
F1783439865,2026-07-07 15:57:45,2026-07-07 16:00:17,2026-07-07 16:21:52,41.0,16.34922394678492,25.481409082546367,False,0.0,,,B,1447.0,152.0,1295.0,solexs,9.968196385014052e-07
F1783443222,2026-07-07 16:53:42,2026-07-07 16:54:01,2026-07-07 16:55:05,34.0,13.005543237250553,25.999274096235844,False,0.0,,,B,83.0,19.0,64.0,solexs,8.465126929032813e-07
F1783447989,2026-07-07 18:13:09,2026-07-07 18:13:08,2026-07-07 18:14:12,22.0,9.51694646816598,18.09618458623703,False,0.0,,,B,63.0,-1.0,64.0,solexs,5.788663637004989e-07
F1783457938,2026-07-07 20:58:58,2026-07-07 21:00:12,2026-07-07 21:03:02,27.0,9.134938232499206,26.324921035220708,False,0.0,,,B,244.0,74.0,170.0,solexs,6.921945017799407e-07
F1783464433,2026-07-07 22:47:13,2026-07-07 22:50:00,2026-07-07 22:58:02,63.0,7.993136944356454,87.0108176115914,False,0.0,,,C,649.0,167.0,482.0,solexs,1.4504057872703728e-06
F1783496240,2026-07-08 07:37:20,2026-07-08 07:41:29,2026-07-08 08:17:45,37.0,8.441452856087,44.0743854212539,False,0.0,,,B,2425.0,249.0,2176.0,solexs,9.113689870620098e-07
F1783503959,2026-07-08 09:45:59,2026-07-08 09:54:20,2026-07-08 10:16:08,88.0,9.027029880688415,119.54114715943989,False,0.0,,,C,1809.0,501.0,1308.0,solexs,1.9418047400858765e-06
F1783506901,2026-07-08 10:35:01,2026-07-08 10:41:13,2026-07-08 11:01:24,33.0,9.51694646816598,34.12793408106058,False,0.0,,,B,1583.0,372.0,1211.0,solexs,8.247350041951388e-07
F1783509790,2026-07-08 11:23:10,2026-07-08 11:26:08,2026-07-08 11:29:54,34.0,9.51694646816598,35.49210574295259,False,0.0,,,B,404.0,178.0,226.0,solexs,8.465126929032813e-07
F1783510779,2026-07-08 11:39:39,2026-07-08 11:43:16,2026-07-08 11:42:40,24.0,10.36511456023651,18.67708506652637,False,0.0,,,B,181.0,217.0,-36.0,solexs,6.245533473619894e-07
F1783511844,2026-07-08 11:57:24,2026-07-08 11:58:09,2026-07-08 11:59:26,39.0,11.135994087213597,37.34169742586763,False,0.0,,,B,122.0,45.0,77.0,solexs,9.542334558471005e-07
F1783513847,2026-07-08 12:30:47,2026-07-08 12:34:51,2026-07-08 12:49:09,36.0,12.421708372927885,29.958417239085172,False,0.0,,,B,1102.0,244.0,858.0,solexs,8.898271515792934e-07
F1783516221,2026-07-08 13:10:21,2026-07-08 13:11:18,2026-07-08 13:13:46,40.0,13.088375039594549,33.26687866608398,False,0.0,,,B,205.0,57.0,148.0,solexs,9.755603409095623e-07
F1783520282,2026-07-08 14:18:02,2026-07-08 14:24:52,2026-07-08 14:39:19,46.0,14.9633090486749,35.04532357803158,False,0.0,,,C,1277.0,410.0,867.0,solexs,1.1021641026014044e-06
F1783526347,2026-07-08 15:59:07,2026-07-08 16:01:25,2026-07-08 16:03:29,30.0,10.659803611023122,26.491178307287434,False,0.0,,,B,262.0,138.0,124.0,solexs,7.588861532643259e-07
F1783527993,2026-07-08 16:26:33,2026-07-08 16:34:43,2026-07-08 16:42:49,30.0,11.299334811529931,24.88600668812523,False,0.0,,,B,976.0,490.0,486.0,solexs,7.588861532643259e-07
F1783533172,2026-07-08 17:52:52,2026-07-08 17:56:41,2026-07-08 18:42:14,921.0,15.183613134832644,1329.866558384533,False,0.0,,,M,2962.0,229.0,2733.0,solexs,1.5084111753978821e-05
F1783537315,2026-07-08 19:01:55,2026-07-08 19:03:31,2026-07-08 19:28:11,33.0,11.42455918065674,25.39836796094195,False,0.0,,,B,1576.0,96.0,1480.0,solexs,8.247350041951388e-07
F1783552193,2026-07-08 23:09:53,2026-07-08 23:11:26,2026-07-08 23:21:52,25.0,6.9928201879421374,28.695413776990492,False,0.0,,,B,719.0,93.0,626.0,solexs,6.472135544461507e-07
F1783556525,2026-07-09 00:22:05,2026-07-09 00:20:16,2026-07-09 00:29:36,20.0,6.7134410305142,23.824597891234188,False,0.0,,,B,451.0,-109.0,560.0,solexs,5.326482637068238e-07
F1783563851,2026-07-09 02:24:11,2026-07-09 02:27:22,2026-07-09 03:24:22,653.0,8.739837398373982,1145.5011767954693,False,0.0,,,M,3611.0,191.0,3420.0,solexs,1.1172056670099573e-05
F1783568336,2026-07-09 03:38:56,2026-07-09 03:38:08,2026-07-09 03:41:06,15.0,5.199239784605636,19.0819323098223,False,0.0,,,B,130.0,-48.0,178.0,solexs,4.143458635377904e-07
F1783570254,2026-07-09 04:10:54,2026-07-09 04:11:32,2026-07-09 04:13:18,23.0,4.707422658642169,37.70494408029772,False,0.0,,,B,144.0,38.0,106.0,solexs,6.017729205999474e-07
F1783573656,2026-07-09 05:07:36,2026-07-09 05:08:58,2026-07-09 05:14:14,18.0,4.46932742054693,28.62287782207481,False,0.0,,,B,398.0,82.0,316.0,solexs,4.858386174718817e-07
F1783580022,2026-07-09 06:53:42,2026-07-09 07:11:19,2026-07-09 08:03:13,113.0,14.929468905078659,143.59711302020304,False,0.0,,,C,4171.0,1057.0,3114.0,solexs,2.4155435544771974e-06
F1783604258,2026-07-09 13:37:38,2026-07-09 13:50:19,2026-07-09 13:57:21,26.0,5.516946468165978,38.999614383626856,False,0.0,,,B,1183.0,761.0,422.0,solexs,6.697589503268807e-07
F1783611644,2026-07-09 15:40:44,2026-07-09 15:45:45,2026-07-09 15:55:55,21.0,5.277531411677751,30.768519231575638,False,0.0,,,B,911.0,301.0,610.0,solexs,5.55827192573561e-07
F1783640856,2026-07-09 23:47:36,2026-07-09 23:47:54,2026-07-09 23:50:02,18.0,4.9570267131242725,26.244934124202015,False,0.0,,,B,146.0,18.0,128.0,solexs,4.858386174718817e-07
F1783651382,2026-07-10 02:43:02,2026-07-10 02:42:43,2026-07-10 02:46:37,20.0,7.707422658642169,19.801740259419283,False,0.0,,,B,215.0,-19.0,234.0,solexs,5.326482637068238e-07
F1783660584,2026-07-10 05:16:24,2026-07-10 05:20:45,2026-07-10 05:20:46,17.0,5.619047619047617,21.290238772574387,False,0.0,,,B,262.0,261.0,1.0,solexs,4.6218926413135106e-07
F1783693893,2026-07-10 14:31:33,2026-07-10 15:01:06,2026-07-10 16:20:47,290.0,19.435645655157845,244.0464084457295,False,0.0,,,C,6554.0,1773.0,4781.0,solexs,5.500098550062271e-06
F1783725963,2026-07-10 23:26:03,2026-07-10 23:28:11,2026-07-10 23:31:52,30.0,5.850279801499312,44.6517806236784,False,0.0,,,B,349.0,128.0,221.0,solexs,7.588861532643259e-07
F1783729073,2026-07-11 00:17:53,2026-07-11 00:18:20,2026-07-11 00:19:05,25.0,6.184668989547037,33.827395428851055,False,0.0,,,B,72.0,27.0,45.0,solexs,6.472135544461507e-07
F1783740938,2026-07-11 03:35:38,2026-07-11 03:37:40,2026-07-11 03:48:00,36.0,5.993136944356454,54.81614540997047,False,0.0,,,B,742.0,122.0,620.0,solexs,8.898271515792934e-07
F1783744651,2026-07-11 04:37:31,2026-07-11 04:38:07,2026-07-11 04:39:58,18.0,5.897898849118359,22.285742919217004,False,0.0,,,B,147.0,36.0,111.0,solexs,4.858386174718817e-07
F1783747578,2026-07-11 05:26:18,2026-07-11 05:30:03,2026-07-11 05:38:26,32.0,6.639108858621052,43.64727668275031,False,0.0,,,B,728.0,225.0,503.0,solexs,8.028733609749356e-07
F1783775932,2026-07-11 13:18:52,2026-07-11 13:26:29,2026-07-11 13:40:12,40.0,5.740365325731178,64.13243178347113,False,0.0,,,B,1280.0,457.0,823.0,solexs,9.755603409095623e-07
F1783779105,2026-07-11 14:11:45,2026-07-11 14:15:09,2026-07-11 14:23:51,24.0,7.454123112659696,26.714070375870122,False,0.0,,,B,726.0,204.0,522.0,solexs,6.245533473619894e-07
F1783791525,2026-07-11 17:38:45,2026-07-11 17:47:24,2026-07-11 17:55:24,21.0,6.957185091331431,23.47488595705551,False,0.0,,,B,999.0,519.0,480.0,solexs,5.55827192573561e-07
F1783800399,2026-07-11 20:06:39,2026-07-11 20:12:14,2026-07-11 20:35:20,34.0,7.604687994931895,42.738944839061475,False,0.0,,,B,1721.0,335.0,1386.0,solexs,8.465126929032813e-07
F1783816393,2026-07-12 00:33:13,2026-07-12 00:57:01,2026-07-12 02:28:48,312.0,33.36822933164396,324.8658716297297,False,0.0,,,C,6935.0,1428.0,5507.0,solexs,5.862670718669436e-06
F1783824432,2026-07-12 02:47:12,2026-07-12 02:50:02,2026-07-12 02:54:17,42.0,19.38681237461725,22.8710995192333,False,0.0,,,C,425.0,170.0,255.0,solexs,1.0180132038735514e-06
F1783827115,2026-07-12 03:31:55,2026-07-12 03:38:18,2026-07-12 03:40:15,33.0,14.467110125646709,22.03501676533308,False,0.0,,,B,500.0,383.0,117.0,solexs,8.247350041951388e-07
F1783832836,2026-07-12 05:07:16,2026-07-12 05:09:08,2026-07-12 05:15:56,29.0,9.721254355400696,27.029548230663316,False,0.0,,,B,520.0,112.0,408.0,solexs,7.367540289860129e-07
F1783841019,2026-07-12 07:23:39,2026-07-12 08:10:02,2026-07-12 09:37:35,646.0,41.625805089219725,176.46247743760617,False,0.0,,,M,8036.0,2783.0,5253.0,solexs,1.1067427520241332e-05
F1783863528,2026-07-12 13:38:48,2026-07-12 13:38:28,2026-07-12 13:42:28,21.0,7.08837503959455,23.367890836236832,False,0.0,,,B,220.0,-20.0,240.0,solexs,5.55827192573561e-07
F1783864198,2026-07-12 13:49:58,2026-07-12 13:57:06,2026-07-12 14:27:17,121.0,9.688311688311686,166.73168968972902,False,0.0,,,C,2239.0,428.0,1811.0,solexs,2.5641914293234197e-06
F1783870116,2026-07-12 15:28:36,2026-07-12 15:32:12,2026-07-12 15:56:42,39.0,8.326470277689788,47.53880763461552,False,0.0,,,B,1686.0,216.0,1470.0,solexs,9.542334558471005e-07
F1783876249,2026-07-12 17:10:49,2026-07-12 17:15:01,2026-07-12 17:34:43,31.0,7.231232182451692,39.528971355323634,False,0.0,,,B,1434.0,252.0,1182.0,solexs,7.809247997705754e-07
F1783880925,2026-07-12 18:28:45,2026-07-12 18:33:14,2026-07-12 18:36:28,23.0,6.831485587583147,27.537411742894168,False,0.0,,,B,463.0,269.0,194.0,solexs,6.017729205999474e-07
F1783886172,2026-07-12 19:56:12,2026-07-12 19:58:49,2026-07-12 20:09:15,29.0,7.328212437968533,36.132152923206746,False,0.0,,,B,783.0,157.0,626.0,solexs,7.367540289860129e-07
F1783890323,2026-07-12 21:05:23,2026-07-12 21:09:42,2026-07-12 21:09:43,25.0,10.239151092809628,20.23527286547618,False,0.0,,,B,260.0,259.0,1.0,solexs,6.472135544461507e-07
F1783896699,2026-07-12 22:51:39,2026-07-12 23:09:57,2026-07-12 23:45:49,43.0,9.29701193115827,49.02897592786341,False,0.0,,,C,3250.0,1098.0,2152.0,solexs,1.0391427984390398e-06
F1783931953,2026-07-13 08:39:13,2026-07-13 08:40:14,2026-07-13 08:41:00,18.0,4.897898849118359,26.475918762162713,False,0.0,,,B,107.0,61.0,46.0,solexs,4.858386174718817e-07
F1783941891,2026-07-13 11:24:51,2026-07-13 11:35:17,2026-07-13 11:44:06,27.0,8.821138211382113,27.015903368138204,False,0.0,,,B,1155.0,626.0,529.0,solexs,6.921945017799407e-07
F1783957712,2026-07-13 15:48:32,2026-07-13 15:51:34,2026-07-13 16:05:18,27.0,6.224474712279589,38.12140734011397,False,0.0,,,B,1006.0,182.0,824.0,solexs,6.921945017799407e-07
F1783964332,2026-07-13 17:38:52,2026-07-13 17:46:07,2026-07-13 18:03:58,60.0,9.343997465948686,77.16900052007502,False,0.0,,,C,1506.0,435.0,1071.0,solexs,1.38992142626712e-06
F1783966669,2026-07-13 18:17:49,2026-07-13 18:19:36,2026-07-13 19:03:01,48.0,14.231232182451691,40.03215409639797,False,0.0,,,C,2712.0,107.0,2605.0,solexs,1.1438870977039946e-06
F1783970504,2026-07-13 19:21:44,2026-07-13 19:22:06,2026-07-13 19:26:06,23.0,8.16967585260268,22.84959156413965,False,0.0,,,B,262.0,22.0,240.0,solexs,6.017729205999474e-07
F1783975564,2026-07-13 20:46:04,2026-07-13 20:50:04,2026-07-13 20:58:36,22.0,6.1708372927885105,28.57791070012077,False,0.0,,,B,752.0,240.0,512.0,solexs,5.788663637004989e-07
F1783982989,2026-07-13 22:49:49,2026-07-13 22:49:52,2026-07-13 22:52:12,21.0,4.993136944356454,32.020150394829685,False,0.0,,,B,143.0,3.0,140.0,solexs,5.55827192573561e-07
F1783990006,2026-07-14 00:46:46,2026-07-14 01:02:45,2026-07-14 01:13:05,23.0,5.949741315594973,29.68772056955009,False,0.0,,,B,1579.0,959.0,620.0,solexs,6.017729205999474e-07
F1784010350,2026-07-14 06:25:50,2026-07-14 06:33:12,2026-07-14 06:36:44,19.0,4.7257945306725775,29.031221679479962,False,0.0,,,B,654.0,442.0,212.0,solexs,5.093216705821942e-07
F1784022907,2026-07-14 09:55:07,2026-07-14 09:56:11,2026-07-14 10:00:07,64.0,5.08235666772252,117.61444688796243,False,0.0,,,C,300.0,64.0,236.0,solexs,1.4704852397135108e-06
F1784083419,2026-07-15 02:43:39,2026-07-15 03:19:00,2026-07-15 03:43:06,45.0,15.535635096610704,29.797842440344557,False,0.0,,,C,3567.0,2121.0,1446.0,solexs,1.0812166918717587e-06
F1784093655,2026-07-15 05:34:15,2026-07-15 05:37:52,2026-07-15 06:01:39,34.0,10.011614401858303,30.44874325548361,False,0.0,,,B,1644.0,217.0,1427.0,solexs,8.465126929032813e-07
F1784104695,2026-07-15 08:38:15,2026-07-15 08:46:10,2026-07-15 09:05:37,149.0,5.4090381163551875,288.26752019743,False,0.0,,,C,1642.0,475.0,1167.0,solexs,3.075209893264994e-06
F1784139031,2026-07-15 18:10:31,2026-07-15 18:14:57,2026-07-15 18:32:03,56.0,4.651884700665187,105.85734052253295,False,0.0,,,C,1292.0,266.0,1026.0,solexs,1.3086723271328416e-06
F1784146809,2026-07-15 20:20:09,2026-07-15 21:52:09,2026-07-15 22:40:38,458.0,121.61218456340409,95.90463881251661,False,0.0,,,C,8429.0,5520.0,2909.0,solexs,8.19675771611848e-06
F1784156008,2026-07-15 22:53:28,2026-07-15 23:00:34,2026-07-16 00:27:52,175.0,37.1554218139584,63.669162433287795,False,0.0,,,C,5664.0,426.0,5238.0,solexs,3.538821986473048e-06
F1784236673,2026-07-16 21:17:53,2026-07-16 21:35:02,2026-07-16 22:02:51,286.0,10.407031992397844,416.77371949161886,False,0.0,,,C,2698.0,1029.0,1669.0,solexs,5.4338078481590246e-06
F1784244947,2026-07-16 23:35:47,2026-07-17 00:03:27,2026-07-17 00:36:40,76.0,17.009080350543762,55.393615980500634,False,0.0,,,C,3653.0,1660.0,1993.0,solexs,1.7085173645996588e-06
F1784259693,2026-07-17 03:41:33,2026-07-17 03:49:27,2026-07-17 04:00:40,15.0,3.1359940872135974,29.961167648686857,False,0.0,,,B,1147.0,474.0,673.0,solexs,4.143458635377904e-07
F1784337327,2026-07-18 01:15:27,2026-07-18 01:20:17,2026-07-18 02:43:30,90.0,14.156583254144227,166.77960194189708,False,0.0,,,C,5283.0,290.0,4993.0,solexs,1.9802789127274667e-06
F1784346177,2026-07-18 03:42:57,2026-07-18 03:46:01,2026-07-18 03:54:29,28.0,8.659803611023122,29.391507115683954,False,0.0,,,B,692.0,184.0,508.0,solexs,7.145247849646818e-07
F1784347197,2026-07-18 03:59:57,2026-07-18 04:05:22,2026-07-18 04:33:13,93.0,8.77288565093443,111.79444136935975,False,0.0,,,C,1996.0,325.0,1671.0,solexs,2.0377877587561498e-06
F1784367056,2026-07-18 09:30:56,2026-07-18 09:47:43,2026-07-18 10:03:44,48.0,12.40629289409777,44.812623383108004,False,0.0,,,C,1968.0,1007.0,961.0,solexs,1.1438870977039946e-06
F1784370148,2026-07-18 10:22:28,2026-07-18 10:26:01,2026-07-18 10:33:29,44.0,13.56171470805617,36.50287085456218,False,0.0,,,C,661.0,213.0,448.0,solexs,1.0602100965893052e-06
F1784376834,2026-07-18 12:13:54,2026-07-18 12:14:55,2026-07-18 12:28:38,30.0,11.256678281068524,25.442436184015488,False,0.0,,,B,884.0,61.0,823.0,solexs,7.588861532643259e-07
F1784379959,2026-07-18 13:05:59,2026-07-18 13:18:46,2026-07-18 13:26:39,39.0,15.58483792630134,25.974996828868118,False,0.0,,,B,1240.0,767.0,473.0,solexs,9.542334558471005e-07
F1784382623,2026-07-18 13:50:23,2026-07-18 13:51:54,2026-07-18 14:02:15,40.0,15.959771935381692,26.44597867003034,False,0.0,,,B,712.0,91.0,621.0,solexs,9.755603409095623e-07
F1784389707,2026-07-18 15:48:27,2026-07-18 16:16:53,2026-07-18 16:54:48,71.0,20.135835709006436,44.57409238053228,False,0.0,,,C,3981.0,1706.0,2275.0,solexs,1.6099643235762207e-06
F1784395455,2026-07-18 17:24:15,2026-07-18 17:28:04,2026-07-18 17:51:21,51.0,14.968746700454016,38.231488018315275,False,0.0,,,C,1626.0,229.0,1397.0,solexs,1.2060618704286024e-06
F1784410997,2026-07-18 21:43:17,2026-07-18 21:52:25,2026-07-18 22:21:30,65.0,10.377784816809205,83.08040635577669,False,0.0,,,C,2293.0,548.0,1745.0,solexs,1.4905248997952339e-06
F1784420082,2026-07-19 00:14:42,2026-07-19 00:22:58,2026-07-19 00:30:09,28.0,10.056910569105689,25.19196255093106,False,0.0,,,B,927.0,496.0,431.0,solexs,7.145247849646818e-07
F1784423139,2026-07-19 01:05:39,2026-07-19 01:05:00,2026-07-19 01:12:38,27.0,10.421708372927883,22.689084992801973,False,0.0,,,B,419.0,-39.0,458.0,solexs,6.921945017799407e-07
F1784436465,2026-07-19 04:47:45,2026-07-19 04:51:10,2026-07-19 04:53:09,29.0,9.89789884911836,27.15342596845824,False,0.0,,,B,324.0,205.0,119.0,solexs,7.367540289860129e-07
F1784444850,2026-07-19 07:07:30,2026-07-19 07:06:53,2026-07-19 07:18:56,27.0,11.737831274416639,20.621410643974873,False,0.0,,,B,686.0,-37.0,723.0,solexs,6.921945017799407e-07
F1784485727,2026-07-19 18:28:47,2026-07-19 19:08:58,2026-07-19 19:51:38,74.0,17.639320029563933,46.91023918253459,False,0.0,,,C,4971.0,2411.0,2560.0,solexs,1.6691980436117363e-06
F1784492811,2026-07-19 20:26:51,2026-07-19 20:27:53,2026-07-19 20:29:18,31.0,13.612184563404075,21.076384121544244,False,0.0,,,B,147.0,62.0,85.0,solexs,7.809247997705754e-07
F1784501636,2026-07-19 22:53:56,2026-07-19 22:58:51,2026-07-19 23:06:15,34.0,14.822352444303664,22.471071750906635,False,0.0,,,B,739.0,295.0,444.0,solexs,8.465126929032813e-07
F1784505357,2026-07-19 23:55:57,2026-07-19 23:58:37,2026-07-20 00:10:54,45.0,13.70742265864217,37.798836342015115,False,0.0,,,C,897.0,160.0,737.0,solexs,1.0812166918717587e-06
F1784508516,2026-07-20 00:48:36,2026-07-20 00:50:10,2026-07-20 01:00:43,32.0,13.326470277689786,22.876198039244986,False,0.0,,,B,727.0,94.0,633.0,solexs,8.028733609749356e-07
F1784511738,2026-07-20 01:42:18,2026-07-20 01:54:17,2026-07-20 01:58:58,29.0,11.53236194699609,23.333338052591444,False,0.0,,,B,1000.0,719.0,281.0,solexs,7.367540289860129e-07
F1784513686,2026-07-20 02:14:46,2026-07-20 02:16:13,2026-07-20 02:18:58,30.0,11.183613134832644,25.162869407832368,False,0.0,,,B,252.0,87.0,165.0,solexs,7.588861532643259e-07
F1784514733,2026-07-20 02:32:13,2026-07-20 02:34:21,2026-07-20 02:38:34,29.0,12.277531411677751,21.70195301375831,False,0.0,,,B,381.0,128.0,253.0,solexs,7.367540289860129e-07
F1784515419,2026-07-20 02:43:39,2026-07-20 02:45:37,2026-07-20 02:49:26,34.0,14.511297645443985,22.91666446730499,False,0.0,,,B,347.0,118.0,229.0,solexs,8.465126929032813e-07
F1784516309,2026-07-20 02:58:29,2026-07-20 02:59:21,2026-07-20 03:04:00,42.0,17.69728645338401,25.91926888222493,False,0.0,,,C,331.0,52.0,279.0,solexs,1.0180132038735514e-06
F1784521162,2026-07-20 04:19:22,2026-07-20 04:19:26,2026-07-20 04:23:13,30.0,13.850279801499312,19.17362091269305,False,0.0,,,B,231.0,4.0,227.0,solexs,7.588861532643259e-07
F1784523294,2026-07-20 04:54:54,2026-07-20 05:04:29,2026-07-20 05:07:36,41.0,14.123112659698023,31.596551963049926,False,0.0,,,B,762.0,575.0,187.0,solexs,9.968196385014052e-07
F1784529538,2026-07-20 06:38:58,2026-07-20 06:40:34,2026-07-20 06:46:54,48.0,17.700137261112868,31.7510263739974,False,0.0,,,C,476.0,96.0,380.0,solexs,1.1438870977039946e-06
F1784531365,2026-07-20 07:09:25,2026-07-20 07:11:23,2026-07-20 07:19:38,40.0,16.08837503959455,26.3427372455773,False,0.0,,,B,613.0,118.0,495.0,solexs,9.755603409095623e-07
F1784533400,2026-07-20 07:43:20,2026-07-20 07:46:28,2026-07-20 08:04:47,84.0,16.21206841938549,75.58076605954727,False,0.0,,,C,1287.0,188.0,1099.0,solexs,1.864519939124312e-06
F1784535207,2026-07-20 08:13:27,2026-07-20 08:14:27,2026-07-20 08:27:10,50.0,20.0407559919755,29.928765114819765,False,0.0,,,C,823.0,60.0,763.0,solexs,1.1853899070706525e-06
F1784536633,2026-07-20 08:37:13,2026-07-20 09:15:32,2026-07-20 09:24:04,69.0,20.0407559919755,52.51618023886769,False,0.0,,,C,2811.0,2299.0,512.0,solexs,1.5702990755445013e-06
F1784541706,2026-07-20 10:01:46,2026-07-20 10:12:38,2026-07-20 10:16:38,53.0,18.13958399324253,36.16557019955085,False,0.0,,,C,892.0,652.0,240.0,solexs,1.2472527178803989e-06
F1784545480,2026-07-20 11:04:40,2026-07-20 11:11:36,2026-07-20 11:34:29,51.0,18.654577130186887,31.377857032567093,False,0.0,,,C,1789.0,416.0,1373.0,solexs,1.2060618704286024e-06
F1784549625,2026-07-20 12:13:45,2026-07-20 12:43:08,2026-07-20 13:03:59,135.0,25.30081300813008,87.2959961078825,False,0.0,,,C,3014.0,1763.0,1251.0,solexs,2.8213857978468413e-06
F1784553435,2026-07-20 13:17:15,2026-07-20 13:26:42,2026-07-20 13:58:50,127.0,50.0196916904234,53.04649988918908,False,0.0,,,C,2495.0,567.0,1928.0,solexs,2.6748564024043477e-06
F1784556668,2026-07-20 14:11:08,2026-07-20 14:21:14,2026-07-20 14:26:42,104.0,50.37408932530884,33.78983525172976,False,0.0,,,C,934.0,606.0,328.0,solexs,2.2467035329981116e-06
F1784557945,2026-07-20 14:32:25,2026-07-20 14:36:57,2026-07-20 15:11:52,1919.0,37.94847428993771,1151.4642284860763,False,0.0,,,M,2367.0,272.0,2095.0,solexs,2.8632602548545794e-05
F1784560620,2026-07-20 15:17:00,2026-07-20 15:20:10,2026-07-20 16:04:05,442.0,19.344208636891562,315.59227596888627,False,0.0,,,C,2825.0,190.0,2635.0,solexs,7.946198989451002e-06
F1784563804,2026-07-20 16:10:04,2026-07-20 16:14:53,2026-07-20 16:19:02,45.0,18.421708372927885,27.6934529341637,False,0.0,,,C,538.0,289.0,249.0,solexs,1.0812166918717587e-06
F1784565092,2026-07-20 16:31:32,2026-07-20 16:37:11,2026-07-20 16:50:59,50.0,18.421708372927885,32.9032409300851,False,0.0,,,C,1167.0,339.0,828.0,solexs,1.1853899070706525e-06
F1784566947,2026-07-20 17:02:27,2026-07-20 17:17:30,2026-07-20 18:03:57,159.0,19.802660753880264,135.2807548584508,False,0.0,,,C,3690.0,903.0,2787.0,solexs,3.254649258569725e-06
F1784571671,2026-07-20 18:21:11,2026-07-20 18:37:16,2026-07-20 18:45:25,40.0,16.546721571111814,25.96277217374202,False,0.0,,,B,1454.0,965.0,489.0,solexs,9.755603409095623e-07
F1784574732,2026-07-20 19:12:12,2026-07-20 19:20:10,2026-07-20 19:57:08,713.0,16.989335867384646,772.8999982508489,False,0.0,,,M,2696.0,478.0,2218.0,solexs,1.20632106860205e-05
F1784579168,2026-07-20 20:26:08,2026-07-20 20:25:09,2026-07-20 20:28:48,32.0,15.183613134832644,19.300125044728585,False,0.0,,,B,160.0,-59.0,219.0,solexs,8.028733609749356e-07
F1784580774,2026-07-20 20:52:54,2026-07-20 20:55:21,2026-07-20 21:00:12,37.0,15.202090592334493,25.01740597756063,False,0.0,,,B,438.0,147.0,291.0,solexs,9.113689870620098e-07
F1784582440,2026-07-20 21:20:40,2026-07-20 21:40:58,2026-07-20 22:11:14,124.0,22.63477985429205,98.19263196864559,False,0.0,,,C,3034.0,1218.0,1816.0,solexs,2.6196088992824826e-06
F1784585839,2026-07-20 22:17:19,2026-07-20 22:24:59,2026-07-20 23:06:02,2492.0,31.61218456340407,2146.4233159139835,False,0.0,,,M,2923.0,460.0,2463.0,solexs,3.5968990593473865e-05
F1784589139,2026-07-20 23:12:19,2026-07-20 23:24:23,2026-07-21 00:01:04,459.0,31.61218456340407,339.9459566079283,False,0.0,,,C,2925.0,724.0,2201.0,solexs,8.212380361416351e-06
F1784592508,2026-07-21 00:08:28,2026-07-21 00:20:24,2026-07-21 00:35:20,94.0,23.802660753880264,64.34619864673338,False,0.0,,,C,1612.0,716.0,896.0,solexs,2.0569047158729886e-06
F1784594625,2026-07-21 00:43:45,2026-07-21 00:50:28,2026-07-21 01:15:33,385.0,24.259845845211697,330.67147371088316,False,0.0,,,C,1908.0,403.0,1505.0,solexs,7.043850615377273e-06
F1784596947,2026-07-21 01:22:27,2026-07-21 01:30:14,2026-07-21 02:17:49,112.0,38.94551789673741,52.35198128628327,False,0.0,,,C,3322.0,467.0,2855.0,solexs,2.396870333739284e-06
F1784600783,2026-07-21 02:26:23,2026-07-21 02:33:21,2026-07-21 03:02:39,69.0,22.541547883011297,39.40515565563835,False,0.0,,,C,2176.0,418.0,1758.0,solexs,1.5702990755445013e-06
F1784605667,2026-07-21 03:47:47,2026-07-21 04:05:05,2026-07-21 04:27:41,238.0,24.021328265230704,200.85626579195312,False,0.0,,,C,2394.0,1038.0,1356.0,solexs,4.628546032287847e-06
F1784608894,2026-07-21 04:41:34,2026-07-21 04:45:26,2026-07-21 05:28:13,71.0,21.43279484742899,36.57985122874905,False,0.0,,,C,2799.0,232.0,2567.0,solexs,1.6099643235762207e-06
F1784617168,2026-07-21 06:59:28,2026-07-21 07:00:49,2026-07-21 07:01:27,31.0,13.04218139583993,22.25144370569219,False,0.0,,,B,119.0,81.0,38.0,solexs,7.809247997705754e-07
F1784618953,2026-07-21 07:29:13,2026-07-21 07:31:39,2026-07-21 07:39:57,37.0,12.993136944356454,29.784711994332273,False,0.0,,,B,644.0,146.0,498.0,solexs,9.113689870620098e-07
F1784622288,2026-07-21 08:24:48,2026-07-21 08:35:27,2026-07-21 08:48:39,51.0,14.703832752613238,42.70011741948139,False,0.0,,,C,1431.0,639.0,792.0,solexs,1.2060618704286024e-06
F1784626291,2026-07-21 09:31:31,2026-07-21 09:52:10,2026-07-21 11:10:45,391.0,32.70773941505649,301.80952399088386,False,0.0,,,C,5954.0,1239.0,4715.0,solexs,7.139594582821901e-06
F1784633891,2026-07-21 11:38:11,2026-07-21 11:41:47,2026-07-21 12:02:43,230.0,27.946784922394677,173.615816196582,False,0.0,,,C,1472.0,216.0,1256.0,solexs,4.492422488158986e-06
F1784635880,2026-07-21 12:11:20,2026-07-21 12:14:04,2026-07-21 12:13:55,57.0,29.993136944356454,22.053534067995102,False,0.0,,,C,155.0,164.0,-9.0,solexs,1.329051742096738e-06
F1784637136,2026-07-21 12:32:16,2026-07-21 12:36:51,2026-07-21 12:44:48,55.0,29.993136944356454,20.420354085369418,False,0.0,,,C,752.0,275.0,477.0,solexs,1.2882466569926608e-06
F1784639393,2026-07-21 13:09:53,2026-07-21 13:29:36,2026-07-21 13:46:37,70.0,34.3151726322458,26.95897390737246,False,0.0,,,C,2204.0,1183.0,1021.0,solexs,1.5901496844363245e-06
F1784642521,2026-07-21 14:02:01,2026-07-21 14:14:25,2026-07-21 14:26:15,270.0,38.34061873086263,167.2290780136228,False,0.0,,,C,1454.0,744.0,710.0,solexs,5.167447785580017e-06
F1784644386,2026-07-21 14:33:06,2026-07-21 16:08:34,2026-07-21 16:21:45,289.0,56.516946468165976,138.29833586093918,False,0.0,,,C,6519.0,5728.0,791.0,solexs,5.48353681840786e-06
F1784651333,2026-07-21 16:28:53,2026-07-21 16:30:58,2026-07-21 16:39:17,88.0,52.1359940872136,22.212884883911528,False,0.0,,,C,624.0,125.0,499.0,solexs,1.9418047400858765e-06
F1784653467,2026-07-21 17:04:27,2026-07-21 17:26:09,2026-07-21 17:47:15,1284.0,60.250554323725055,701.7050498999312,False,0.0,,,M,2568.0,1302.0,1266.0,solexs,2.01606843269693e-05
F1784656407,2026-07-21 17:53:27,2026-07-21 17:58:47,2026-07-21 18:20:22,278.0,100.2312321824517,75.8460809498432,False,0.0,,,C,1615.0,320.0,1295.0,solexs,5.300871125380234e-06
F1784658375,2026-07-21 18:26:15,2026-07-21 18:30:57,2026-07-21 19:38:03,194.0,40.23123218245169,70.44344768923321,False,0.0,,,C,4308.0,282.0,4026.0,solexs,3.872037520951274e-06
F1784663380,2026-07-21 19:49:40,2026-07-21 19:53:11,2026-07-21 20:15:33,66.0,31.183613134832644,27.88274200351942,False,0.0,,,C,1553.0,211.0,1342.0,solexs,1.5105254568059737e-06
F1784665464,2026-07-21 20:24:24,2026-07-21 20:34:11,2026-07-21 21:01:44,122.0,29.39225002639637,69.88817445942335,False,0.0,,,C,2240.0,587.0,1653.0,solexs,2.5826830930729243e-06
F1784668755,2026-07-21 21:19:15,2026-07-21 21:26:36,2026-07-21 21:53:56,74.0,19.95475662548833,46.74434824715949,False,0.0,,,C,2081.0,441.0,1640.0,solexs,1.6691980436117363e-06
F1784671536,2026-07-21 22:05:36,2026-07-21 22:16:02,2026-07-21 22:26:25,58.0,17.89789884911836,42.391726177854665,False,0.0,,,C,1249.0,626.0,623.0,solexs,1.349385815476341e-06
F1784673342,2026-07-21 22:35:42,2026-07-21 22:55:17,2026-07-21 23:29:08,85.0,21.14729173265758,62.50570533024246,False,0.0,,,C,3206.0,1175.0,2031.0,solexs,1.883884114052155e-06
F1784678749,2026-07-22 00:05:49,2026-07-22 00:11:01,2026-07-22 00:21:01,95.0,15.135994087213597,91.074820922998,False,0.0,,,C,912.0,312.0,600.0,solexs,2.0759958714220978e-06
F1784680386,2026-07-22 00:33:06,2026-07-22 00:33:38,2026-07-22 00:35:24,42.0,15.135994087213597,30.88021372812327,False,0.0,,,C,138.0,32.0,106.0,solexs,1.0180132038735514e-06
F1784680933,2026-07-22 00:42:13,2026-07-22 00:51:11,2026-07-22 00:53:53,35.0,15.135994087213597,22.78559329827408,False,0.0,,,B,700.0,538.0,162.0,solexs,8.682092054493216e-07
F1784682315,2026-07-22 01:05:15,2026-07-22 01:06:22,2026-07-22 01:13:33,119.0,17.326470277689786,109.2365183913679,False,0.0,,,C,498.0,67.0,431.0,solexs,2.5271496843410326e-06
F1784686396,2026-07-22 02:13:16,2026-07-22 02:21:42,2026-07-22 02:31:45,47.0,14.855717453278427,37.290403240182876,False,0.0,,,C,1109.0,506.0,603.0,solexs,1.1230537769694857e-06
F1784690301,2026-07-22 03:18:21,2026-07-22 03:38:06,2026-07-22 04:31:10,360.0,22.08103684932953,372.14669054640143,False,0.0,,,C,4369.0,1185.0,3184.0,solexs,6.642837139205133e-06
F1784696069,2026-07-22 04:54:29,2026-07-22 04:55:30,2026-07-22 05:12:16,43.0,16.859940872135994,26.924224492474714,False,0.0,,,C,1067.0,61.0,1006.0,solexs,1.0391427984390398e-06
F1784698712,2026-07-22 05:38:32,2026-07-22 05:57:07,2026-07-22 06:09:11,47.0,17.683401963889768,29.886649567821486,False,0.0,,,C,1839.0,1115.0,724.0,solexs,1.1230537769694857e-06
F1784701893,2026-07-22 06:31:33,2026-07-22 06:34:39,2026-07-22 07:12:28,2659.0,25.30419174321613,2261.037380655434,False,0.0,,,M,2455.0,186.0,2269.0,solexs,3.8064687824877946e-05
F1784706380,2026-07-22 07:46:20,2026-07-22 07:47:16,2026-07-22 07:56:35,86.0,14.20119311582726,82.75103347349058,False,0.0,,,C,615.0,56.0,559.0,solexs,1.9032193884271946e-06
F1784709970,2026-07-22 08:46:10,2026-07-22 09:03:56,2026-07-22 09:05:43,40.0,14.108172315489387,27.905164933008336,False,0.0,,,B,1173.0,1066.0,107.0,solexs,9.755603409095623e-07
F1784721089,2026-07-22 11:51:29,2026-07-22 11:56:44,2026-07-22 11:55:10,30.0,12.469327420546932,22.099594115447204,False,0.0,,,B,221.0,315.0,-94.0,solexs,7.588861532643259e-07
F1784722419,2026-07-22 12:13:39,2026-07-22 12:18:39,2026-07-22 12:31:21,128.0,14.993136944356454,130.5189476537166,False,0.0,,,C,1062.0,300.0,762.0,solexs,2.693235253925439e-06
F1784725252,2026-07-22 13:00:52,2026-07-22 13:08:09,2026-07-22 13:18:12,62.0,18.564565515785027,45.06092664714429,False,0.0,,,C,1040.0,437.0,603.0,solexs,1.430285829877857e-06
F1784728823,2026-07-22 14:00:23,2026-07-22 13:59:11,2026-07-22 14:03:06,31.0,13.993136944356454,20.332073466888293,False,0.0,,,B,163.0,-72.0,235.0,solexs,7.809247997705754e-07
F1784732655,2026-07-22 15:04:15,2026-07-22 15:04:39,2026-07-22 15:09:45,32.0,11.421708372927885,27.23069850747135,False,0.0,,,B,330.0,24.0,306.0,solexs,8.028733609749356e-07
F1784735504,2026-07-22 15:51:44,2026-07-22 15:53:30,2026-07-22 16:21:44,169.0,11.70742265864217,205.5855460624973,False,0.0,,,C,1800.0,106.0,1694.0,solexs,3.432660613560192e-06
F1784742517,2026-07-22 17:48:37,2026-07-22 17:49:49,2026-07-22 17:52:03,31.0,11.993136944356454,24.544774536285594,False,0.0,,,B,206.0,72.0,134.0,solexs,7.809247997705754e-07
F1784746139,2026-07-22 18:48:59,2026-07-22 18:51:08,2026-07-22 19:12:42,270.0,11.876359412944778,341.5680544263463,False,0.0,,,C,1423.0,129.0,1294.0,solexs,5.167447785580017e-06
F1784748008,2026-07-22 19:20:08,2026-07-22 19:21:11,2026-07-22 19:37:08,36.0,14.593601520430788,24.48402072570554,False,0.0,,,B,1020.0,63.0,957.0,solexs,8.898271515792934e-07
F1784753370,2026-07-22 20:49:30,2026-07-22 20:54:29,2026-07-22 20:58:32,37.0,15.176327737303346,24.9559439705181,False,0.0,,,B,542.0,299.0,243.0,solexs,9.113689870620098e-07
F1784756805,2026-07-22 21:46:45,2026-07-22 21:58:07,2026-07-22 22:14:31,43.0,14.088375039594549,34.43957614495595,False,0.0,,,C,1666.0,682.0,984.0,solexs,1.0391427984390398e-06
F1784760908,2026-07-22 22:55:08,2026-07-22 23:15:24,2026-07-22 23:29:49,58.0,16.672526660331535,44.353264327130056,False,0.0,,,C,2081.0,1216.0,865.0,solexs,1.349385815476341e-06
F1784764395,2026-07-22 23:53:15,2026-07-22 23:53:53,2026-07-22 23:54:45,34.0,14.65864217083729,22.590882126837577,False,0.0,,,B,90.0,38.0,52.0,solexs,8.465126929032813e-07
F1784767416,2026-07-23 00:43:36,2026-07-23 00:49:25,2026-07-23 00:49:46,29.0,13.231232182451691,19.387089318389297,False,0.0,,,B,370.0,349.0,21.0,solexs,7.367540289860129e-07
F1784770786,2026-07-23 01:39:46,2026-07-23 01:51:20,2026-07-23 02:07:31,39.0,12.641378946256994,32.87308672131023,False,0.0,,,B,1665.0,694.0,971.0,solexs,9.542334558471005e-07
F1784775071,2026-07-23 02:51:11,2026-07-23 02:53:57,2026-07-23 02:58:09,68.0,13.51694646816598,66.27307788505921,False,0.0,,,C,418.0,166.0,252.0,solexs,1.5504119088381037e-06
F1784776097,2026-07-23 03:08:17,2026-07-23 03:26:48,2026-07-23 03:48:37,310.0,15.59550205891669,344.302605905918,False,0.0,,,C,2420.0,1111.0,1309.0,solexs,5.829847126641698e-06
F1784780529,2026-07-23 04:22:09,2026-07-23 04:31:01,2026-07-23 04:53:23,54.0,15.702776897898847,41.374011498880115,False,0.0,,,C,1874.0,532.0,1342.0,solexs,1.2677737827074654e-06
F1784783748,2026-07-23 05:15:48,2026-07-23 05:17:41,2026-07-23 05:28:20,31.0,10.584098828001267,27.017435063982866,False,0.0,,,B,752.0,113.0,639.0,solexs,7.809247997705754e-07
F1784788985,2026-07-23 06:43:05,2026-07-23 06:44:18,2026-07-23 06:47:44,41.0,10.045348959983105,43.66230600903939,False,0.0,,,B,279.0,73.0,206.0,solexs,9.968196385014052e-07
F1784795265,2026-07-23 08:27:45,2026-07-23 08:33:15,2026-07-23 08:39:38,24.0,9.428360257628547,21.248167784073633,False,0.0,,,B,713.0,330.0,383.0,solexs,6.245533473619894e-07
F1784800803,2026-07-23 10:00:03,2026-07-23 10:01:42,2026-07-23 10:11:14,41.0,9.702829690634566,45.343855648673085,False,0.0,,,B,671.0,99.0,572.0,solexs,9.968196385014052e-07
F1784818073,2026-07-23 14:47:53,2026-07-23 15:09:45,2026-07-23 15:48:06,102.0,19.457713018688626,73.80671637878008,False,0.0,,,C,3613.0,1312.0,2301.0,solexs,2.2089363838064796e-06
F1784822668,2026-07-23 16:04:28,2026-07-23 16:05:23,2026-07-23 16:14:48,44.0,12.842466476612817,37.74124565479268,False,0.0,,,C,620.0,55.0,565.0,solexs,1.0602100965893052e-06
F1784825108,2026-07-23 16:45:08,2026-07-23 16:51:47,2026-07-23 17:06:06,68.0,11.961461302924715,73.84704565710283,False,0.0,,,C,1258.0,399.0,859.0,solexs,1.5504119088381037e-06
F1784827955,2026-07-23 17:32:35,2026-07-23 17:33:03,2026-07-23 17:35:17,31.0,11.942244747122793,24.55952039826474,False,0.0,,,B,162.0,28.0,134.0,solexs,7.809247997705754e-07
F1784838105,2026-07-23 20:21:45,2026-07-23 20:21:55,2026-07-23 20:32:00,31.0,12.183613134832644,24.174930452014525,False,0.0,,,B,615.0,10.0,605.0,solexs,7.809247997705754e-07
F1784841455,2026-07-23 21:17:35,2026-07-23 21:33:53,2026-07-23 21:59:14,45.0,13.399324252982787,37.78984471180365,False,0.0,,,C,2499.0,978.0,1521.0,solexs,1.0812166918717587e-06
F1784894401,2026-07-24 12:00:01,2026-07-24 12:00:05,2026-07-24 12:19:59,24.0,7.135994087213597,28.232445787728203,False,0.0,,,B,1198.0,4.0,1194.0,solexs,6.245533473619894e-07
F1784926441,2026-07-24 20:54:01,2026-07-24 21:04:58,2026-07-24 21:25:03,105.0,15.326470277689786,106.53115927138147,False,0.0,,,C,1862.0,657.0,1205.0,solexs,2.2655524468217783e-06
F1784929244,2026-07-24 21:40:44,2026-07-24 22:03:48,2026-07-24 22:31:47,133.0,21.631770668356033,108.56669390099701,False,0.0,,,C,3063.0,1384.0,1679.0,solexs,2.7848593615840564e-06
F1784932771,2026-07-24 22:39:31,2026-07-24 22:41:41,2026-07-24 22:51:58,40.0,17.421708372927885,23.966928878139438,False,0.0,,,B,747.0,130.0,617.0,solexs,9.755603409095623e-07
F1784934775,2026-07-24 23:12:55,2026-07-24 23:19:33,2026-07-24 23:23:00,33.0,12.353394572906767,26.299306079171107,False,0.0,,,B,605.0,398.0,207.0,solexs,8.247350041951388e-07
F1784943134,2026-07-25 01:32:14,2026-07-25 01:40:27,2026-07-25 02:06:22,63.0,10.858515468271563,76.74826254245454,False,0.0,,,C,2048.0,493.0,1555.0,solexs,1.4504057872703728e-06
F1784948627,2026-07-25 03:03:47,2026-07-25 03:06:36,2026-07-25 03:09:22,28.0,12.378576707844998,19.851435437988844,False,0.0,,,B,335.0,169.0,166.0,solexs,7.145247849646818e-07
F1784950040,2026-07-25 03:27:20,2026-07-25 03:54:09,2026-07-25 04:22:53,72.0,18.138633723999575,55.54982670013518,False,0.0,,,C,3333.0,1609.0,1724.0,solexs,1.6297435634242153e-06
F1784958049,2026-07-25 05:40:49,2026-07-25 05:43:59,2026-07-25 05:58:20,61.0,13.148189209164817,57.01845866986249,False,0.0,,,C,1051.0,190.0,861.0,solexs,1.4101246304740755e-06
F1784978653,2026-07-25 11:24:13,2026-07-25 11:39:10,2026-07-25 11:48:16,40.0,10.988332805405975,38.74769187031185,False,0.0,,,B,1443.0,897.0,546.0,solexs,9.755603409095623e-07
F1784982622,2026-07-25 12:30:22,2026-07-25 12:34:57,2026-07-25 12:40:00,27.0,9.802660753880264,24.5642930504627,False,0.0,,,B,578.0,275.0,303.0,solexs,6.921945017799407e-07
F1784991701,2026-07-25 15:01:41,2026-07-25 15:01:14,2026-07-25 15:16:53,29.0,11.135994087213597,24.62577651050906,False,0.0,,,B,912.0,-27.0,939.0,solexs,7.367540289860129e-07
F1784995836,2026-07-25 16:10:36,2026-07-25 16:12:33,2026-07-25 16:14:07,25.0,9.22933164396579,23.233950651994974,False,0.0,,,B,211.0,117.0,94.0,solexs,6.472135544461507e-07
F1784998819,2026-07-25 17:00:19,2026-07-25 17:04:59,2026-07-25 17:09:32,28.0,10.088375039594549,25.21966861223006,False,0.0,,,B,553.0,280.0,273.0,solexs,7.145247849646818e-07
F1785006214,2026-07-25 19:03:34,2026-07-25 19:06:18,2026-07-25 19:17:37,28.0,10.114560236511455,24.769645994954523,False,0.0,,,B,843.0,164.0,679.0,solexs,7.145247849646818e-07
F1785012871,2026-07-25 20:54:31,2026-07-25 20:57:34,2026-07-25 21:01:43,27.0,9.802660753880264,24.5642930504627,False,0.0,,,B,432.0,183.0,249.0,solexs,6.921945017799407e-07
F1785014849,2026-07-25 21:27:29,2026-07-25 21:36:04,2026-07-25 21:54:53,57.0,10.798014993136942,65.49316997304224,False,0.0,,,C,1644.0,515.0,1129.0,solexs,1.329051742096738e-06
F1785035015,2026-07-26 03:03:35,2026-07-26 03:26:20,2026-07-26 03:31:47,53.0,9.582092704043921,49.267855343514476,False,0.0,,,C,1692.0,1365.0,327.0,solexs,1.2472527178803989e-06
F1785040297,2026-07-26 04:31:37,2026-07-26 04:40:03,2026-07-26 05:11:44,49.0,19.61218456340407,29.17708796381664,False,0.0,,,C,2407.0,506.0,1901.0,solexs,1.164665386329856e-06
F1785043346,2026-07-26 05:22:26,2026-07-26 05:25:37,2026-07-26 05:30:30,62.0,17.877943195016364,46.632123407279074,False,0.0,,,C,484.0,191.0,293.0,solexs,1.430285829877857e-06
F1785046538,2026-07-26 06:15:38,2026-07-26 06:18:47,2026-07-26 06:37:06,46.0,13.2326047935804,39.10852790181206,False,0.0,,,C,1288.0,189.0,1099.0,solexs,1.1021641026014044e-06
F1785050971,2026-07-26 07:29:31,2026-07-26 07:31:11,2026-07-26 07:48:26,201.0,10.284658430999894,268.5282727988501,False,0.0,,,C,1135.0,100.0,1035.0,solexs,3.993737747821676e-06
F1785056645,2026-07-26 09:04:05,2026-07-26 09:05:26,2026-07-26 09:11:23,24.0,9.606799704360679,20.474523441105152,False,0.0,,,B,438.0,81.0,357.0,solexs,6.245533473619894e-07
F1785060558,2026-07-26 10:09:18,2026-07-26 10:15:32,2026-07-26 10:34:00,63.0,11.70742265864217,66.9785619541847,False,0.0,,,C,1482.0,374.0,1108.0,solexs,1.4504057872703728e-06
F1785071423,2026-07-26 13:10:23,2026-07-26 13:09:49,2026-07-26 13:20:37,27.0,11.997888290571218,19.769638076179255,False,0.0,,,B,614.0,-34.0,648.0,solexs,6.921945017799407e-07
F1785073995,2026-07-26 13:53:15,2026-07-26 13:58:13,2026-07-26 14:15:49,45.0,14.564565515785027,34.85525199621145,False,0.0,,,C,1354.0,298.0,1056.0,solexs,1.0812166918717587e-06
F1785079404,2026-07-26 15:23:24,2026-07-26 15:27:57,2026-07-26 15:54:58,2151.0,12.696230598669622,2694.96496595143,False,0.0,,,M,1894.0,273.0,1621.0,solexs,3.163252259332409e-05
F1785089329,2026-07-26 18:08:49,2026-07-26 18:11:13,2026-07-26 18:18:09,31.0,11.135994087213597,26.620569231236566,False,0.0,,,B,560.0,144.0,416.0,solexs,7.809247997705754e-07
F1785096118,2026-07-26 20:01:58,2026-07-26 20:11:18,2026-07-26 20:39:56,53.0,12.336289726533625,53.14135305985996,False,0.0,,,C,2278.0,560.0,1718.0,solexs,1.2472527178803989e-06
F1785112766,2026-07-27 00:39:26,2026-07-27 00:47:49,2026-07-27 01:11:34,45.0,14.564565515785027,36.7391494669123,False,0.0,,,C,1928.0,503.0,1425.0,solexs,1.0812166918717587e-06
F1785116103,2026-07-27 01:35:03,2026-07-27 01:35:44,2026-07-27 01:37:14,31.0,13.744113609967266,20.80756762829311,False,0.0,,,B,131.0,41.0,90.0,solexs,7.809247997705754e-07
F1785119908,2026-07-27 02:38:28,2026-07-27 02:42:19,2026-07-27 03:10:12,579.0,13.851124485270823,691.1077384869374,False,0.0,,,M,1904.0,231.0,1673.0,solexs,1.0058420880993708e-05
F1785147821,2026-07-27 10:23:41,2026-07-27 10:26:58,2026-07-27 10:40:31,28.0,10.421708372927883,24.351303017963808,False,0.0,,,B,1010.0,197.0,813.0,solexs,7.145247849646818e-07
F1785159561,2026-07-27 13:39:21,2026-07-27 13:42:44,2026-07-27 13:53:49,45.0,12.46795480941822,40.69289306712797,False,0.0,,,C,868.0,203.0,665.0,solexs,1.0812166918717587e-06
F1785164110,2026-07-27 14:55:10,2026-07-27 15:11:24,2026-07-27 15:14:41,37.0,14.099091964945623,27.239838169988296,False,0.0,,,B,1171.0,974.0,197.0,solexs,9.113689870620098e-07
F1785171241,2026-07-27 16:54:01,2026-07-27 16:53:22,2026-07-27 16:56:19,27.0,10.47196705733291,22.89637394898609,False,0.0,,,B,138.0,-39.0,177.0,solexs,6.921945017799407e-07
F1785172759,2026-07-27 17:19:19,2026-07-27 17:25:34,2026-07-27 17:42:17,115.0,11.292788512300707,139.28039876861735,False,0.0,,,C,1378.0,375.0,1003.0,solexs,2.452827301204531e-06
F1785181289,2026-07-27 19:41:29,2026-07-27 19:48:09,2026-07-27 20:07:10,157.0,13.105796642382007,179.51552144831027,False,0.0,,,C,1541.0,400.0,1141.0,solexs,3.2188788887340445e-06
F1785191846,2026-07-27 22:37:26,2026-07-27 22:58:43,2026-07-27 23:11:44,133.0,13.227431105479884,130.75977678309124,False,0.0,,,C,2058.0,1277.0,781.0,solexs,2.7848593615840564e-06
F1785194318,2026-07-27 23:18:38,2026-07-27 23:25:31,2026-07-27 23:50:06,67.0,20.82821243796853,43.887634310227845,False,0.0,,,C,1888.0,413.0,1475.0,solexs,1.5304875778415327e-06
F1785197996,2026-07-28 00:19:56,2026-07-28 00:45:58,2026-07-28 00:54:11,54.0,20.59339034948791,29.17915433119055,False,0.0,,,C,2055.0,1562.0,493.0,solexs,1.2677737827074654e-06
F1785200935,2026-07-28 01:08:55,2026-07-28 01:13:06,2026-07-28 01:47:06,46.0,18.234346953859145,26.53726871813703,False,0.0,,,C,2291.0,251.0,2040.0,solexs,1.1021641026014044e-06
F1785204762,2026-07-28 02:12:42,2026-07-28 02:14:36,2026-07-28 02:22:48,51.0,13.724949846901065,44.384317785387495,False,0.0,,,C,606.0,114.0,492.0,solexs,1.2060618704286024e-06
F1785208425,2026-07-28 03:13:45,2026-07-28 03:18:53,2026-07-28 03:47:01,251.0,13.81416957026713,290.0491710615935,False,0.0,,,C,1996.0,308.0,1688.0,solexs,4.848519762725243e-06
F1785215613,2026-07-28 05:13:33,2026-07-28 05:13:20,2026-07-28 05:23:50,32.0,15.772621687255832,18.508390712964793,False,0.0,,,B,617.0,-13.0,630.0,solexs,8.028733609749356e-07
F1785222278,2026-07-28 07:04:38,2026-07-28 07:08:17,2026-07-28 07:17:43,31.0,11.755041706261217,25.10266815328638,False,0.0,,,B,785.0,219.0,566.0,solexs,7.809247997705754e-07
F1785237497,2026-07-28 11:18:17,2026-07-28 11:20:19,2026-07-28 11:28:16,37.0,12.421708372927885,31.099534024209174,False,0.0,,,B,599.0,122.0,477.0,solexs,9.113689870620098e-07
F1785245597,2026-07-28 13:33:17,2026-07-28 13:49:48,2026-07-28 13:50:44,33.0,11.438602048358144,27.68647196670687,False,0.0,,,B,1047.0,991.0,56.0,solexs,8.247350041951388e-07
F1785258015,2026-07-28 17:00:15,2026-07-28 17:01:00,2026-07-28 17:06:47,31.0,10.628127969591382,27.987881108485055,False,0.0,,,B,392.0,45.0,347.0,solexs,7.809247997705754e-07
F1785260476,2026-07-28 17:41:16,2026-07-28 17:47:07,2026-07-28 17:57:05,53.0,11.33101045296167,55.789186868029034,False,0.0,,,C,949.0,351.0,598.0,solexs,1.2472527178803989e-06
F1785273764,2026-07-28 21:22:44,2026-07-28 21:23:05,2026-07-28 21:33:45,30.0,10.60780276633935,26.456227398641335,False,0.0,,,B,661.0,21.0,640.0,solexs,7.588861532643259e-07
F1785279838,2026-07-28 23:03:58,2026-07-28 23:10:41,2026-07-28 23:21:06,37.0,12.411572167669725,31.26001165331101,False,0.0,,,B,1028.0,403.0,625.0,solexs,9.113689870620098e-07
F1785281973,2026-07-28 23:39:33,2026-07-28 23:45:35,2026-07-28 23:56:39,51.0,15.421708372927885,40.51667943258079,False,0.0,,,C,1026.0,362.0,664.0,solexs,1.2060618704286024e-06
F1785284438,2026-07-29 00:20:38,2026-07-29 00:22:02,2026-07-29 00:52:44,47.0,12.655791363108435,37.47321377588822,False,0.0,,,C,1926.0,84.0,1842.0,solexs,1.1230537769694857e-06
F1785289968,2026-07-29 01:52:48,2026-07-29 02:04:55,2026-07-29 02:10:43,59.0,14.440819343258369,51.7976650571657,False,0.0,,,C,1075.0,727.0,348.0,solexs,1.3696754273924648e-06
F1785292061,2026-07-29 02:27:41,2026-07-29 02:36:35,2026-07-29 02:38:44,31.0,12.828423608911413,22.75446665551449,False,0.0,,,B,663.0,534.0,129.0,solexs,7.809247997705754e-07
F1785296103,2026-07-29 03:35:03,2026-07-29 03:36:12,2026-07-29 03:37:53,27.0,10.70742265864217,22.267031118836535,False,0.0,,,B,170.0,69.0,101.0,solexs,6.921945017799407e-07
F1785299771,2026-07-29 04:36:11,2026-07-29 04:38:05,2026-07-29 04:43:06,38.0,10.231232182451691,38.82465782738775,False,0.0,,,B,415.0,114.0,301.0,solexs,9.328370266861128e-07
F1785303693,2026-07-29 05:41:33,2026-07-29 05:51:44,2026-07-29 06:51:33,62.0,17.073065146235876,51.14299128860068,False,0.0,,,C,4200.0,611.0,3589.0,solexs,1.430285829877857e-06
F1785313357,2026-07-29 08:22:37,2026-07-29 08:23:55,2026-07-29 08:24:04,26.0,10.374089325308836,21.696283328354426,False,0.0,,,B,87.0,78.0,9.0,solexs,6.697589503268807e-07
F1785318052,2026-07-29 09:40:52,2026-07-29 10:01:50,2026-07-29 10:37:09,61.0,15.528983211910038,50.25567247503799,False,0.0,,,C,3377.0,1258.0,2119.0,solexs,1.4101246304740755e-06
F1785324845,2026-07-29 11:34:05,2026-07-29 11:41:28,2026-07-29 12:11:02,39.0,12.486009925034313,33.40891128061356,False,0.0,,,B,2217.0,443.0,1774.0,solexs,9.542334558471005e-07
F1785329059,2026-07-29 12:44:19,2026-07-29 12:51:15,2026-07-29 13:04:16,45.0,13.65383803188681,38.84449439119331,False,0.0,,,C,1197.0,416.0,781.0,solexs,1.0812166918717587e-06
F1785335061,2026-07-29 14:24:21,2026-07-29 14:25:14,2026-07-29 14:32:02,30.0,12.469327420546932,22.201998139141782,False,0.0,,,B,461.0,53.0,408.0,solexs,7.588861532643259e-07
F1785341666,2026-07-29 16:14:26,2026-07-29 16:17:23,2026-07-29 16:30:36,58.0,11.423397740470907,62.2861853614773,False,0.0,,,C,970.0,177.0,793.0,solexs,1.349385815476341e-06
F1785345730,2026-07-29 17:22:10,2026-07-29 17:23:43,2026-07-29 17:32:15,37.0,11.374089325308834,33.9809869541068,False,0.0,,,B,605.0,93.0,512.0,solexs,9.113689870620098e-07
F1785353154,2026-07-29 19:25:54,2026-07-29 19:33:14,2026-07-29 19:37:50,43.0,10.916798648505964,43.09152137296696,False,0.0,,,C,716.0,440.0,276.0,solexs,1.0391427984390398e-06
F1785356140,2026-07-29 20:15:40,2026-07-29 20:39:41,2026-07-29 20:45:03,50.0,16.508974765072324,32.335733191374196,False,0.0,,,C,1763.0,1441.0,322.0,solexs,1.1853899070706525e-06
F1785358627,2026-07-29 20:57:07,2026-07-29 21:01:01,2026-07-29 21:18:22,42.0,18.82414739731813,22.749294082483345,False,0.0,,,C,1275.0,234.0,1041.0,solexs,1.0180132038735514e-06
F1785361095,2026-07-29 21:38:15,2026-07-29 21:46:46,2026-07-29 22:01:50,35.0,13.242846584309996,25.92745359837328,False,0.0,,,B,1415.0,511.0,904.0,solexs,8.682092054493216e-07
F1785366538,2026-07-29 23:08:58,2026-07-29 23:12:18,2026-07-29 23:17:47,28.0,9.107591595396473,27.954519097476446,False,0.0,,,B,529.0,200.0,329.0,solexs,7.145247849646818e-07
F1785375696,2026-07-30 01:41:36,2026-07-30 01:40:42,2026-07-30 01:46:54,27.0,9.95607644388132,24.508313251210183,False,0.0,,,B,318.0,-54.0,372.0,solexs,6.921945017799407e-07
F1785385431,2026-07-30 04:23:51,2026-07-30 04:27:52,2026-07-30 04:31:34,27.0,11.040755991975502,21.479684935788452,False,0.0,,,B,463.0,241.0,222.0,solexs,6.921945017799407e-07
F1785386478,2026-07-30 04:41:18,2026-07-30 04:41:15,2026-07-30 04:48:42,29.0,11.802343997465947,22.187149119541356,False,0.0,,,B,444.0,-3.0,447.0,solexs,7.367540289860129e-07
F1785390526,2026-07-30 05:48:46,2026-07-30 06:04:46,2026-07-30 07:06:43,157.0,15.698131137155524,201.68149459484084,False,0.0,,,C,4677.0,960.0,3717.0,solexs,3.2188788887340445e-06
F1785397667,2026-07-30 07:47:47,2026-07-30 07:49:31,2026-07-30 07:50:14,28.0,10.658008658008656,23.792114445546453,False,0.0,,,B,147.0,104.0,43.0,solexs,7.145247849646818e-07
F1785424366,2026-07-30 15:12:46,2026-07-30 16:55:56,2026-07-30 21:00:55,1082.0,108.93701826628657,180.1651009059921,False,0.0,,,M,20889.0,6190.0,14699.0,solexs,1.7362203326065858e-05
F1785446271,2026-07-30 21:17:51,2026-07-30 21:19:00,2026-07-30 21:44:59,72.0,35.703938338084676,25.708591362930445,False,0.0,,,C,1628.0,69.0,1559.0,solexs,1.6297435634242153e-06
F1785449457,2026-07-30 22:10:57,2026-07-30 22:22:25,2026-07-30 22:51:21,82.0,28.99989441452856,42.15776062718116,False,0.0,,,C,2424.0,688.0,1736.0,solexs,1.82570332548203e-06
F1785461071,2026-07-31 01:24:31,2026-07-31 01:29:37,2026-07-31 01:41:52,53.0,16.48537641220568,39.67769433112997,False,0.0,,,C,1041.0,306.0,735.0,solexs,1.2472527178803989e-06
F1785463892,2026-07-31 02:11:32,2026-07-31 02:39:48,2026-07-31 02:53:50,81.0,22.11614401858304,49.878450370021795,False,0.0,,,C,2538.0,1696.0,842.0,solexs,1.8062500804429226e-06
F1785466996,2026-07-31 03:03:16,2026-07-31 03:17:27,2026-07-31 03:33:35,111.0,30.883750395945516,64.71831687229584,False,0.0,,,C,1819.0,851.0,968.0,solexs,2.378175934597758e-06
F1785469287,2026-07-31 03:41:27,2026-07-31 03:47:52,2026-07-31 04:21:32,84.0,27.583518107908347,43.47067141904214,False,0.0,,,C,2405.0,385.0,2020.0,solexs,1.864519939124312e-06
F1785472438,2026-07-31 04:33:58,2026-07-31 04:55:01,2026-07-31 05:12:57,78.0,25.45982472811741,46.119942743101085,False,0.0,,,C,2339.0,1263.0,1076.0,solexs,1.747705529001579e-06
F1785475827,2026-07-31 05:30:27,2026-07-31 05:28:27,2026-07-31 05:36:11,48.0,24.945517896737407,20.605288477512456,False,0.0,,,C,344.0,-120.0,464.0,solexs,1.1438870977039946e-06
F1785477652,2026-07-31 06:00:52,2026-07-31 06:10:53,2026-07-31 06:27:38,78.0,16.762960616619154,64.96525885481654,False,0.0,,,C,1606.0,601.0,1005.0,solexs,1.747705529001579e-06
F1785480186,2026-07-31 06:43:06,2026-07-31 06:46:44,2026-07-31 07:48:40,82.0,16.326470277689786,72.68741187482345,False,0.0,,,C,3934.0,218.0,3716.0,solexs,1.82570332548203e-06
F1785486630,2026-07-31 08:30:30,2026-07-31 08:33:56,2026-07-31 08:44:00,41.0,11.51694646816598,38.85248350328211,False,0.0,,,B,810.0,206.0,604.0,solexs,9.968196385014052e-07
F1785492155,2026-07-31 10:02:35,2026-07-31 10:10:48,2026-07-31 10:35:52,38.0,13.469327420546932,29.69260507874304,False,0.0,,,B,1997.0,493.0,1504.0,solexs,9.328370266861128e-07
F1785496267,2026-07-31 11:11:07,2026-07-31 11:47:13,2026-07-31 12:11:21,189.0,12.35782916270721,194.48108877844223,False,0.0,,,C,3614.0,2166.0,1448.0,solexs,3.7847679563985684e-06
F1785505931,2026-07-31 13:52:11,2026-07-31 13:56:17,2026-07-31 14:08:41,56.0,10.89789884911836,61.099884061363575,False,0.0,,,C,990.0,246.0,744.0,solexs,1.3086723271328416e-06
F1785521277,2026-07-31 18:07:57,2026-07-31 18:11:41,2026-07-31 18:27:53,53.0,10.217083729278851,57.7439256996167,False,0.0,,,C,1196.0,224.0,972.0,solexs,1.2472527178803989e-06
F1785525154,2026-07-31 19:12:34,2026-07-31 20:12:47,2026-07-31 20:42:56,53.0,17.3710273466371,35.82363607659831,False,0.0,,,C,5422.0,3613.0,1809.0,solexs,1.2472527178803989e-06
F1785539099,2026-07-31 23:04:59,2026-07-31 23:06:57,2026-07-31 23:09:18,29.0,10.89789884911836,24.522943573867714,False,0.0,,,B,259.0,118.0,141.0,solexs,7.367540289860129e-07
F1785551090,2026-08-01 02:24:50,2026-08-01 02:25:33,2026-08-01 02:28:52,29.0,8.612184563404075,31.069125334122976,False,0.0,,,B,242.0,43.0,199.0,solexs,7.367540289860129e-07
F1785563250,2026-08-01 05:47:30,2026-08-01 05:48:12,2026-08-01 05:50:04,25.0,7.945517896737407,27.05779663778139,False,0.0,,,B,154.0,42.0,112.0,solexs,6.472135544461507e-07
F1785577468,2026-08-01 09:44:28,2026-08-01 09:43:04,2026-08-01 09:53:09,31.0,11.050575440819342,26.22217302093282,False,0.0,,,B,521.0,-84.0,605.0,solexs,7.809247997705754e-07
F1785590966,2026-08-01 13:29:26,2026-08-01 13:30:02,2026-08-01 13:36:12,34.0,8.040755991975502,41.353600033637335,False,0.0,,,B,406.0,36.0,370.0,solexs,8.465126929032813e-07
F1785596292,2026-08-01 14:58:12,2026-08-01 14:58:45,2026-08-01 14:59:42,27.0,9.060606060606059,26.65660767732656,False,0.0,,,B,90.0,33.0,57.0,solexs,6.921945017799407e-07
F1785601352,2026-08-01 16:22:32,2026-08-01 16:23:07,2026-08-01 16:32:27,26.0,9.692323936226373,23.227313791173394,False,0.0,,,B,595.0,35.0,560.0,solexs,6.697589503268807e-07
F1785609070,2026-08-01 18:31:10,2026-08-01 18:36:09,2026-08-01 18:37:38,28.0,11.830429732868755,21.04861447385927,False,0.0,,,B,388.0,299.0,89.0,solexs,7.145247849646818e-07
F1785614817,2026-08-01 20:06:57,2026-08-01 20:10:07,2026-08-01 20:50:08,78.0,12.990233343891878,93.31288898568367,False,0.0,,,C,2591.0,190.0,2401.0,solexs,1.747705529001579e-06
F1785618639,2026-08-01 21:10:39,2026-08-01 21:12:54,2026-08-01 21:13:56,41.0,10.135994087213597,43.35449352334389,False,0.0,,,B,197.0,135.0,62.0,solexs,9.968196385014052e-07
F1785620220,2026-08-01 21:37:00,2026-08-01 21:39:06,2026-08-01 21:54:12,26.0,10.156266497729911,22.25560231716992,False,0.0,,,B,1032.0,126.0,906.0,solexs,6.697589503268807e-07
F1785623223,2026-08-01 22:27:03,2026-08-01 22:39:27,2026-08-01 23:10:48,96.0,13.392725161017843,101.54421442448736,False,0.0,,,C,2625.0,744.0,1881.0,solexs,2.0950615312854577e-06
F1785630298,2026-08-02 00:24:58,2026-08-02 00:32:33,2026-08-02 01:10:07,190.0,11.481205786083834,261.97162292447456,False,0.0,,,C,2709.0,455.0,2254.0,solexs,3.8022450800029513e-06
F1785635822,2026-08-02 01:57:02,2026-08-02 02:02:06,2026-08-02 02:23:36,60.0,10.080667300179494,72.3660646534942,False,0.0,,,C,1594.0,304.0,1290.0,solexs,1.38992142626712e-06
F1785644421,2026-08-02 04:20:21,2026-08-02 04:21:31,2026-08-02 04:23:07,22.0,8.564565515785027,20.529288297489888,False,0.0,,,B,166.0,70.0,96.0,solexs,5.788663637004989e-07
F1785648287,2026-08-02 05:24:47,2026-08-02 05:35:16,2026-08-02 06:47:10,323.0,12.150459296800758,472.2201037287786,False,0.0,,,C,4943.0,629.0,4314.0,solexs,6.042728271283983e-06
F1785681994,2026-08-02 14:46:34,2026-08-02 14:58:34,2026-08-02 15:26:37,36.0,9.302819132087423,40.93571863200623,False,0.0,,,B,2403.0,720.0,1683.0,solexs,8.898271515792934e-07
F1785689231,2026-08-02 16:47:11,2026-08-02 16:51:27,2026-08-02 16:53:34,24.0,7.183613134832645,28.059260416808957,False,0.0,,,B,383.0,256.0,127.0,solexs,6.245533473619894e-07
F1785698060,2026-08-02 19:14:20,2026-08-02 19:14:59,2026-08-02 19:17:12,23.0,6.183613134832645,30.24311578694979,False,0.0,,,B,172.0,39.0,133.0,solexs,6.017729205999474e-07
F1785718093,2026-08-03 00:48:13,2026-08-03 00:48:23,2026-08-03 00:54:51,24.0,8.225213810579664,24.65818532442974,False,0.0,,,B,398.0,10.0,388.0,solexs,6.245533473619894e-07
F1785748738,2026-08-03 09:18:58,2026-08-03 09:22:20,2026-08-03 09:36:01,34.0,10.89789884911836,31.296451071552134,False,0.0,,,B,1023.0,202.0,821.0,solexs,8.465126929032813e-07
F1785755002,2026-08-03 11:03:22,2026-08-03 11:02:20,2026-08-03 11:10:57,27.0,9.815647766867277,24.15625664459314,False,0.0,,,B,455.0,-62.0,517.0,solexs,6.921945017799407e-07
F1785756728,2026-08-03 11:32:08,2026-08-03 11:33:42,2026-08-03 11:46:14,42.0,9.802660753880264,45.98995608377629,False,0.0,,,C,846.0,94.0,752.0,solexs,1.0180132038735514e-06
F1785759222,2026-08-03 12:13:42,2026-08-03 12:15:30,2026-08-03 12:20:09,28.0,10.10426565304614,25.040669222531342,False,0.0,,,B,387.0,108.0,279.0,solexs,7.145247849646818e-07
F1785779191,2026-08-03 17:46:31,2026-08-03 17:48:41,2026-08-03 17:54:24,25.0,6.897898849118359,30.799722660232085,False,0.0,,,B,473.0,130.0,343.0,solexs,6.472135544461507e-07
F1785781310,2026-08-03 18:21:50,2026-08-03 18:22:55,2026-08-03 18:25:28,18.0,6.796959138422551,19.191137313336547,False,0.0,,,B,218.0,65.0,153.0,solexs,4.858386174718817e-07
F1785802648,2026-08-04 00:17:28,2026-08-04 00:18:39,2026-08-04 00:21:27,24.0,6.409354872769505,31.09831602873426,False,0.0,,,B,239.0,71.0,168.0,solexs,6.245533473619894e-07
F1785844624,2026-08-04 11:57:04,2026-08-04 11:58:04,2026-08-04 12:05:21,50.0,5.3740893253088355,86.08939370210607,False,0.0,,,C,497.0,60.0,437.0,solexs,1.1853899070706525e-06
F1785852288,2026-08-04 14:04:48,2026-08-04 14:08:57,2026-08-04 14:22:29,40.0,8.659803611023122,47.62803782584939,False,0.0,,,B,1061.0,249.0,812.0,solexs,9.755603409095623e-07
F1785857581,2026-08-04 15:33:01,2026-08-04 15:34:38,2026-08-04 15:37:56,35.0,9.469116249604053,37.20937156361234,False,0.0,,,B,295.0,97.0,198.0,solexs,8.682092054493216e-07
F1785859922,2026-08-04 16:12:02,2026-08-04 16:12:18,2026-08-04 16:16:14,29.0,9.945517896737407,27.050122772114033,False,0.0,,,B,252.0,16.0,236.0,solexs,7.367540289860129e-07
F1785867316,2026-08-04 18:15:16,2026-08-04 18:17:46,2026-08-04 18:26:00,31.0,7.421708372927883,38.70574135161683,False,0.0,,,B,644.0,150.0,494.0,solexs,7.809247997705754e-07
F1785909734,2026-08-05 06:02:14,2026-08-05 06:24:28,2026-08-05 07:10:40,62.0,8.637102734663708,79.4690380753517,False,0.0,,,C,4106.0,1334.0,2772.0,solexs,1.430285829877857e-06
F1785916064,2026-08-05 07:47:44,2026-08-05 07:48:23,2026-08-05 07:48:45,17.0,5.332910991447576,22.60934018109065,False,0.0,,,B,61.0,39.0,22.0,solexs,4.6218926413135106e-07
F1785943640,2026-08-05 15:27:20,2026-08-05 15:31:00,2026-08-05 15:37:28,29.0,5.1680920705310935,47.80129528503159,False,0.0,,,B,608.0,220.0,388.0,solexs,7.367540289860129e-07
F1786019241,2026-08-06 12:27:21,2026-08-06 12:36:28,2026-08-06 12:42:37,24.0,4.089325308837503,43.79249942664764,False,0.0,,,B,916.0,547.0,369.0,solexs,6.245533473619894e-07
F1786040214,2026-08-06 18:16:54,2026-08-06 18:19:21,2026-08-06 18:23:43,19.0,4.358621053743004,31.517377796852163,False,0.0,,,B,409.0,147.0,262.0,solexs,5.093216705821942e-07
F1786044410,2026-08-06 19:26:50,2026-08-06 19:28:29,2026-08-06 19:37:30,31.0,4.0407559919755025,59.97791916584205,False,0.0,,,B,640.0,99.0,541.0,solexs,7.809247997705754e-07
F1786179341,2026-08-08 08:55:41,2026-08-08 08:57:39,2026-08-08 09:05:10,26.0,5.516946468165978,38.999614383626856,False,0.0,,,B,569.0,118.0,451.0,solexs,6.697589503268807e-07
F1786287927,2026-08-09 15:05:27,2026-08-09 15:48:07,2026-08-09 16:02:43,47.0,6.709481575335232,53.7842223104357,False,0.0,,,C,3436.0,2560.0,876.0,solexs,1.1230537769694857e-06
F1786293403,2026-08-09 16:36:43,2026-08-09 16:39:44,2026-08-09 17:14:25,85.0,7.230598669623058,128.49207944445138,False,0.0,,,C,2262.0,181.0,2081.0,solexs,1.883884114052155e-06
F1786297903,2026-08-09 17:51:43,2026-08-09 18:05:02,2026-08-09 18:21:26,50.0,5.508182874036532,88.32672748270703,False,0.0,,,C,1783.0,799.0,984.0,solexs,1.1853899070706525e-06
F1786300234,2026-08-09 18:30:34,2026-08-09 18:30:38,2026-08-09 18:33:23,17.0,6.3740893253088355,18.77583403877553,False,0.0,,,B,169.0,4.0,165.0,solexs,4.6218926413135106e-07
F1786301525,2026-08-09 18:52:05,2026-08-09 18:54:34,2026-08-09 18:58:00,25.0,6.231232182451693,33.62511611589818,False,0.0,,,B,355.0,149.0,206.0,solexs,6.472135544461507e-07
F1786303130,2026-08-09 19:18:50,2026-08-09 19:29:39,2026-08-09 19:41:31,32.0,5.883011297645442,47.99213494864457,False,0.0,,,B,1361.0,649.0,712.0,solexs,8.028733609749356e-07
F1786307509,2026-08-09 20:31:49,2026-08-09 20:53:38,2026-08-09 21:12:11,50.0,6.211804455706893,73.54395078365823,False,0.0,,,C,2422.0,1309.0,1113.0,solexs,1.1853899070706525e-06
F1786585741,2026-08-13 01:49:01,2026-08-13 01:50:07,2026-08-13 01:55:52,13.0,2.7142857142857144,27.920402435861323,False,0.0,,,B,411.0,66.0,345.0,solexs,3.656831126008119e-07
F1786587295,2026-08-13 02:14:55,2026-08-13 02:22:44,2026-08-13 02:38:59,22.0,4.190476190476191,40.604675066277665,False,0.0,,,B,1444.0,469.0,975.0,solexs,5.788663637004989e-07
F1786590120,2026-08-13 03:02:00,2026-08-13 03:01:58,2026-08-13 03:05:15,12.0,2.852549889135255,23.616536748532965,False,0.0,,,B,195.0,-2.0,197.0,solexs,3.4100120937110524e-07
F1786618642,2026-08-13 10:57:22,2026-08-13 10:59:28,2026-08-13 11:00:30,20.0,3.27304402914159,41.19955406557801,False,0.0,,,B,188.0,126.0,62.0,solexs,5.326482637068238e-07
F1786640926,2026-08-13 17:08:46,2026-08-13 17:09:04,2026-08-13 17:10:17,12.0,3.2857142857142856,21.499674993932363,False,0.0,,,B,91.0,18.0,73.0,solexs,3.4100120937110524e-07
F1786645688,2026-08-13 18:28:08,2026-08-13 18:34:18,2026-08-13 18:59:01,33.0,3.9581881533101044,66.13111469939857,False,0.0,,,B,1853.0,370.0,1483.0,solexs,8.247350041951388e-07
F1786656135,2026-08-13 21:22:15,2026-08-13 21:29:02,2026-08-13 21:34:20,16.0,3.262538274733397,31.697153819118398,False,0.0,,,B,725.0,407.0,318.0,solexs,4.3836253255338715e-07
F1786662616,2026-08-13 23:10:16,2026-08-13 23:10:50,2026-08-13 23:17:18,15.0,3.1904761904761907,29.567842075531207,False,0.0,,,B,422.0,34.0,388.0,solexs,4.143458635377904e-07
F1786664293,2026-08-13 23:38:13,2026-08-13 23:53:52,2026-08-14 00:08:33,20.0,3.4011192059972544,39.71097310594454,False,0.0,,,B,1820.0,939.0,881.0,solexs,5.326482637068238e-07
F1786672150,2026-08-14 01:49:10,2026-08-14 01:52:07,2026-08-14 01:52:28,13.0,3.568788934642593,22.173589402620053,False,0.0,,,B,198.0,177.0,21.0,solexs,3.656831126008119e-07
F1786682163,2026-08-14 04:36:03,2026-08-14 04:37:17,2026-08-14 04:40:59,17.0,4.523703938338085,26.603510930390506,False,0.0,,,B,296.0,74.0,222.0,solexs,4.6218926413135106e-07
F1786686557,2026-08-14 05:49:17,2026-08-14 05:58:06,2026-08-14 05:59:34,26.0,8.340724316334072,26.64759820496245,False,0.0,,,B,617.0,529.0,88.0,solexs,6.697589503268807e-07
F1786689812,2026-08-14 06:43:32,2026-08-14 06:58:27,2026-08-14 08:31:26,185.0,16.83602576285503,231.37688492571783,False,0.0,,,C,6474.0,895.0,5579.0,solexs,3.714741319214176e-06
F1786699176,2026-08-14 09:19:36,2026-08-14 09:22:39,2026-08-14 09:22:43,18.0,5.970963995354239,22.12052587962821,False,0.0,,,B,187.0,183.0,4.0,solexs,4.858386174718817e-07
F1786701033,2026-08-14 09:50:33,2026-08-14 09:52:51,2026-08-14 10:04:17,54.0,5.7142857142857135,90.33429976639944,False,0.0,,,C,824.0,138.0,686.0,solexs,1.2677737827074654e-06
F1786702746,2026-08-14 10:19:06,2026-08-14 10:21:59,2026-08-14 10:32:31,27.0,5.632773730334706,39.50386235787394,False,0.0,,,B,805.0,173.0,632.0,solexs,6.921945017799407e-07
F1786707489,2026-08-14 11:38:09,2026-08-14 11:41:48,2026-08-14 11:49:36,37.0,4.4087741526765925,69.02201690457127,False,0.0,,,B,687.0,219.0,468.0,solexs,9.113689870620098e-07
F1786744314,2026-08-14 21:51:54,2026-08-14 21:55:57,2026-08-14 22:24:10,204.0,4.813641642909936,387.4563183671884,False,0.0,,,C,1936.0,243.0,1693.0,solexs,4.045729383659263e-06
F1786753674,2026-08-15 00:27:54,2026-08-15 00:32:36,2026-08-15 00:45:02,40.0,4.666666666666666,74.1511437503082,False,0.0,,,B,1028.0,282.0,746.0,solexs,9.755603409095623e-07
F1786756264,2026-08-15 01:11:04,2026-08-15 01:13:34,2026-08-15 01:16:47,15.0,3.5851018899799385,26.92871921409866,False,0.0,,,B,343.0,150.0,193.0,solexs,4.143458635377904e-07
F1786758631,2026-08-15 01:50:31,2026-08-15 01:50:55,2026-08-15 01:54:18,15.0,3.5511561609122584,27.092909430516634,False,0.0,,,B,227.0,24.0,203.0,solexs,4.143458635377904e-07
F1786763798,2026-08-15 03:16:38,2026-08-15 03:18:05,2026-08-15 03:20:48,25.0,3.571428571428571,50.709255283711,False,0.0,,,B,250.0,87.0,163.0,solexs,6.472135544461507e-07
F1786767529,2026-08-15 04:18:49,2026-08-15 04:21:16,2026-08-15 04:31:27,29.0,4.177805933903494,54.575622613983136,False,0.0,,,B,758.0,147.0,611.0,solexs,7.367540289860129e-07
F1786772113,2026-08-15 05:35:13,2026-08-15 05:36:45,2026-08-15 05:40:03,17.0,3.380952380952381,33.12395677463337,False,0.0,,,B,290.0,92.0,198.0,solexs,4.6218926413135106e-07
F1786773626,2026-08-15 06:00:26,2026-08-15 06:02:45,2026-08-15 06:06:34,20.0,3.380952380952381,40.42049270750716,False,0.0,,,B,368.0,139.0,229.0,solexs,5.326482637068238e-07
F1786777018,2026-08-15 06:56:58,2026-08-15 07:00:09,2026-08-15 07:06:10,18.0,3.1432794847428998,37.31593789285187,False,0.0,,,B,552.0,191.0,361.0,solexs,4.858386174718817e-07
F1786779486,2026-08-15 07:38:06,2026-08-15 07:39:35,2026-08-15 07:44:19,17.0,3.0476190476190474,35.74234017174003,False,0.0,,,B,373.0,89.0,284.0,solexs,4.6218926413135106e-07
F1786781791,2026-08-15 08:16:31,2026-08-15 08:18:12,2026-08-15 08:24:35,147.0,3.2396790201668253,355.8100100570867,False,0.0,,,C,484.0,101.0,383.0,solexs,3.039141371880156e-06
F1786785946,2026-08-15 09:25:46,2026-08-15 09:28:30,2026-08-15 09:35:30,37.0,4.0476190476190474,73.43606059273895,False,0.0,,,B,584.0,164.0,420.0,solexs,9.113689870620098e-07
F1786789710,2026-08-15 10:28:30,2026-08-15 10:30:39,2026-08-15 10:35:43,18.0,4.247650723260479,29.86932461000701,False,0.0,,,B,433.0,129.0,304.0,solexs,4.858386174718817e-07
F1786795469,2026-08-15 12:04:29,2026-08-15 12:05:50,2026-08-15 12:07:48,23.0,4.842360891141379,36.946389182436235,False,0.0,,,B,199.0,81.0,118.0,solexs,6.017729205999474e-07
F1786800959,2026-08-15 13:35:59,2026-08-15 13:39:14,2026-08-15 13:45:05,94.0,4.882205513784461,180.37294630041652,False,0.0,,,C,546.0,195.0,351.0,solexs,2.0569047158729886e-06
F1786804996,2026-08-15 14:43:16,2026-08-15 14:48:20,2026-08-15 15:06:18,156.0,5.315383803188681,293.11096958518766,False,0.0,,,C,1382.0,304.0,1078.0,solexs,3.2009720445099504e-06
F1786814080,2026-08-15 17:14:40,2026-08-15 17:16:14,2026-08-15 17:25:12,28.0,5.102945834653152,46.014236119614274,False,0.0,,,B,632.0,94.0,538.0,solexs,7.145247849646818e-07
F1786816235,2026-08-15 17:50:35,2026-08-15 17:49:51,2026-08-15 17:52:55,18.0,5.142857142857142,25.354627641855497,False,0.0,,,B,140.0,-44.0,184.0,solexs,4.858386174718817e-07
F1786817418,2026-08-15 18:10:18,2026-08-15 18:10:42,2026-08-15 18:15:13,17.0,5.335075493612079,22.423829567144427,False,0.0,,,B,295.0,24.0,271.0,solexs,4.6218926413135106e-07
F1786820073,2026-08-15 18:54:33,2026-08-15 18:53:46,2026-08-15 18:55:36,15.0,4.714285714285714,21.185635908113987,False,0.0,,,B,63.0,-47.0,110.0,solexs,4.143458635377904e-07
F1786823624,2026-08-15 19:53:44,2026-08-15 19:54:05,2026-08-15 19:55:30,18.0,5.9523809523809526,22.08365049188243,False,0.0,,,B,106.0,21.0,85.0,solexs,4.858386174718817e-07
F1786828090,2026-08-15 21:08:10,2026-08-15 21:10:06,2026-08-15 21:14:19,18.0,4.735561186780699,27.28035729690256,False,0.0,,,B,369.0,116.0,253.0,solexs,4.858386174718817e-07
F1786831203,2026-08-15 22:00:03,2026-08-15 21:58:36,2026-08-15 22:07:19,16.0,4.571428571428571,23.904572186687872,False,0.0,,,B,436.0,-87.0,523.0,solexs,4.3836253255338715e-07
F1786833541,2026-08-15 22:39:01,2026-08-15 22:41:16,2026-08-15 22:41:29,18.0,6.392777953753564,20.35685990723863,False,0.0,,,B,148.0,135.0,13.0,solexs,4.858386174718817e-07
F1786834028,2026-08-15 22:47:08,2026-08-15 22:54:30,2026-08-15 22:59:48,22.0,6.600464576074332,26.865363501123042,False,0.0,,,B,760.0,442.0,318.0,solexs,5.788663637004989e-07
F1786837119,2026-08-15 23:38:39,2026-08-15 23:43:29,2026-08-15 23:59:58,26.0,6.936490338929363,33.50102152207321,False,0.0,,,B,1279.0,290.0,989.0,solexs,6.697589503268807e-07
F1786932821,2026-08-17 02:13:41,2026-08-17 02:22:43,2026-08-17 02:48:27,98.0,13.560342096927464,108.78022673764848,False,0.0,,,C,2086.0,542.0,1544.0,solexs,2.1331175538364294e-06
F1786937157,2026-08-17 03:25:57,2026-08-17 03:47:25,2026-08-17 04:00:40,44.0,5.456340407559921,73.79334828790424,False,0.0,,,C,2083.0,1288.0,795.0,solexs,1.0602100965893052e-06
F1787019641,2026-08-18 02:20:41,2026-08-18 02:20:36,2026-08-18 02:39:33,30.0,6.456340407559921,41.437711035635054,False,0.0,,,B,1132.0,-5.0,1137.0,solexs,7.588861532643259e-07
F1787021815,2026-08-18 02:56:55,2026-08-18 02:57:56,2026-08-18 02:59:46,31.0,13.017843944673215,22.29769137975288,False,0.0,,,B,171.0,61.0,110.0,solexs,7.809247997705754e-07
F1787034285,2026-08-18 06:24:45,2026-08-18 06:25:10,2026-08-18 06:26:28,32.0,16.07538802660754,17.762460468962654,False,0.0,,,B,103.0,25.0,78.0,solexs,8.028733609749356e-07
F1787035307,2026-08-18 06:41:47,2026-08-18 06:43:04,2026-08-18 06:51:18,198.0,17.02776897898849,196.13182234089533,False,0.0,,,C,571.0,77.0,494.0,solexs,3.9416475005955315e-06
F1787036293,2026-08-18 06:58:13,2026-08-18 07:08:45,2026-08-18 07:17:42,60.0,17.204519058177596,46.232091410847154,False,0.0,,,C,1169.0,632.0,537.0,solexs,1.38992142626712e-06
F1787044223,2026-08-18 09:10:23,2026-08-18 09:11:20,2026-08-18 09:12:19,36.0,16.832647027768978,20.893726893084906,False,0.0,,,B,116.0,57.0,59.0,solexs,8.898271515792934e-07
F1787052379,2026-08-18 11:26:19,2026-08-18 11:29:23,2026-08-18 11:29:29,42.0,21.565410199556542,19.60227914014208,False,0.0,,,C,190.0,184.0,6.0,solexs,1.0180132038735514e-06
F1787052948,2026-08-18 11:35:48,2026-08-18 11:34:17,2026-08-18 11:37:51,41.0,21.955865272938446,18.203619575357035,False,0.0,,,B,123.0,-91.0,214.0,solexs,9.968196385014052e-07
F1787056942,2026-08-18 12:42:22,2026-08-18 13:05:04,2026-08-18 13:05:02,65.0,32.84109386548411,22.754531021816558,False,0.0,,,C,1360.0,1362.0,-2.0,solexs,1.4905248997952339e-06
F1787059388,2026-08-18 13:23:08,2026-08-18 13:31:15,2026-08-18 13:31:21,74.0,44.0412839193327,20.023470749145915,False,0.0,,,C,493.0,487.0,6.0,solexs,1.6691980436117363e-06
F1787060999,2026-08-18 13:49:59,2026-08-18 13:50:48,2026-08-18 14:09:36,75.0,39.67305458768874,23.169467793758013,False,0.0,,,C,1177.0,49.0,1128.0,solexs,1.6888743435205183e-06
F1787071368,2026-08-18 16:42:48,2026-08-18 16:59:31,2026-08-18 17:08:20,101.0,35.397634885439764,48.14787254664541,False,0.0,,,C,1532.0,1003.0,529.0,solexs,2.1900176390466558e-06
F1787073620,2026-08-18 17:20:20,2026-08-18 17:38:05,2026-08-18 18:18:01,123.0,46.16846161968114,49.24166750840631,False,0.0,,,C,3461.0,1065.0,2396.0,solexs,2.601155524350953e-06
F1787078021,2026-08-18 18:33:41,2026-08-18 18:41:46,2026-08-18 18:47:12,69.0,30.789673740893253,30.795921241078084,False,0.0,,,C,811.0,485.0,326.0,solexs,1.5702990755445013e-06
F1787080084,2026-08-18 19:08:04,2026-08-18 19:09:43,2026-08-18 19:13:00,55.0,27.694435645655158,23.20265113662913,False,0.0,,,C,296.0,99.0,197.0,solexs,1.2882466569926608e-06
F1787082900,2026-08-18 19:55:00,2026-08-18 20:16:37,2026-08-18 20:20:40,79.0,31.86295005807201,35.16313244628261,False,0.0,,,C,1540.0,1297.0,243.0,solexs,1.767251618210135e-06
F1787085656,2026-08-18 20:40:56,2026-08-18 20:41:39,2026-08-18 20:42:52,66.0,38.59655791363109,19.712562435660313,False,0.0,,,C,116.0,43.0,73.0,solexs,1.5105254568059737e-06
F1787086313,2026-08-18 20:51:53,2026-08-18 21:02:33,2026-08-18 21:06:22,139.0,32.31348326470278,83.93298057989905,False,0.0,,,C,869.0,640.0,229.0,solexs,2.89423389068372e-06
F1787088698,2026-08-18 21:31:38,2026-08-18 21:37:55,2026-08-18 21:46:10,75.0,32.47608489071904,33.38935173597369,False,0.0,,,C,872.0,377.0,495.0,solexs,1.6888743435205183e-06
F1787090576,2026-08-18 22:02:56,2026-08-18 22:04:08,2026-08-18 22:08:43,71.0,34.31348326470278,28.008449861356528,False,0.0,,,C,347.0,72.0,275.0,solexs,1.6099643235762207e-06
F1787091872,2026-08-18 22:24:32,2026-08-18 22:43:25,2026-08-18 22:50:07,103.0,25.586949635730125,68.2559198864153,False,0.0,,,C,1535.0,1133.0,402.0,solexs,2.227831596015032e-06
F1787094847,2026-08-18 23:14:07,2026-08-18 23:16:22,2026-08-18 23:19:30,49.0,25.07538802660754,21.366631969015675,False,0.0,,,C,323.0,135.0,188.0,solexs,1.164665386329856e-06
F1787095989,2026-08-18 23:33:09,2026-08-18 23:36:34,2026-08-18 23:58:57,121.0,27.980149931369446,79.04803193452658,False,0.0,,,C,1548.0,205.0,1343.0,solexs,2.5641914293234197e-06
F1787098189,2026-08-19 00:09:49,2026-08-19 00:37:36,2026-08-19 01:50:24,175.0,46.079611445465105,76.32231557022077,False,0.0,,,C,6035.0,1667.0,4368.0,solexs,3.538821986473048e-06
F1787106551,2026-08-19 02:29:11,2026-08-19 02:30:34,2026-08-19 02:35:40,64.0,23.26586421708373,37.72084640618392,False,0.0,,,C,389.0,83.0,306.0,solexs,1.4704852397135108e-06
F1787108061,2026-08-19 02:54:21,2026-08-19 02:56:54,2026-08-19 03:16:53,215.0,23.26586421708373,177.76851459136128,False,0.0,,,C,1352.0,153.0,1199.0,solexs,4.235547560565293e-06
F1787110500,2026-08-19 03:35:00,2026-08-19 03:44:19,2026-08-19 04:19:34,144.0,26.027768978988494,103.41328137096589,False,0.0,,,C,2674.0,559.0,2115.0,solexs,2.9849213724357506e-06
F1787113688,2026-08-19 04:28:08,2026-08-19 04:54:19,2026-08-19 05:19:26,285.0,21.78217717242108,216.44194188952866,False,0.0,,,C,3078.0,1571.0,1507.0,solexs,5.417216837338371e-06
F1787121198,2026-08-19 06:33:18,2026-08-19 06:34:35,2026-08-19 06:50:40,45.0,14.633407243163342,35.975467522926564,False,0.0,,,C,1042.0,77.0,965.0,solexs,1.0812166918717587e-06
F1787128575,2026-08-19 08:36:15,2026-08-19 08:42:27,2026-08-19 09:39:36,116.0,20.806673001794955,101.20527415326522,False,0.0,,,C,3801.0,372.0,3429.0,solexs,2.4714382376907434e-06
F1787137466,2026-08-19 11:04:26,2026-08-19 11:05:49,2026-08-19 11:11:22,48.0,17.84637313905607,31.909429447175526,False,0.0,,,C,416.0,83.0,333.0,solexs,1.1438870977039946e-06
F1787139083,2026-08-19 11:31:23,2026-08-19 11:36:55,2026-08-19 11:41:17,67.0,17.8372927885123,52.05786072836077,False,0.0,,,C,594.0,332.0,262.0,solexs,1.5304875778415327e-06
F1787141684,2026-08-19 12:14:44,2026-08-19 12:15:57,2026-08-19 12:18:44,53.0,17.31348326470278,38.35543669804597,False,0.0,,,C,240.0,73.0,167.0,solexs,1.2472527178803989e-06
F1787142606,2026-08-19 12:30:06,2026-08-19 12:30:49,2026-08-19 12:34:04,44.0,17.31348326470278,28.6823455178978,False,0.0,,,C,238.0,43.0,195.0,solexs,1.0602100965893052e-06
F1787146288,2026-08-19 13:31:28,2026-08-19 13:39:38,2026-08-19 13:56:09,283.0,20.86337239995777,262.1034205277529,False,0.0,,,C,1481.0,490.0,991.0,solexs,5.384012610183049e-06
F1787148267,2026-08-19 14:04:27,2026-08-19 14:06:46,2026-08-19 14:15:32,194.0,32.11149825783972,127.10640227961004,False,0.0,,,C,665.0,139.0,526.0,solexs,3.872037520951274e-06
F1787150779,2026-08-19 14:46:19,2026-08-19 14:47:33,2026-08-19 14:50:53,65.0,31.568577763699718,26.590241963273087,False,0.0,,,C,274.0,74.0,200.0,solexs,1.4905248997952339e-06
F1787152479,2026-08-19 15:14:39,2026-08-19 15:16:24,2026-08-19 15:31:09,358.0,31.50395945517897,260.1419233144457,False,0.0,,,C,990.0,105.0,885.0,solexs,6.610606223614413e-06
F1787154652,2026-08-19 15:50:52,2026-08-19 16:38:14,2026-08-19 16:46:59,163.0,32.18076232710379,102.29333270795256,False,0.0,,,C,3367.0,2842.0,525.0,solexs,3.3260195655655916e-06
F1787159658,2026-08-19 17:14:18,2026-08-19 17:17:31,2026-08-19 17:20:44,100.0,30.361102312321826,56.52077631056835,False,0.0,,,C,386.0,193.0,193.0,solexs,2.1710750989871012e-06
F1787160369,2026-08-19 17:26:09,2026-08-19 17:28:33,2026-08-19 17:34:10,67.0,30.361102312321826,29.73710109195875,False,0.0,,,C,481.0,144.0,337.0,solexs,1.5304875778415327e-06
F1787161924,2026-08-19 17:52:04,2026-08-19 18:01:17,2026-08-19 18:13:38,86.0,37.134199134199136,35.96777658223423,False,0.0,,,C,1294.0,553.0,741.0,solexs,1.9032193884271946e-06
F1787164052,2026-08-19 18:27:32,2026-08-19 18:49:11,2026-08-19 20:11:15,599.0,48.980149931369446,310.5855465878698,False,0.0,,,M,6223.0,1299.0,4924.0,solexs,1.0361097037766707e-05
F1787171823,2026-08-19 20:37:03,2026-08-19 20:39:59,2026-08-19 20:45:37,43.0,17.408721359940873,27.42985717321169,False,0.0,,,C,514.0,176.0,338.0,solexs,1.0391427984390398e-06
F1787172975,2026-08-19 20:56:15,2026-08-19 20:56:54,2026-08-19 20:59:54,38.0,16.345000527927358,23.86799853692772,False,0.0,,,B,219.0,39.0,180.0,solexs,9.328370266861128e-07
F1787176518,2026-08-19 21:55:18,2026-08-19 22:00:17,2026-08-19 22:14:31,63.0,18.649614613029247,46.65181892707378,False,0.0,,,C,1153.0,299.0,854.0,solexs,1.4504057872703728e-06
F1787178003,2026-08-19 22:20:03,2026-08-19 22:28:14,2026-08-19 22:50:58,62.0,22.328318023439977,34.097642800740054,False,0.0,,,C,1855.0,491.0,1364.0,solexs,1.430285829877857e-06
F1787183379,2026-08-19 23:49:39,2026-08-19 23:54:16,2026-08-20 00:12:25,84.0,18.31348326470278,68.64450099671056,False,0.0,,,C,1366.0,277.0,1089.0,solexs,1.864519939124312e-06
F1787186491,2026-08-20 00:41:31,2026-08-20 01:02:55,2026-08-20 01:31:18,85.0,25.694435645655158,51.48995167934006,False,0.0,,,C,2987.0,1284.0,1703.0,solexs,1.883884114052155e-06
F1787191034,2026-08-20 01:57:14,2026-08-20 01:56:54,2026-08-20 01:58:47,42.0,19.88491183613135,22.16575683385209,False,0.0,,,C,93.0,-20.0,113.0,solexs,1.0180132038735514e-06
F1787197217,2026-08-20 03:40:17,2026-08-20 03:43:20,2026-08-20 03:49:47,58.0,16.75884278323303,45.201771284212136,False,0.0,,,C,570.0,183.0,387.0,solexs,1.349385815476341e-06
F1787198801,2026-08-20 04:06:41,2026-08-20 04:07:48,2026-08-20 04:12:38,153.0,18.361102312321826,140.51936218480287,False,0.0,,,C,357.0,67.0,290.0,solexs,3.1471636149652157e-06
F1787200853,2026-08-20 04:40:53,2026-08-20 04:48:33,2026-08-20 05:19:22,154.0,18.963150670467744,138.79152808184318,False,0.0,,,C,2309.0,460.0,1849.0,solexs,3.1651145143986145e-06
F1787205757,2026-08-20 06:02:37,2026-08-20 06:02:48,2026-08-20 06:04:46,42.0,18.64681659803611,24.185704267598847,False,0.0,,,C,129.0,11.0,118.0,solexs,1.0180132038735514e-06
F1787207307,2026-08-20 06:28:27,2026-08-20 06:30:44,2026-08-20 06:33:47,55.0,16.932530883750395,41.37214743705586,False,0.0,,,C,320.0,137.0,183.0,solexs,1.2882466569926608e-06
F1787209322,2026-08-20 07:02:02,2026-08-20 07:09:43,2026-08-20 07:18:19,50.0,17.123007074226585,35.532445786986436,False,0.0,,,C,977.0,461.0,516.0,solexs,1.1853899070706525e-06
F1787211327,2026-08-20 07:35:27,2026-08-20 08:05:35,2026-08-20 09:08:53,1344.0,32.18963150670468,577.9576313119157,False,0.0,,,M,5606.0,1808.0,3798.0,solexs,2.0980774523733546e-05
F1787220067,2026-08-20 10:01:07,2026-08-20 10:19:32,2026-08-20 10:31:04,105.0,21.59449899693802,81.90936384467811,False,0.0,,,C,1797.0,1105.0,692.0,solexs,2.2655524468217783e-06
F1787225019,2026-08-20 11:23:39,2026-08-20 11:41:28,2026-08-20 12:30:56,6219.0,177.44081934325837,6127.26488136093,False,0.0,,,M,4037.0,1069.0,2968.0,solexs,7.992431159902302e-05
F1787229428,2026-08-20 12:37:08,2026-08-20 12:42:23,2026-08-20 14:15:30,315.0,44.932953225636155,97.93089873923856,False,0.0,,,C,5902.0,315.0,5587.0,solexs,5.911856102290243e-06
F1787238161,2026-08-20 15:02:41,2026-08-20 15:15:12,2026-08-20 15:23:17,73.0,20.88491183613135,50.999057665816345,False,0.0,,,C,1236.0,751.0,485.0,solexs,1.6494879576016124e-06
F1787241301,2026-08-20 15:55:01,2026-08-20 16:11:42,2026-08-20 17:00:27,2204.0,40.769929257734134,2123.5934151442993,False,0.0,,,M,3926.0,1001.0,2925.0,solexs,3.23119355394242e-05
F1787246394,2026-08-20 17:19:54,2026-08-20 17:22:14,2026-08-20 17:39:06,97.0,39.78967374089326,40.28424197498617,False,0.0,,,C,1152.0,140.0,1012.0,solexs,2.114101994572128e-06
F1787247985,2026-08-20 17:46:25,2026-08-20 17:51:06,2026-08-20 18:14:56,108.0,30.84452539330588,55.613657266623704,False,0.0,,,C,1711.0,281.0,1430.0,solexs,2.3219634943465185e-06
F1787250229,2026-08-20 18:23:49,2026-08-20 18:27:35,2026-08-20 18:39:44,50.0,22.85835709006441,25.042022546011466,False,0.0,,,C,955.0,226.0,729.0,solexs,1.1853899070706525e-06
F1787252923,2026-08-20 19:08:43,2026-08-20 19:13:06,2026-08-20 19:26:16,48.0,17.88491183613135,31.5466143658065,False,0.0,,,C,1053.0,263.0,790.0,solexs,1.1438870977039946e-06
F1787254962,2026-08-20 19:42:42,2026-08-20 20:08:48,2026-08-20 20:16:26,79.0,19.437968535529514,51.83353309188295,False,0.0,,,C,2024.0,1566.0,458.0,solexs,1.767251618210135e-06
F1787259809,2026-08-20 21:03:29,2026-08-20 21:08:52,2026-08-20 21:41:24,116.0,23.150881638686517,85.38988734832479,False,0.0,,,C,2275.0,323.0,1952.0,solexs,2.4714382376907434e-06
F1787264372,2026-08-20 22:19:32,2026-08-20 22:21:12,2026-08-20 22:21:47,37.0,16.07538802660754,23.339507023893145,False,0.0,,,B,135.0,100.0,35.0,solexs,9.113689870620098e-07
F1787265149,2026-08-20 22:32:29,2026-08-20 22:40:35,2026-08-20 22:50:51,52.0,16.599197550417063,38.933354498417835,False,0.0,,,C,1102.0,486.0,616.0,solexs,1.2266824364751102e-06
F1787266675,2026-08-20 22:57:55,2026-08-20 22:59:57,2026-08-20 23:05:44,52.0,21.442825467215712,29.316981523389035,False,0.0,,,C,469.0,122.0,347.0,solexs,1.2266824364751102e-06
F1787269204,2026-08-20 23:40:04,2026-08-20 23:43:47,2026-08-20 23:58:36,158.0,20.648822721993454,135.65272329933813,False,0.0,,,C,1112.0,223.0,889.0,solexs,3.2367712590216926e-06
F1787271441,2026-08-21 00:17:21,2026-08-21 00:25:44,2026-08-21 01:04:03,107.0,29.361102312321826,64.07788671554088,False,0.0,,,C,2802.0,503.0,2299.0,solexs,2.3031821878898074e-06
F1787275253,2026-08-21 01:20:53,2026-08-21 01:24:50,2026-08-21 01:33:59,59.0,26.408721359940873,28.362382517191083,False,0.0,,,C,786.0,237.0,549.0,solexs,1.3696754273924648e-06
F1787276419,2026-08-21 01:40:19,2026-08-21 02:19:49,2026-08-21 03:32:21,362.0,28.63224580297751,161.59023352149975,False,0.0,,,C,6722.0,2370.0,4352.0,solexs,6.675045330570769e-06
F1787284221,2026-08-21 03:50:21,2026-08-21 03:53:52,2026-08-21 03:57:07,41.0,15.932530883750397,28.085560915738064,False,0.0,,,B,406.0,211.0,195.0,solexs,9.968196385014052e-07
F1787288751,2026-08-21 05:05:51,2026-08-21 05:09:21,2026-08-21 05:14:43,57.0,15.21623904550734,47.97831105710451,False,0.0,,,C,532.0,210.0,322.0,solexs,1.329051742096738e-06
F1787290982,2026-08-21 05:43:02,2026-08-21 05:54:59,2026-08-21 06:13:20,67.0,20.33164396579031,47.063199499344954,False,0.0,,,C,1818.0,717.0,1101.0,solexs,1.5304875778415327e-06
F1787293766,2026-08-21 06:29:26,2026-08-21 06:34:52,2026-08-21 06:57:44,327.0,24.361102312321826,274.21504337502705,False,0.0,,,C,1698.0,326.0,1372.0,solexs,6.108009555058661e-06
F1787296052,2026-08-21 07:07:32,2026-08-21 07:11:30,2026-08-21 07:19:18,64.0,22.218245169464684,39.64120037046255,False,0.0,,,C,706.0,238.0,468.0,solexs,1.4704852397135108e-06
F1787297356,2026-08-21 07:29:16,2026-08-21 07:32:59,2026-08-21 08:09:40,77.0,17.698764649984163,51.975186985103036,False,0.0,,,C,2424.0,223.0,2201.0,solexs,1.7281275999348735e-06
F1787303242,2026-08-21 09:07:22,2026-08-21 10:17:24,2026-08-21 15:07:22,1039.0,191.14000633512825,140.78169012071632,False,0.0,,,M,21600.0,4202.0,17398.0,solexs,1.6758261683235398e-05
F1787325926,2026-08-21 15:25:26,2026-08-21 15:30:34,2026-08-21 16:18:08,115.0,52.393728222996515,35.76634317428761,False,0.0,,,C,3162.0,308.0,2854.0,solexs,2.452827301204531e-06
F1787334566,2026-08-21 17:49:26,2026-08-21 17:53:17,2026-08-21 18:14:36,158.0,28.479885967690848,103.71333452913917,False,0.0,,,C,1510.0,231.0,1279.0,solexs,3.2367712590216926e-06
F1787336848,2026-08-21 18:27:28,2026-08-21 18:31:49,2026-08-21 18:36:03,81.0,23.923028191320874,52.20137275921816,False,0.0,,,C,515.0,261.0,254.0,solexs,1.8062500804429226e-06
F1787343531,2026-08-21 20:18:51,2026-08-21 20:20:06,2026-08-21 20:23:11,46.0,18.09027557808046,29.331814827379514,False,0.0,,,C,260.0,75.0,185.0,solexs,1.1021641026014044e-06
F1787345469,2026-08-21 20:51:09,2026-08-21 20:59:38,2026-08-21 21:38:06,190.0,28.469010664132618,169.6720010140002,False,0.0,,,C,2817.0,509.0,2308.0,solexs,3.8022450800029513e-06
F1787361609,2026-08-22 01:20:09,2026-08-22 01:24:48,2026-08-22 01:32:56,37.0,14.25520008446838,27.066791474062796,False,0.0,,,B,767.0,279.0,488.0,solexs,9.113689870620098e-07
F1787375383,2026-08-22 05:09:43,2026-08-22 05:10:31,2026-08-22 05:14:15,37.0,12.834230809840566,30.438177875640275,False,0.0,,,B,272.0,48.0,224.0,solexs,9.113689870620098e-07
F1787388230,2026-08-22 08:43:50,2026-08-22 08:48:39,2026-08-22 08:54:10,43.0,18.651356773307995,25.15498044566709,False,0.0,,,C,620.0,289.0,331.0,solexs,1.0391427984390398e-06
F1787390937,2026-08-22 09:28:57,2026-08-22 09:51:27,2026-08-22 10:43:25,62.0,23.77541970224897,33.84892878519044,False,0.0,,,C,4468.0,1350.0,3118.0,solexs,1.430285829877857e-06
F1787405086,2026-08-22 13:24:46,2026-08-22 13:25:54,2026-08-22 13:29:54,35.0,11.913103157005597,30.069739574234646,False,0.0,,,B,308.0,68.0,240.0,solexs,8.682092054493216e-07
F1787422020,2026-08-22 18:07:00,2026-08-22 18:21:55,2026-08-22 18:37:22,51.0,10.7455390138317,53.22878424201793,False,0.0,,,C,1822.0,895.0,927.0,solexs,1.2060618704286024e-06
F1787429276,2026-08-22 20:07:56,2026-08-22 20:09:16,2026-08-22 20:13:15,30.0,10.746172526660333,26.307810404688652,False,0.0,,,B,319.0,80.0,239.0,solexs,7.588861532643259e-07
F1787459332,2026-08-23 04:28:52,2026-08-23 04:35:43,2026-08-23 04:40:30,36.0,11.913525498891353,31.046509212658272,False,0.0,,,B,698.0,411.0,287.0,solexs,8.898271515792934e-07
F1787461414,2026-08-23 05:03:34,2026-08-23 05:04:16,2026-08-23 05:12:16,29.0,10.295639320029565,25.444929581818233,False,0.0,,,B,522.0,42.0,480.0,solexs,7.367540289860129e-07
F1787466689,2026-08-23 06:31:29,2026-08-23 06:51:07,2026-08-23 07:42:33,208.0,20.46499841621793,232.095427198022,False,0.0,,,C,4264.0,1178.0,3086.0,solexs,4.114900984227645e-06
F1787479524,2026-08-23 10:05:24,2026-08-23 10:08:33,2026-08-23 10:14:38,71.0,12.30239679020167,75.153994366109,False,0.0,,,C,554.0,189.0,365.0,solexs,1.6099643235762207e-06
F1787486956,2026-08-23 12:09:16,2026-08-23 12:11:09,2026-08-23 12:10:59,28.0,11.694435645655158,21.323632961456784,False,0.0,,,B,103.0,113.0,-10.0,solexs,7.145247849646818e-07
F1787488709,2026-08-23 12:38:29,2026-08-23 12:39:50,2026-08-23 12:44:37,33.0,13.766761693590963,23.301992338783432,False,0.0,,,B,368.0,81.0,287.0,solexs,8.247350041951388e-07
F1787490193,2026-08-23 13:03:13,2026-08-23 13:03:08,2026-08-23 13:04:35,31.0,14.07538802660754,20.174534847434487,False,0.0,,,B,82.0,-5.0,87.0,solexs,7.809247997705754e-07
F1787490793,2026-08-23 13:13:13,2026-08-23 13:15:24,2026-08-23 13:19:23,72.0,13.61060078133249,70.59864559727221,False,0.0,,,C,370.0,131.0,239.0,solexs,1.6297435634242153e-06
F1787492464,2026-08-23 13:41:04,2026-08-23 13:42:08,2026-08-23 13:43:53,36.0,13.456340407559921,27.483746449866505,False,0.0,,,B,169.0,64.0,105.0,solexs,8.898271515792934e-07
F1787495437,2026-08-23 14:30:37,2026-08-23 14:31:58,2026-08-23 14:35:14,29.0,11.837292788512302,22.308717122868554,False,0.0,,,B,277.0,81.0,196.0,solexs,7.367540289860129e-07
F1787496231,2026-08-23 14:43:51,2026-08-23 14:45:04,2026-08-23 14:54:55,35.0,11.493189737092177,30.605423817978455,False,0.0,,,B,664.0,73.0,591.0,solexs,8.682092054493216e-07
F1787500099,2026-08-23 15:48:19,2026-08-23 15:48:28,2026-08-23 15:49:39,25.0,11.561081195227537,17.6794749558303,False,0.0,,,B,80.0,9.0,71.0,solexs,6.472135544461507e-07
F1787502109,2026-08-23 16:21:49,2026-08-23 16:29:11,2026-08-23 16:45:05,48.0,11.361102312321826,48.61241104624555,False,0.0,,,C,1396.0,442.0,954.0,solexs,1.1438870977039946e-06
F1787506547,2026-08-23 17:35:47,2026-08-23 17:35:47,2026-08-23 17:42:37,30.0,13.008869179600888,20.49091438536485,False,0.0,,,B,410.0,0.0,410.0,solexs,7.588861532643259e-07
F1787508580,2026-08-23 18:09:40,2026-08-23 18:12:56,2026-08-23 18:29:06,39.0,12.613240418118469,33.05836157757431,False,0.0,,,B,1166.0,196.0,970.0,solexs,9.542334558471005e-07
F1787513458,2026-08-23 19:30:58,2026-08-23 19:35:52,2026-08-23 19:56:06,125.0,14.186991869918701,130.76968109637943,False,0.0,,,C,1508.0,294.0,1214.0,solexs,2.638043390972882e-06
F1787521980,2026-08-23 21:53:00,2026-08-23 22:02:50,2026-08-23 22:48:00,143.0,16.26934853764122,140.7294009339784,False,0.0,,,C,3300.0,590.0,2710.0,solexs,2.9668162944589497e-06
F1787529220,2026-08-23 23:53:40,2026-08-23 23:54:44,2026-08-23 23:54:48,25.0,10.64681659803611,19.672218775081873,False,0.0,,,B,68.0,64.0,4.0,solexs,6.472135544461507e-07
F1787616017,2026-08-25 00:00:17,2026-08-25 00:00:04,2026-08-25 00:02:48,22.0,9.874635611623251,17.25048435933566,False,0.0,,,B,151.0,-13.0,164.0,solexs,5.788663637004989e-07
F1787617182,2026-08-25 00:19:42,2026-08-25 00:18:22,2026-08-25 00:39:27,22.0,7.372611128708689,22.014643555223618,False,0.0,,,B,1185.0,-80.0,1265.0,solexs,5.788663637004989e-07
F1787619920,2026-08-25 01:05:20,2026-08-25 01:25:14,2026-08-25 03:07:29,1236.0,41.80324147397318,1742.075464112672,False,0.0,,,M,7329.0,1194.0,6135.0,solexs,1.9501110149717874e-05
F1787627957,2026-08-25 03:19:17,2026-08-25 04:02:36,2026-08-25 05:01:22,595.0,31.714285714285715,329.7151799856298,False,0.0,,,M,6125.0,2599.0,3526.0,solexs,1.0300665795666308e-05
F1787635152,2026-08-25 05:19:12,2026-08-25 05:29:34,2026-08-25 05:38:07,47.0,16.47091120261852,33.73333397188181,False,0.0,,,C,1135.0,622.0,513.0,solexs,1.1230537769694857e-06
F1787637179,2026-08-25 05:52:59,2026-08-25 05:55:17,2026-08-25 06:14:56,51.0,16.38095238095238,38.25256308409632,False,0.0,,,C,1317.0,138.0,1179.0,solexs,1.2060618704286024e-06
F1787639637,2026-08-25 06:33:57,2026-08-25 06:39:44,2026-08-25 07:03:07,1213.0,19.07243163340724,1226.0378541253858,False,0.0,,,M,1750.0,347.0,1403.0,solexs,1.9183917513309075e-05
F1787641823,2026-08-25 07:10:23,2026-08-25 07:28:36,2026-08-25 08:19:56,321.0,34.676697286453376,177.3314287864441,False,0.0,,,C,4173.0,1093.0,3080.0,solexs,6.0100492006988376e-06
F1787647757,2026-08-25 08:49:17,2026-08-25 08:54:25,2026-08-25 08:56:41,49.0,24.681448632668143,21.850931362636707,False,0.0,,,C,444.0,308.0,136.0,solexs,1.164665386329856e-06
F1787649000,2026-08-25 09:10:00,2026-08-25 10:02:15,2026-08-25 12:20:56,5067.0,68.65864217083728,1647.8116820553,False,0.0,,,M,11456.0,3135.0,8321.0,solexs,6.683502755074218e-05
F1787661404,2026-08-25 12:36:44,2026-08-25 12:57:49,2026-08-25 14:20:17,243.0,45.85471439129976,120.36030061412835,False,0.0,,,C,6213.0,1265.0,4948.0,solexs,4.713327460288441e-06
F1787668552,2026-08-25 14:35:52,2026-08-25 14:44:33,2026-08-25 14:57:48,41.0,19.20483581459191,22.154936309551303,False,0.0,,,B,1316.0,521.0,795.0,solexs,9.968196385014052e-07
F1787672287,2026-08-25 15:38:07,2026-08-25 15:41:01,2026-08-25 15:59:39,47.0,14.967585260268187,35.289625850939565,False,0.0,,,C,1292.0,174.0,1118.0,solexs,1.1230537769694857e-06
F1787683631,2026-08-25 18:47:11,2026-08-25 18:52:27,2026-08-25 19:05:23,37.0,8.285714285714285,43.498152244900936,False,0.0,,,B,1092.0,316.0,776.0,solexs,9.113689870620098e-07
F1787685942,2026-08-25 19:25:42,2026-08-25 19:26:30,2026-08-25 19:32:52,24.0,7.358885017421602,27.134841304805683,False,0.0,,,B,430.0,48.0,382.0,solexs,6.245533473619894e-07
F1787691131,2026-08-25 20:52:11,2026-08-25 20:52:58,2026-08-25 21:13:43,20.0,5.333333333333333,25.521714871094012,False,0.0,,,B,1292.0,47.0,1245.0,solexs,5.326482637068238e-07
F1787693514,2026-08-25 21:31:54,2026-08-25 21:33:18,2026-08-25 21:41:31,19.0,5.333333333333333,26.46538619908402,False,0.0,,,B,577.0,84.0,493.0,solexs,5.093216705821942e-07
F1787698878,2026-08-25 23:01:18,2026-08-25 23:03:07,2026-08-25 23:10:19,23.0,4.666666666666666,37.9321560182658,False,0.0,,,B,541.0,109.0,432.0,solexs,6.017729205999474e-07
F1787704243,2026-08-26 00:30:43,2026-08-26 00:55:12,2026-08-26 01:07:45,38.0,6.941294477879843,48.6707131856006,False,0.0,,,B,2222.0,1469.0,753.0,solexs,9.328370266861128e-07
F1787709317,2026-08-26 01:55:17,2026-08-26 02:01:58,2026-08-26 02:13:35,24.0,7.41632351388449,27.298552110296516,False,0.0,,,B,1098.0,401.0,697.0,solexs,6.245533473619894e-07
F1787725834,2026-08-26 06:30:34,2026-08-26 06:33:53,2026-08-26 07:16:36,1513.0,10.402069475240207,2963.1630796349505,False,0.0,,,M,2762.0,199.0,2563.0,solexs,2.32664865428943e-05
F1787729532,2026-08-26 07:32:12,2026-08-26 07:32:58,2026-08-26 07:53:33,24.0,7.514623587794319,23.80134612441014,False,0.0,,,B,1281.0,46.0,1235.0,solexs,6.245533473619894e-07
F1787744659,2026-08-26 11:44:19,2026-08-26 12:14:23,2026-08-26 13:13:54,598.0,14.317125963467426,689.474721640825,False,0.0,,,M,5375.0,1804.0,3571.0,solexs,1.0345994043235332e-05
F1787751420,2026-08-26 13:37:00,2026-08-26 13:43:59,2026-08-26 14:03:23,33.0,8.38095238095238,37.17863406624082,False,0.0,,,B,1583.0,419.0,1164.0,solexs,8.247350041951388e-07
F1787756479,2026-08-26 15:01:19,2026-08-26 15:07:21,2026-08-26 15:15:41,22.0,6.9523809523809526,25.522076447086093,False,0.0,,,B,862.0,362.0,500.0,solexs,5.788663637004989e-07
F1787759706,2026-08-26 15:55:06,2026-08-26 16:06:17,2026-08-26 16:13:16,27.0,10.284236089114138,23.255249693465643,False,0.0,,,B,1090.0,671.0,419.0,solexs,6.921945017799407e-07
F1787761903,2026-08-26 16:31:43,2026-08-26 16:32:53,2026-08-26 16:47:19,23.0,7.972547777425826,22.44363924221585,False,0.0,,,B,936.0,70.0,866.0,solexs,6.017729205999474e-07
F1787766248,2026-08-26 17:44:08,2026-08-26 17:45:31,2026-08-26 17:55:56,29.0,5.634885439763488,42.45112520506655,False,0.0,,,B,708.0,83.0,625.0,solexs,7.367540289860129e-07
F1787771299,2026-08-26 19:08:19,2026-08-26 19:11:35,2026-08-26 19:41:11,43.0,5.571428571428571,74.15424332027942,False,0.0,,,C,1972.0,196.0,1776.0,solexs,1.0391427984390398e-06
F1787774089,2026-08-26 19:54:49,2026-08-26 19:56:57,2026-08-26 20:04:05,21.0,5.290993559286242,29.745222254288986,False,0.0,,,B,556.0,128.0,428.0,solexs,5.55827192573561e-07
F1787780068,2026-08-26 21:34:28,2026-08-26 21:40:20,2026-08-26 22:06:03,157.0,4.725424981522542,321.08515074470057,False,0.0,,,C,1895.0,352.0,1543.0,solexs,3.2188788887340445e-06
F1787783915,2026-08-26 22:38:35,2026-08-26 22:51:39,2026-08-26 23:31:35,35.0,8.96241157216767,38.81454512986331,False,0.0,,,B,3180.0,784.0,2396.0,solexs,8.682092054493216e-07
F1787787981,2026-08-26 23:46:21,2026-08-26 23:47:47,2026-08-26 23:50:01,21.0,6.761904761904762,24.48681874848576,False,0.0,,,B,220.0,86.0,134.0,solexs,5.55827192573561e-07
F1787789452,2026-08-27 00:10:52,2026-08-27 00:12:57,2026-08-27 00:23:34,29.0,6.369337979094077,39.489675474080144,False,0.0,,,B,762.0,125.0,637.0,solexs,7.367540289860129e-07
F1787792623,2026-08-27 01:03:43,2026-08-27 01:04:53,2026-08-27 01:10:52,19.0,6.206472389399218,23.166052867401547,False,0.0,,,B,429.0,70.0,359.0,solexs,5.093216705821942e-07
F1787794590,2026-08-27 01:36:30,2026-08-27 01:41:35,2026-08-27 02:39:16,263.0,6.476190476190476,450.798925096708,False,0.0,,,C,3766.0,305.0,3461.0,solexs,5.050290409318322e-06
F1787800402,2026-08-27 03:13:22,2026-08-27 03:15:58,2026-08-27 03:23:09,30.0,7.19047619047619,38.1332643182001,False,0.0,,,B,587.0,156.0,431.0,solexs,7.588861532643259e-07
F1787802161,2026-08-27 03:42:41,2026-08-27 03:49:51,2026-08-27 04:05:11,53.0,7.043395628761481,76.46448932100441,False,0.0,,,C,1350.0,430.0,920.0,solexs,1.2472527178803989e-06
F1787804891,2026-08-27 04:28:11,2026-08-27 04:30:53,2026-08-27 04:57:19,22.0,5.851546827156583,27.48347048653527,False,0.0,,,B,1748.0,162.0,1586.0,solexs,5.788663637004989e-07
F1787808528,2026-08-27 05:28:48,2026-08-27 05:53:42,2026-08-27 06:04:02,46.0,4.523809523809524,94.38345305991672,False,0.0,,,C,2114.0,1494.0,620.0,solexs,1.1021641026014044e-06
F1787812073,2026-08-27 06:27:53,2026-08-27 06:37:34,2026-08-27 06:56:42,35.0,4.184141062189843,69.67664432204457,False,0.0,,,B,1729.0,581.0,1148.0,solexs,8.682092054493216e-07
F1787814273,2026-08-27 07:04:33,2026-08-27 07:07:41,2026-08-27 07:14:44,48.0,4.428571428571429,92.59445295963472,False,0.0,,,C,611.0,188.0,423.0,solexs,1.1438870977039946e-06
F1787819404,2026-08-27 08:30:04,2026-08-27 08:28:49,2026-08-27 08:33:43,18.0,4.571428571428571,28.08787231935825,False,0.0,,,B,219.0,-75.0,294.0,solexs,4.858386174718817e-07
F1787821455,2026-08-27 09:04:15,2026-08-27 09:08:18,2026-08-27 09:15:43,25.0,5.260057016154577,38.60916581220115,False,0.0,,,B,688.0,243.0,445.0,solexs,6.472135544461507e-07
F1787823150,2026-08-27 09:32:30,2026-08-27 09:43:29,2026-08-27 09:43:42,16.0,4.476190476190476,24.358850481043888,False,0.0,,,B,672.0,659.0,13.0,solexs,4.3836253255338715e-07
F1787824532,2026-08-27 09:55:32,2026-08-27 09:56:06,2026-08-27 09:57:39,16.0,4.476190476190476,24.358850481043888,False,0.0,,,B,127.0,34.0,93.0,solexs,4.3836253255338715e-07
F1787828520,2026-08-27 11:02:00,2026-08-27 11:05:43,2026-08-27 11:05:24,15.0,4.278428888184985,23.07781336285299,False,0.0,,,B,204.0,223.0,-19.0,solexs,4.143458635377904e-07
F1787832633,2026-08-27 12:10:33,2026-08-27 12:35:05,2026-08-27 13:20:53,34.0,6.536690951325097,39.282805896549704,False,0.0,,,B,4220.0,1472.0,2748.0,solexs,8.465126929032813e-07
F1787853344,2026-08-27 17:55:44,2026-08-27 17:59:33,2026-08-27 18:01:28,16.0,4.285714285714286,25.305749393783078,False,0.0,,,B,344.0,229.0,115.0,solexs,4.3836253255338715e-07
F1787865064,2026-08-27 21:11:04,2026-08-27 21:17:04,2026-08-27 21:19:27,15.0,3.8571428571428568,25.37340189666186,False,0.0,,,B,503.0,360.0,143.0,solexs,4.143458635377904e-07
F1787875544,2026-08-28 00:05:44,2026-08-28 00:09:47,2026-08-28 00:15:44,16.0,3.3675430260796113,31.007966704643778,False,0.0,,,B,600.0,243.0,357.0,solexs,4.3836253255338715e-07
F1787878319,2026-08-28 00:51:59,2026-08-28 00:55:52,2026-08-28 01:04:20,17.0,3.6847217822827574,31.416493662348547,False,0.0,,,B,741.0,233.0,508.0,solexs,4.6218926413135106e-07
F1787889316,2026-08-28 03:55:16,2026-08-28 03:55:48,2026-08-28 03:56:58,15.0,3.333333333333333,28.577380332470415,False,0.0,,,B,102.0,32.0,70.0,solexs,4.143458635377904e-07
F1787890612,2026-08-28 04:16:52,2026-08-28 04:22:09,2026-08-28 04:47:39,38.0,3.622901488755147,84.20635018994113,False,0.0,,,B,1847.0,317.0,1530.0,solexs,9.328370266861128e-07
F1787911446,2026-08-28 10:04:06,2026-08-28 10:07:09,2026-08-28 10:07:07,14.0,3.714285714285714,23.867767588744652,False,0.0,,,B,181.0,183.0,-2.0,solexs,3.901249057870534e-07
F1787919411,2026-08-28 12:16:51,2026-08-28 12:18:18,2026-08-28 12:19:56,20.0,4.857142857142857,30.727864889579767,False,0.0,,,B,185.0,87.0,98.0,solexs,5.326482637068238e-07
F1787920603,2026-08-28 12:36:43,2026-08-28 12:45:54,2026-08-28 12:51:13,19.0,4.40639847956921,31.398021368014273,False,0.0,,,B,870.0,551.0,319.0,solexs,5.093216705821942e-07
F1787941716,2026-08-28 18:28:36,2026-08-28 18:29:02,2026-08-28 18:30:33,11.0,3.714285714285714,16.906335375360797,False,0.0,,,B,117.0,26.0,91.0,solexs,3.160564760718753e-07
F1787988237,2026-08-29 07:23:57,2026-08-29 07:26:33,2026-08-29 07:31:29,18.0,3.571428571428571,34.14423189103207,False,0.0,,,B,452.0,156.0,296.0,solexs,4.858386174718817e-07
F1787992397,2026-08-29 08:33:17,2026-08-29 08:37:50,2026-08-29 08:53:54,16.0,4.274363847534579,25.330269142668403,False,0.0,,,B,1237.0,273.0,964.0,solexs,4.3836253255338715e-07
F1787995584,2026-08-29 09:26:24,2026-08-29 09:31:04,2026-08-29 09:41:31,19.0,4.365167352972231,31.524886923847035,False,0.0,,,B,907.0,280.0,627.0,solexs,5.093216705821942e-07
F1788004566,2026-08-29 11:56:06,2026-08-29 12:11:46,2026-08-29 12:37:44,44.0,6.476190476190476,66.79132976060929,False,0.0,,,C,2498.0,940.0,1558.0,solexs,1.0602100965893052e-06
F1788009594,2026-08-29 13:19:54,2026-08-29 13:24:37,2026-08-29 13:32:26,37.0,5.428571428571429,60.59913893033253,False,0.0,,,B,752.0,283.0,469.0,solexs,9.113689870620098e-07
F1788011773,2026-08-29 13:56:13,2026-08-29 13:58:16,2026-08-29 14:11:02,33.0,5.619047619047619,51.65735811378865,False,0.0,,,B,889.0,123.0,766.0,solexs,8.247350041951388e-07
F1788014752,2026-08-29 14:45:52,2026-08-29 14:49:51,2026-08-29 15:11:05,30.0,6.0,43.976348288018826,False,0.0,,,B,1513.0,239.0,1274.0,solexs,7.588861532643259e-07
F1788028562,2026-08-29 18:36:02,2026-08-29 18:41:54,2026-08-29 18:48:51,30.0,4.0476190476190474,57.688917518720984,False,0.0,,,B,769.0,352.0,417.0,solexs,7.588861532643259e-07
F1788032432,2026-08-29 19:40:32,2026-08-29 19:41:58,2026-08-29 19:46:02,14.0,3.8095238095238093,23.349314255251187,False,0.0,,,B,330.0,86.0,244.0,solexs,3.901249057870534e-07
F1788052574,2026-08-30 01:16:14,2026-08-30 01:20:48,2026-08-30 01:37:14,153.0,3.333333333333333,346.0071065302538,False,0.0,,,C,1260.0,274.0,986.0,solexs,3.1471636149652157e-06
F1788055220,2026-08-30 02:00:20,2026-08-30 02:01:38,2026-08-30 02:02:50,15.0,3.333333333333333,28.577380332470415,False,0.0,,,B,150.0,78.0,72.0,solexs,4.143458635377904e-07
F1788056110,2026-08-30 02:15:10,2026-08-30 02:14:53,2026-08-30 02:17:36,13.0,3.779326364692218,21.36813801874762,False,0.0,,,B,146.0,-17.0,163.0,solexs,3.656831126008119e-07
F1788057469,2026-08-30 02:37:49,2026-08-30 02:39:34,2026-08-30 02:39:44,13.0,3.510452961672473,22.699254959349076,False,0.0,,,B,115.0,105.0,10.0,solexs,3.656831126008119e-07
F1788062183,2026-08-30 03:56:23,2026-08-30 03:58:37,2026-08-30 04:01:47,14.0,3.124379685355295,27.386849327711843,False,0.0,,,B,324.0,134.0,190.0,solexs,3.901249057870534e-07
F1788070999,2026-08-30 06:23:19,2026-08-30 06:26:13,2026-08-30 06:33:01,18.0,4.220040122479146,29.82474747889516,False,0.0,,,B,582.0,174.0,408.0,solexs,4.858386174718817e-07
F1788073950,2026-08-30 07:12:30,2026-08-30 07:25:38,2026-08-30 07:31:23,21.0,3.8867595818815333,38.635269150861426,False,0.0,,,B,1133.0,788.0,345.0,solexs,5.55827192573561e-07
F1788082624,2026-08-30 09:37:04,2026-08-30 09:39:36,2026-08-30 09:44:02,16.0,5.146552634357512,21.598614358121072,False,0.0,,,B,418.0,152.0,266.0,solexs,4.3836253255338715e-07
F1788089556,2026-08-30 11:32:36,2026-08-30 11:33:09,2026-08-30 11:38:00,20.0,4.817337134410305,31.474210921136425,False,0.0,,,B,324.0,33.0,291.0,solexs,5.326482637068238e-07
F1788091488,2026-08-30 12:04:48,2026-08-30 12:13:08,2026-08-30 12:22:08,23.0,7.018371872030408,27.07233909449692,False,0.0,,,B,1040.0,500.0,540.0,solexs,6.017729205999474e-07
F1788094281,2026-08-30 12:51:21,2026-08-30 12:58:13,2026-08-30 13:21:27,31.0,7.24611973392461,37.1538708878179,False,0.0,,,B,1806.0,412.0,1394.0,solexs,7.809247997705754e-07
F1788104535,2026-08-30 15:42:15,2026-08-30 15:42:29,2026-08-30 15:48:26,15.0,4.476190476190476,22.245065935168178,False,0.0,,,B,371.0,14.0,357.0,solexs,4.143458635377904e-07
F1788107197,2026-08-30 16:26:37,2026-08-30 16:55:42,2026-08-30 17:59:37,86.0,7.378101573223525,106.94370916570008,False,0.0,,,C,5580.0,1745.0,3835.0,solexs,1.9032193884271946e-06
F1788115019,2026-08-30 18:36:59,2026-08-30 18:37:25,2026-08-30 18:38:42,14.0,4.118361313483264,21.726941060787233,False,0.0,,,B,103.0,26.0,77.0,solexs,3.901249057870534e-07
F1788119634,2026-08-30 19:53:54,2026-08-30 20:01:42,2026-08-30 20:18:54,18.0,4.167775314116778,28.900484361802114,False,0.0,,,B,1500.0,468.0,1032.0,solexs,4.858386174718817e-07
F1788125902,2026-08-30 21:38:22,2026-08-30 21:43:35,2026-08-30 21:58:02,24.0,3.621159328476401,47.90681769254668,False,0.0,,,B,1180.0,313.0,867.0,solexs,6.245533473619894e-07
F1788128694,2026-08-30 22:24:54,2026-08-30 22:22:55,2026-08-30 22:30:43,16.0,4.1287614824200185,24.271283716267696,False,0.0,,,B,349.0,-119.0,468.0,solexs,4.3836253255338715e-07
F1788129512,2026-08-30 22:38:32,2026-08-30 22:41:31,2026-08-30 22:44:04,16.0,3.6009925034315278,29.265368272780808,False,0.0,,,B,332.0,179.0,153.0,solexs,4.3836253255338715e-07
F1788143395,2026-08-31 02:29:55,2026-08-31 02:31:12,2026-08-31 02:35:46,17.0,4.162126491394784,28.292655069574444,False,0.0,,,B,351.0,77.0,274.0,solexs,4.6218926413135106e-07
F1788145957,2026-08-31 03:12:37,2026-08-31 03:33:20,2026-08-31 03:41:21,35.0,5.1426459719142645,53.535299397505206,False,0.0,,,B,1724.0,1243.0,481.0,solexs,8.682092054493216e-07
F1788148346,2026-08-31 03:52:26,2026-08-31 03:55:00,2026-08-31 03:56:48,18.0,4.904761904761905,26.44353014706863,False,0.0,,,B,262.0,154.0,108.0,solexs,4.858386174718817e-07
F1788152990,2026-08-31 05:09:50,2026-08-31 05:10:00,2026-08-31 05:19:50,16.0,4.964945623482208,22.28335147156286,False,0.0,,,B,600.0,10.0,590.0,solexs,4.3836253255338715e-07
F1788154600,2026-08-31 05:36:40,2026-08-31 05:38:55,2026-08-31 05:52:37,18.0,6.142857142857142,21.394879382398386,False,0.0,,,B,957.0,135.0,822.0,solexs,4.858386174718817e-07
F1788158257,2026-08-31 06:37:37,2026-08-31 06:52:48,2026-08-31 07:10:38,26.0,5.356087002428466,39.976765620074694,False,0.0,,,B,1981.0,911.0,1070.0,solexs,6.697589503268807e-07
F1788177746,2026-08-31 12:02:26,2026-08-31 12:07:20,2026-08-31 12:22:52,34.0,4.97930524759793,59.03394428796416,False,0.0,,,B,1226.0,294.0,932.0,solexs,8.465126929032813e-07
F1788183062,2026-08-31 13:31:02,2026-08-31 15:16:03,2026-08-31 15:47:10,112.0,5.4627811213177075,129.6119632001415,False,0.0,,,C,8168.0,6301.0,1867.0,solexs,2.396870333739284e-06
F1788199485,2026-08-31 18:04:45,2026-08-31 18:25:46,2026-08-31 18:46:58,37.0,7.147450110864745,50.08780422890656,False,0.0,,,B,2533.0,1261.0,1272.0,solexs,9.113689870620098e-07
F1788203137,2026-08-31 19:05:37,2026-08-31 19:11:59,2026-08-31 19:53:29,27.0,6.817759476296061,30.815029748425456,False,0.0,,,B,2872.0,382.0,2490.0,solexs,6.921945017799407e-07
F1788209601,2026-08-31 20:53:21,2026-08-31 20:58:34,2026-08-31 21:12:34,17.0,3.918857565199028,29.787071664868982,False,0.0,,,B,1153.0,313.0,840.0,solexs,4.6218926413135106e-07
F1788213512,2026-08-31 21:58:32,2026-08-31 22:03:42,2026-08-31 22:12:16,19.0,3.761904761904762,35.03939199024681,False,0.0,,,B,824.0,310.0,514.0,solexs,5.093216705821942e-07
F1788244633,2026-09-01 06:37:13,2026-09-01 06:37:12,2026-09-01 06:46:49,17.0,4.806778587266392,25.503952376783893,False,0.0,,,B,576.0,-1.0,577.0,solexs,4.6218926413135106e-07
F1788248100,2026-09-01 07:35:00,2026-09-01 07:35:59,2026-09-01 07:38:46,19.0,5.761904761904762,24.66365638906293,False,0.0,,,B,226.0,59.0,167.0,solexs,5.093216705821942e-07
F1788265451,2026-09-01 12:24:11,2026-09-01 12:42:38,2026-09-01 13:27:36,43.0,6.777531411677752,67.75914783794906,False,0.0,,,C,3805.0,1107.0,2698.0,solexs,1.0391427984390398e-06
F1788286750,2026-09-01 18:19:10,2026-09-01 18:21:35,2026-09-01 18:24:58,17.0,3.476190476190476,32.438611800618204,False,0.0,,,B,348.0,145.0,203.0,solexs,4.6218926413135106e-07
F1788287609,2026-09-01 18:33:29,2026-09-01 18:35:04,2026-09-01 18:42:54,22.0,3.095238095238095,48.055066093902916,False,0.0,,,B,565.0,95.0,470.0,solexs,5.788663637004989e-07
F1788294531,2026-09-01 20:28:51,2026-09-01 20:36:39,2026-09-01 20:48:22,18.0,4.13472706155633,31.25384020808385,False,0.0,,,B,1171.0,468.0,703.0,solexs,4.858386174718817e-07
F1788296832,2026-09-01 21:07:12,2026-09-01 21:10:09,2026-09-01 21:22:34,365.0,5.285714285714286,699.7144481003011,False,0.0,,,C,922.0,177.0,745.0,solexs,6.723315318641624e-06
F1788302131,2026-09-01 22:35:31,2026-09-01 22:44:44,2026-09-01 23:03:43,33.0,5.129553373455812,56.554671966687344,False,0.0,,,B,1692.0,553.0,1139.0,solexs,8.247350041951388e-07
F1788304899,2026-09-01 23:21:39,2026-09-01 23:40:22,2026-09-02 00:20:28,74.0,10.410252349276739,100.53493148520741,False,0.0,,,C,3529.0,1123.0,2406.0,solexs,1.6691980436117363e-06
F1788308987,2026-09-02 00:29:47,2026-09-02 00:31:13,2026-09-02 00:47:39,23.0,5.971914264597191,28.44051531691617,False,0.0,,,B,1072.0,86.0,986.0,solexs,6.017729205999474e-07
F1788313138,2026-09-02 01:38:58,2026-09-02 01:40:00,2026-09-02 01:40:56,16.0,3.209798331749551,31.945582902040105,False,0.0,,,B,118.0,62.0,56.0,solexs,4.3836253255338715e-07
F1788354917,2026-09-02 13:15:17,2026-09-02 13:19:55,2026-09-02 13:32:31,48.0,3.714285714285714,103.82906267450369,False,0.0,,,C,1034.0,278.0,756.0,solexs,1.1438870977039946e-06
F1788363469,2026-09-02 15:37:49,2026-09-02 15:47:18,2026-09-02 16:10:40,54.0,4.488543976348854,112.05298162054345,False,0.0,,,C,1971.0,569.0,1402.0,solexs,1.2677737827074654e-06
F1788366184,2026-09-02 16:23:04,2026-09-02 16:31:27,2026-09-02 17:11:39,61.0,6.175483053531834,80.14072353228352,False,0.0,,,C,2915.0,503.0,2412.0,solexs,1.4101246304740755e-06
F1788375823,2026-09-02 19:03:43,2026-09-02 19:19:27,2026-09-02 21:48:16,2045.0,52.324516946468165,4481.1967585847115,False,0.0,,,M,9873.0,944.0,8929.0,solexs,3.0267249580233586e-05
F1788386367,2026-09-02 21:59:27,2026-09-02 22:06:21,2026-09-02 23:11:36,65.0,12.545771301868863,45.42903301354517,False,0.0,,,C,4329.0,414.0,3915.0,solexs,1.4905248997952339e-06
F1788393203,2026-09-02 23:53:23,2026-09-02 23:58:07,2026-09-03 00:10:37,25.0,5.796642382008236,35.07673517836527,False,0.0,,,B,1034.0,284.0,750.0,solexs,6.472135544461507e-07
F1788398485,2026-09-03 01:21:25,2026-09-03 01:34:57,2026-09-03 01:48:22,25.0,4.619047619047619,42.409509775417845,False,0.0,,,B,1617.0,812.0,805.0,solexs,6.472135544461507e-07
F1788407745,2026-09-03 03:55:45,2026-09-03 04:00:29,2026-09-03 04:06:16,18.0,3.9785133565621367,31.39819933150816,False,0.0,,,B,631.0,284.0,347.0,solexs,4.858386174718817e-07
F1788412243,2026-09-03 05:10:43,2026-09-03 05:12:55,2026-09-03 05:14:03,13.0,3.3809523809523805,23.39524219746833,False,0.0,,,B,200.0,132.0,68.0,solexs,3.656831126008119e-07
F1788414112,2026-09-03 05:41:52,2026-09-03 05:43:02,2026-09-03 05:46:25,22.0,3.6190476190476186,43.210158464025746,False,0.0,,,B,273.0,70.0,203.0,solexs,5.788663637004989e-07
F1788415018,2026-09-03 05:56:58,2026-09-03 06:04:58,2026-09-03 06:04:05,15.0,3.9855347904128386,24.724562506403778,False,0.0,,,B,427.0,480.0,-53.0,solexs,4.143458635377904e-07
F1788417130,2026-09-03 06:32:10,2026-09-03 06:32:50,2026-09-03 06:38:36,17.0,3.8095238095238093,30.223177797684947,False,0.0,,,B,386.0,40.0,346.0,solexs,4.6218926413135106e-07
F1788419077,2026-09-03 07:04:37,2026-09-03 07:05:53,2026-09-03 07:07:13,22.0,4.469221835075492,37.08253861222666,False,0.0,,,B,156.0,76.0,80.0,solexs,5.788663637004989e-07
F1788419714,2026-09-03 07:15:14,2026-09-03 07:13:55,2026-09-03 07:22:33,17.0,4.333333333333333,27.21236521349845,False,0.0,,,B,439.0,-79.0,518.0,solexs,4.6218926413135106e-07
F1788423990,2026-09-03 08:26:30,2026-09-03 08:28:13,2026-09-03 08:29:03,19.0,4.333333333333333,31.50905445773505,False,0.0,,,B,153.0,103.0,50.0,solexs,5.093216705821942e-07
F1788426062,2026-09-03 09:01:02,2026-09-03 08:59:47,2026-09-03 09:02:54,12.0,4.333333333333333,16.470642102906957,False,0.0,,,B,112.0,-75.0,187.0,solexs,3.4100120937110524e-07
F1788428301,2026-09-03 09:38:21,2026-09-03 09:42:34,2026-09-03 09:56:26,96.0,5.578133248864956,171.31886286391435,False,0.0,,,C,1085.0,253.0,832.0,solexs,2.0950615312854577e-06
F1788431263,2026-09-03 10:27:43,2026-09-03 10:31:03,2026-09-03 10:34:22,21.0,7.154154788301129,23.15057133500833,False,0.0,,,B,399.0,200.0,199.0,solexs,5.55827192573561e-07
F1788434265,2026-09-03 11:17:45,2026-09-03 11:18:12,2026-09-03 11:19:48,21.0,6.9393939393939394,23.845300320857085,False,0.0,,,B,123.0,27.0,96.0,solexs,5.55827192573561e-07
F1788435925,2026-09-03 11:45:25,2026-09-03 11:59:41,2026-09-03 12:19:45,221.0,7.151303980572274,361.8333941473444,False,0.0,,,C,2060.0,856.0,1204.0,solexs,4.3385620728019775e-06
F1788438860,2026-09-03 12:34:20,2026-09-03 13:04:38,2026-09-03 13:09:29,43.0,9.644124168514413,43.33304166566458,False,0.0,,,C,2109.0,1818.0,291.0,solexs,1.0391427984390398e-06
F1788442473,2026-09-03 13:34:33,2026-09-03 13:38:35,2026-09-03 14:05:07,31.0,8.17854503220357,30.470065166307727,False,0.0,,,B,1834.0,242.0,1592.0,solexs,7.809247997705754e-07
F1788446561,2026-09-03 14:42:41,2026-09-03 14:47:02,2026-09-03 15:33:58,375.0,9.952380952380953,593.7324174239504,False,0.0,,,C,3077.0,261.0,2816.0,solexs,6.883854285036714e-06
F1788452249,2026-09-03 16:17:29,2026-09-03 16:30:40,2026-09-03 16:56:13,428.0,9.974342730440291,623.3569986330587,False,0.0,,,C,2324.0,791.0,1533.0,solexs,7.726014794046209e-06
F1788455580,2026-09-03 17:13:00,2026-09-03 17:53:40,2026-09-03 18:12:39,90.0,42.857142857142854,31.109081069268736,False,0.0,,,C,3579.0,2440.0,1139.0,solexs,1.9802789127274667e-06
F1788460029,2026-09-03 18:27:09,2026-09-03 18:29:16,2026-09-03 19:14:55,130.0,42.75377468060395,59.60051835757793,False,0.0,,,C,2866.0,127.0,2739.0,solexs,2.729938457433488e-06
F1788463714,2026-09-03 19:28:34,2026-09-03 19:31:40,2026-09-03 19:46:46,84.0,39.047619047619044,32.17143393509506,False,0.0,,,C,1092.0,186.0,906.0,solexs,1.864519939124312e-06
F1788465539,2026-09-03 19:58:59,2026-09-03 20:05:23,2026-09-03 21:40:07,167.0,42.666666666666664,85.12521414559458,False,0.0,,,C,6068.0,384.0,5684.0,solexs,3.397167848708544e-06
F1788472596,2026-09-03 21:56:36,2026-09-03 22:05:31,2026-09-03 22:11:10,52.0,24.333333333333336,25.082512236443222,False,0.0,,,C,874.0,535.0,339.0,solexs,1.2266824364751102e-06
F1788473910,2026-09-03 22:18:30,2026-09-03 22:57:49,2026-09-03 23:23:44,78.0,27.747650723260477,39.44320069279575,False,0.0,,,C,3914.0,2359.0,1555.0,solexs,1.747705529001579e-06
F1788478628,2026-09-03 23:37:08,2026-09-03 23:44:05,2026-09-04 00:16:52,72.0,22.26206314011192,43.34243247421951,False,0.0,,,C,2384.0,417.0,1967.0,solexs,1.6297435634242153e-06
F1788481470,2026-09-04 00:24:30,2026-09-04 00:26:23,2026-09-04 00:26:33,37.0,19.142857142857146,18.252551885142783,False,0.0,,,B,123.0,113.0,10.0,solexs,9.113689870620098e-07
F1788481987,2026-09-04 00:33:07,2026-09-04 00:39:21,2026-09-04 00:48:43,47.0,19.142857142857146,28.47398094082274,False,0.0,,,C,936.0,374.0,562.0,solexs,1.1230537769694857e-06
F1788483503,2026-09-04 00:58:23,2026-09-04 01:05:08,2026-09-04 01:14:38,40.0,15.15637208320135,28.473199239186123,False,0.0,,,B,975.0,405.0,570.0,solexs,9.755603409095623e-07
F1788487862,2026-09-04 02:11:02,2026-09-04 02:11:32,2026-09-04 02:13:34,28.0,13.904761904761905,16.904628684829206,False,0.0,,,B,152.0,30.0,122.0,solexs,7.145247849646818e-07
F1788489700,2026-09-04 02:41:40,2026-09-04 02:45:06,2026-09-04 03:19:42,45.0,15.233766233766232,33.130345177040624,False,0.0,,,C,2282.0,206.0,2076.0,solexs,1.0812166918717587e-06
F1788494730,2026-09-04 04:05:30,2026-09-04 04:56:51,2026-09-04 05:43:41,85.0,15.857142857142858,71.17181792574024,False,0.0,,,C,5891.0,3081.0,2810.0,solexs,1.883884114052155e-06
F1788502261,2026-09-04 06:11:01,2026-09-04 06:15:13,2026-09-04 06:25:10,41.0,12.710062295428148,35.33573267081052,False,0.0,,,B,849.0,252.0,597.0,solexs,9.968196385014052e-07
F1788504831,2026-09-04 06:53:51,2026-09-04 06:55:01,2026-09-04 07:08:14,26.0,9.103737725688944,24.415543692450886,False,0.0,,,B,863.0,70.0,793.0,solexs,6.697589503268807e-07
F1788508159,2026-09-04 07:49:19,2026-09-04 07:53:25,2026-09-04 08:17:24,786.0,7.904761904761904,1237.6657095076632,False,0.0,,,M,1685.0,246.0,1439.0,solexs,1.3134745612279524e-05
F1788513154,2026-09-04 09:12:34,2026-09-04 09:17:25,2026-09-04 09:37:58,35.0,13.498257839721255,26.27263744769294,False,0.0,,,B,1524.0,291.0,1233.0,solexs,8.682092054493216e-07
F1788517938,2026-09-04 10:32:18,2026-09-04 10:33:58,2026-09-04 10:38:17,32.0,12.666666666666666,24.293526680918344,False,0.0,,,B,359.0,100.0,259.0,solexs,8.028733609749356e-07
F1788518740,2026-09-04 10:45:40,2026-09-04 10:55:06,2026-09-04 11:00:13,30.0,12.285714285714285,22.601561113871167,False,0.0,,,B,873.0,566.0,307.0,solexs,7.588861532643259e-07
F1788520434,2026-09-04 11:13:54,2026-09-04 11:19:04,2026-09-04 12:40:44,372.0,20.572801182557278,448.3840578874427,False,0.0,,,C,5210.0,310.0,4900.0,solexs,6.835750317130156e-06
F1788526849,2026-09-04 13:00:49,2026-09-04 13:04:44,2026-09-04 13:21:00,84.0,12.620789779326364,87.65869915940004,False,0.0,,,C,1211.0,235.0,976.0,solexs,1.864519939124312e-06
F1788530172,2026-09-04 13:56:12,2026-09-04 14:11:56,2026-09-04 14:28:14,30.0,10.858304297328687,25.942093863943388,False,0.0,,,B,1922.0,944.0,978.0,solexs,7.588861532643259e-07
F1788535024,2026-09-04 15:17:04,2026-09-04 15:26:05,2026-09-04 16:27:40,51.0,10.523809523809524,55.79922144217707,False,0.0,,,C,4236.0,541.0,3695.0,solexs,1.2060618704286024e-06
F1788541159,2026-09-04 16:59:19,2026-09-04 16:59:29,2026-09-04 17:03:46,24.0,8.239573434695386,24.556674936201354,False,0.0,,,B,267.0,10.0,257.0,solexs,6.245533473619894e-07
F1788542517,2026-09-04 17:21:57,2026-09-04 17:21:33,2026-09-04 17:24:11,21.0,8.023651145602365,20.168011768599843,False,0.0,,,B,134.0,-24.0,158.0,solexs,5.55827192573561e-07
F1788543281,2026-09-04 17:34:41,2026-09-04 17:35:12,2026-09-04 17:44:21,19.0,6.384119945095555,21.811826805444724,False,0.0,,,B,580.0,31.0,549.0,solexs,5.093216705821942e-07
F1788548736,2026-09-04 19:05:36,2026-09-04 19:30:39,2026-09-04 20:23:26,336.0,8.019850068630557,329.4469865255909,False,0.0,,,C,4670.0,1503.0,3167.0,solexs,6.254524157581654e-06
F1788556008,2026-09-04 21:06:48,2026-09-04 21:17:44,2026-09-04 21:36:39,40.0,8.053267870341042,51.09446928715067,False,0.0,,,B,1791.0,656.0,1135.0,solexs,9.755603409095623e-07
F1788558637,2026-09-04 21:50:37,2026-09-04 22:04:23,2026-09-04 22:06:32,18.0,5.761904761904762,22.98302844751889,False,0.0,,,B,955.0,826.0,129.0,solexs,4.858386174718817e-07
F1788561538,2026-09-04 22:38:58,2026-09-04 22:41:59,2026-09-04 23:17:09,23.0,5.238095238095237,34.707061047862965,False,0.0,,,B,2291.0,181.0,2110.0,solexs,6.017729205999474e-07
F1788580211,2026-09-05 03:50:11,2026-09-05 03:53:28,2026-09-05 03:57:24,18.0,3.2771090697919965,36.323960488427964,False,0.0,,,B,433.0,197.0,236.0,solexs,4.858386174718817e-07
F1788601602,2026-09-05 09:46:42,2026-09-05 10:02:31,2026-09-05 10:14:13,23.0,5.619047619047619,32.79119254179627,False,0.0,,,B,1651.0,949.0,702.0,solexs,6.017729205999474e-07
F1788603841,2026-09-05 10:24:01,2026-09-05 10:42:58,2026-09-05 11:27:03,331.0,5.755780804561292,543.4149409642899,False,0.0,,,C,3782.0,1137.0,2645.0,solexs,6.17318953754321e-06
F1788609523,2026-09-05 11:58:43,2026-09-05 12:02:00,2026-09-05 12:39:17,56.0,4.502692429521698,110.0310493996811,False,0.0,,,C,2434.0,197.0,2237.0,solexs,1.3086723271328416e-06
F1788617452,2026-09-05 14:10:52,2026-09-05 14:11:05,2026-09-05 14:24:29,15.0,3.89441452856087,24.98199159554853,False,0.0,,,B,817.0,13.0,804.0,solexs,4.143458635377904e-07
F1788621033,2026-09-05 15:10:33,2026-09-05 15:18:33,2026-09-05 16:13:20,537.0,10.01441241685144,1192.2887601097366,False,0.0,,,C,3767.0,480.0,3287.0,solexs,9.41840585919042e-06
F1788629788,2026-09-05 17:36:28,2026-09-05 17:44:48,2026-09-05 18:31:55,445.0,7.013673318551367,709.8649301424144,False,0.0,,,C,3327.0,500.0,2827.0,solexs,7.993265266465961e-06
F1788641793,2026-09-05 20:56:33,2026-09-05 20:56:56,2026-09-05 20:59:10,12.0,3.095238095238095,22.635509721813214,False,0.0,,,B,157.0,23.0,134.0,solexs,3.4100120937110524e-07
F1788643835,2026-09-05 21:30:35,2026-09-05 21:33:07,2026-09-05 21:40:21,15.0,3.953225636152465,24.600246406928367,False,0.0,,,B,586.0,152.0,434.0,solexs,4.143458635377904e-07
F1788669366,2026-09-06 04:36:06,2026-09-06 04:36:34,2026-09-06 04:40:00,12.0,3.3789462569950377,21.03274157169821,False,0.0,,,B,234.0,28.0,206.0,solexs,3.4100120937110524e-07
F1788670243,2026-09-06 04:50:43,2026-09-06 05:06:49,2026-09-06 05:36:47,22.0,4.095238095238095,38.71162383542917,False,0.0,,,B,2764.0,966.0,1798.0,solexs,5.788663637004989e-07
F1788681596,2026-09-06 07:59:56,2026-09-06 08:00:52,2026-09-06 08:05:24,15.0,3.571428571428571,27.04493615131253,False,0.0,,,B,328.0,56.0,272.0,solexs,4.143458635377904e-07
F1788691001,2026-09-06 10:36:41,2026-09-06 10:41:53,2026-09-06 11:19:50,242.0,4.476190476190476,565.2089395030667,False,0.0,,,C,2589.0,312.0,2277.0,solexs,4.696389034556212e-06
F1788700848,2026-09-06 13:20:48,2026-09-06 13:35:11,2026-09-06 14:04:44,43.0,5.073909830007391,82.74820135303501,False,0.0,,,C,2636.0,863.0,1773.0,solexs,1.0391427984390398e-06
F1788710684,2026-09-06 16:04:44,2026-09-06 16:12:32,2026-09-06 16:20:01,26.0,5.556435434484214,38.72997247416438,False,0.0,,,B,917.0,468.0,449.0,solexs,6.697589503268807e-07
F1788757201,2026-09-07 05:00:01,2026-09-07 05:00:28,2026-09-07 05:03:06,12.0,3.385281385281385,21.112367561071768,False,0.0,,,B,185.0,27.0,158.0,solexs,3.4100120937110524e-07
F1788761248,2026-09-07 06:07:28,2026-09-07 06:19:50,2026-09-07 06:45:56,25.0,4.375673107380424,46.14359185662234,False,0.0,,,B,2308.0,742.0,1566.0,solexs,6.472135544461507e-07
F1788768257,2026-09-07 08:04:17,2026-09-07 09:00:43,2026-09-07 09:54:38,84.0,10.585524231865694,70.65668718639014,False,0.0,,,C,6621.0,3386.0,3235.0,solexs,1.864519939124312e-06
F1788776871,2026-09-07 10:27:51,2026-09-07 10:30:59,2026-09-07 10:43:20,19.0,5.921655580192166,23.122402548509946,False,0.0,,,B,929.0,188.0,741.0,solexs,5.093216705821942e-07
F1788792921,2026-09-07 14:55:21,2026-09-07 15:00:04,2026-09-07 15:10:08,22.0,2.714285714285714,52.35075456723999,False,0.0,,,B,887.0,283.0,604.0,solexs,5.788663637004989e-07
F1788809586,2026-09-07 19:33:06,2026-09-07 19:35:27,2026-09-07 19:49:27,37.0,3.3233027135466155,81.45745057744426,True,1.7833333333333334,117.0,53.50000000000001,B,981.0,141.0,840.0,solexs+cdte1,9.113689870620098e-07
F1788870060,2026-09-08 12:21:00,2026-09-08 12:23:26,2026-09-08 12:29:32,110.0,3.761904761904762,244.9578576394085,True,11.5,-4.0,345.0,C,512.0,146.0,366.0,solexs+cdte2,2.3594601419053937e-06
F1788889185,2026-09-08 17:39:45,2026-09-08 17:43:13,2026-09-08 17:52:12,123.0,3.244271988174427,296.54199043854976,True,12.583333333333334,43.0,377.5,C,747.0,208.0,539.0,solexs+cdte2,2.601155524350953e-06
F1788897901,2026-09-08 20:05:01,2026-09-08 20:08:36,2026-09-08 20:11:51,16.0,3.1428571428571423,32.43374865704013,False,0.0,,,B,410.0,215.0,195.0,solexs,4.3836253255338715e-07
F1788898635,2026-09-08 20:17:15,2026-09-08 20:21:44,2026-09-08 20:22:39,17.0,3.5473550839404497,31.70614239458249,False,0.0,,,B,324.0,269.0,55.0,solexs,4.6218926413135106e-07
F1788899865,2026-09-08 20:37:45,2026-09-08 20:43:07,2026-09-08 21:03:23,49.0,3.6666666666666665,105.87585640596714,True,2.2333333333333334,277.0,67.0,C,1538.0,322.0,1216.0,solexs+cdte2,1.164665386329856e-06
F1788902806,2026-09-08 21:26:46,2026-09-08 21:47:44,2026-09-08 22:08:31,37.0,6.142857142857142,54.64044270545339,False,0.0,,,B,2505.0,1258.0,1247.0,solexs,9.113689870620098e-07
F1788905962,2026-09-08 22:19:22,2026-09-08 22:24:06,2026-09-08 22:42:40,107.0,5.045824094604582,187.18416090676675,True,7.033333333333333,36.0,211.0,C,1398.0,284.0,1114.0,solexs+cdte2,2.3031821878898074e-06
F1788910028,2026-09-08 23:27:08,2026-09-08 23:38:07,2026-09-09 00:16:44,158.0,14.337556752190897,336.0655507625314,True,15.216666666666667,157.0,456.5,C,2976.0,659.0,2317.0,solexs+cdte2,3.2367712590216926e-06
F1788913573,2026-09-09 00:26:13,2026-09-09 00:31:06,2026-09-09 00:51:39,35.0,10.015415478830112,33.214844503065756,False,0.0,,,B,1526.0,293.0,1233.0,solexs,8.682092054493216e-07
F1788916070,2026-09-09 01:07:50,2026-09-09 01:07:32,2026-09-09 01:26:19,21.0,5.39320029563932,27.381809305760754,False,0.0,,,B,1109.0,-18.0,1127.0,solexs,5.55827192573561e-07
F1788929089,2026-09-09 04:44:49,2026-09-09 04:47:10,2026-09-09 04:48:21,14.0,2.333333333333333,34.15650255319867,False,0.0,,,B,212.0,141.0,71.0,solexs,3.901249057870534e-07
F1788933495,2026-09-09 05:58:15,2026-09-09 06:07:06,2026-09-09 06:42:33,62.0,3.1773835920177382,158.29054933199646,True,4.016666666666667,96.0,120.5,C,2658.0,531.0,2127.0,solexs+cdte2,1.430285829877857e-06
F1788944077,2026-09-09 08:54:37,2026-09-09 09:08:33,2026-09-09 10:07:04,139.0,10.533417801710485,336.2873255198745,True,11.383333333333333,243.0,341.5,C,4347.0,836.0,3511.0,solexs+cdte2,2.89423389068372e-06
F1788949604,2026-09-09 10:26:44,2026-09-09 10:31:47,2026-09-09 10:57:39,137.0,9.508974765072326,183.8351585719648,True,12.3,17.0,369.0,C,1855.0,303.0,1552.0,solexs+cdte2,2.857843598138739e-06
F1789000180,2026-09-10 00:29:40,2026-09-10 00:43:57,2026-09-10 01:44:09,45.0,4.784500052792735,92.05602910932055,False,0.0,,,C,4469.0,857.0,3612.0,solexs,1.0812166918717587e-06
F1789026224,2026-09-10 07:43:44,2026-09-10 07:46:09,2026-09-10 07:52:40,18.0,2.571428571428571,43.02822993603817,False,0.0,,,B,536.0,145.0,391.0,solexs,4.858386174718817e-07
F1789048108,2026-09-10 13:48:28,2026-09-10 13:54:00,2026-09-10 13:53:41,16.0,3.571428571428571,29.411368064552377,False,0.0,,,B,313.0,332.0,-19.0,solexs,4.3836253255338715e-07
F1789059475,2026-09-10 16:57:55,2026-09-10 17:11:09,2026-09-10 17:33:48,52.0,4.580244958293738,102.89313767669161,False,0.0,,,C,2153.0,794.0,1359.0,solexs,1.2266824364751102e-06
F1789063261,2026-09-10 18:01:01,2026-09-10 18:06:43,2026-09-10 18:34:02,39.0,7.210537430049625,46.87132822176322,False,0.0,,,B,1981.0,342.0,1639.0,solexs,9.542334558471005e-07
F1789066909,2026-09-10 19:01:49,2026-09-10 19:03:11,2026-09-10 19:05:06,17.0,4.19047619047619,27.98441897963411,False,0.0,,,B,197.0,82.0,115.0,solexs,4.6218926413135106e-07
F1789070583,2026-09-10 20:03:03,2026-09-10 20:06:47,2026-09-10 20:13:14,24.0,3.4285714285714284,49.68472027264951,True,1.6666666666666667,77.0,50.0,B,611.0,224.0,387.0,solexs+cdte1,6.245533473619894e-07
F1789078180,2026-09-10 22:09:40,2026-09-10 22:11:44,2026-09-10 22:12:54,11.0,2.221428571428571,26.34041835189197,False,0.0,,,B,194.0,124.0,70.0,solexs,3.160564760718753e-07
F1789083302,2026-09-10 23:35:02,2026-09-10 23:35:36,2026-09-10 23:39:56,15.0,2.4285714285714284,36.07648271439466,False,0.0,,,B,294.0,34.0,260.0,solexs,4.143458635377904e-07
F1789089129,2026-09-11 01:12:09,2026-09-11 01:15:30,2026-09-11 01:16:23,19.0,2.5238095238095237,46.38136379471093,False,0.0,,,B,254.0,201.0,53.0,solexs,5.093216705821942e-07
F1789095114,2026-09-11 02:51:54,2026-09-11 02:59:36,2026-09-11 03:11:51,19.0,3.9780382219406603,33.40633583628252,False,0.0,,,B,1197.0,462.0,735.0,solexs,5.093216705821942e-07
F1789135241,2026-09-11 14:00:41,2026-09-11 14:02:42,2026-09-11 14:07:27,15.0,2.3102101150881635,37.53690469495446,False,0.0,,,B,406.0,121.0,285.0,solexs,4.143458635377904e-07
F1789163278,2026-09-11 21:47:58,2026-09-11 21:48:30,2026-09-11 22:01:11,16.0,2.6666666666666665,36.51483716701108,False,0.0,,,B,793.0,32.0,761.0,solexs,4.3836253255338715e-07
F1789165838,2026-09-11 22:30:38,2026-09-11 22:36:44,2026-09-11 22:55:05,23.0,3.397001372611128,51.77671741037012,False,0.0,,,B,1467.0,366.0,1101.0,solexs,6.017729205999474e-07
F1789168277,2026-09-11 23:11:17,2026-09-11 23:14:29,2026-09-11 23:24:59,25.0,5.436595924400802,36.633977237661036,False,0.0,,,B,822.0,192.0,630.0,solexs,6.472135544461507e-07
F1789169897,2026-09-11 23:38:17,2026-09-11 23:39:03,2026-09-11 23:41:33,15.0,3.6190476190476186,26.754476354668792,False,0.0,,,B,196.0,46.0,150.0,solexs,4.143458635377904e-07
F1789190521,2026-09-12 05:22:01,2026-09-12 05:24:39,2026-09-12 05:40:14,15.0,2.761904761904762,32.93248305344863,False,0.0,,,B,1093.0,158.0,935.0,solexs,4.143458635377904e-07
F1789192008,2026-09-12 05:46:48,2026-09-12 05:49:11,2026-09-12 05:56:15,16.0,4.7142857142857135,23.24535051029174,False,0.0,,,B,567.0,143.0,424.0,solexs,4.3836253255338715e-07
F1789198641,2026-09-12 07:37:21,2026-09-12 07:38:51,2026-09-12 07:47:46,18.0,3.129078238834336,38.071666149822136,False,0.0,,,B,625.0,90.0,535.0,solexs,4.858386174718817e-07
F1789213724,2026-09-12 11:48:44,2026-09-12 11:59:08,2026-09-12 12:12:49,30.0,2.8590961883644805,73.13217766253324,True,1.2166666666666666,458.0,36.5,B,1445.0,624.0,821.0,solexs+cdte1,7.588861532643259e-07
F1789220338,2026-09-12 13:38:58,2026-09-12 13:45:57,2026-09-12 14:06:29,17.0,2.8487224157955864,38.141965577727326,False,0.0,,,B,1651.0,419.0,1232.0,solexs,4.6218926413135106e-07
F1789229409,2026-09-12 16:10:09,2026-09-12 16:12:56,2026-09-12 16:40:11,35.0,2.5238095238095237,96.06586695414138,False,0.0,,,B,1802.0,167.0,1635.0,solexs,8.682092054493216e-07
F1789233392,2026-09-12 17:16:32,2026-09-12 17:20:34,2026-09-12 18:10:11,312.0,5.134040755991975,741.1517043309557,True,38.516666666666666,124.0,1155.5,C,3219.0,242.0,2977.0,solexs+cdte2,5.862670718669436e-06
F1789237709,2026-09-12 18:28:29,2026-09-12 18:31:09,2026-09-12 18:41:59,24.0,4.904761904761905,38.55947486899825,False,0.0,,,B,810.0,160.0,650.0,solexs,6.245533473619894e-07
F1789252306,2026-09-12 22:31:46,2026-09-12 22:30:04,2026-09-12 22:34:25,12.0,2.621428571428571,25.74507609211781,False,0.0,,,B,159.0,-102.0,261.0,solexs,3.4100120937110524e-07
F1789254053,2026-09-12 23:00:53,2026-09-12 23:24:24,2026-09-12 23:34:35,36.0,2.992925773413578,78.10553022938956,False,0.0,,,B,2022.0,1411.0,611.0,solexs,8.898271515792934e-07
F1789269588,2026-09-13 03:19:48,2026-09-13 03:22:45,2026-09-13 03:23:54,16.0,2.714285714285714,36.06385314632089,False,0.0,,,B,246.0,177.0,69.0,solexs,4.3836253255338715e-07
F1789279502,2026-09-13 06:05:02,2026-09-13 06:07:17,2026-09-13 06:12:06,15.0,2.5189525921233233,35.47104687331393,False,0.0,,,B,424.0,135.0,289.0,solexs,4.143458635377904e-07
F1789296397,2026-09-13 10:46:37,2026-09-13 10:49:11,2026-09-13 10:56:08,18.0,2.825836764861155,40.468376023602126,False,0.0,,,B,571.0,154.0,417.0,solexs,4.858386174718817e-07
F1789306482,2026-09-13 13:34:42,2026-09-13 13:37:33,2026-09-13 13:38:27,12.0,2.714285714285714,25.205918865708146,False,0.0,,,B,225.0,171.0,54.0,solexs,3.4100120937110524e-07
F1789322206,2026-09-13 17:56:46,2026-09-13 18:00:37,2026-09-13 18:15:33,33.0,2.529722310210115,86.59630981734253,True,1.2666666666666666,67.0,38.0,B,1127.0,231.0,896.0,solexs+cdte1,8.247350041951388e-07
F1789326793,2026-09-13 19:13:13,2026-09-13 20:01:13,2026-09-13 20:49:02,59.0,12.560975609756095,48.82360824460448,False,0.0,,,C,5749.0,2880.0,2869.0,solexs,1.3696754273924648e-06
F1789333531,2026-09-13 21:05:31,2026-09-13 21:12:53,2026-09-13 21:27:53,29.0,7.095238095238095,36.776470585829735,False,0.0,,,B,1342.0,442.0,900.0,solexs,7.367540289860129e-07
F1789374788,2026-09-14 08:33:08,2026-09-14 08:33:47,2026-09-14 08:44:53,13.0,2.8578819554429304,26.229335314945676,False,0.0,,,B,705.0,39.0,666.0,solexs,3.656831126008119e-07
F1789381546,2026-09-14 10:25:46,2026-09-14 11:04:46,2026-09-14 11:09:47,29.0,5.761904761904761,30.903131395334814,False,0.0,,,B,2641.0,2340.0,301.0,solexs,7.367540289860129e-07
F1789384972,2026-09-14 11:22:52,2026-09-14 11:23:49,2026-09-14 11:35:37,29.0,11.856878893464259,21.664266385472374,False,0.0,,,B,765.0,57.0,708.0,solexs,7.367540289860129e-07
F1789387454,2026-09-14 12:04:14,2026-09-14 12:08:51,2026-09-14 12:18:28,28.0,7.87382536163024,31.29893037638725,False,0.0,,,B,854.0,277.0,577.0,solexs,7.145247849646818e-07
F1789396321,2026-09-14 14:32:01,2026-09-14 14:34:30,2026-09-14 14:52:52,37.0,2.8571428571428568,82.4720389014093,True,1.2,120.0,36.0,B,1251.0,149.0,1102.0,solexs+cdte1,9.113689870620098e-07
F1789484610,2026-09-15 15:03:30,2026-09-15 15:18:19,2026-09-15 15:22:22,19.0,2.3108436279167983,47.112126687048566,False,0.0,,,B,1132.0,889.0,243.0,solexs,5.093216705821942e-07
F1789605416,2026-09-17 00:36:56,2026-09-17 00:41:26,2026-09-17 01:12:44,17.0,3.03273149614613,30.585061546533343,False,0.0,,,B,2148.0,270.0,1878.0,solexs,4.6218926413135106e-07
